q1_cut,removed_images,n_removed,min_answers,n_subjects,spearman_r,spearman_p,fdr_bh,nominal_sig,fdr_sig
65,,0,0,44,0.20226434798921936,0.18793830883918086,0.7506525013658502,False,False
65,,0,1,44,0.20226434798921936,0.18793830883918086,0.7506525013658502,False,False
65,,0,2,44,0.20226434798921936,0.18793830883918086,0.7506525013658502,False,False
65,,0,3,42,0.17371619262429194,0.2712339163092313,0.7506525013658502,False,False
65,,0,4,42,0.17371619262429194,0.2712339163092313,0.7506525013658502,False,False
65,,0,5,42,0.17371619262429194,0.2712339163092313,0.7506525013658502,False,False
65,,0,6,42,0.17371619262429194,0.2712339163092313,0.7506525013658502,False,False
65,,0,7,41,0.18135050084529852,0.25648470028675385,0.7506525013658502,False,False
65,,0,8,37,0.1633582296255516,0.33400695071679265,0.7506525013658502,False,False
65,,0,9,35,0.1771074403002685,0.3087712405849561,0.7506525013658502,False,False
65,,0,10,34,0.17118854362770114,0.33303118072054727,0.7506525013658502,False,False
65,1,1,0,44,0.15961910259149234,0.3006844560793198,0.7506525013658502,False,False
65,1,1,1,44,0.15961910259149234,0.3006844560793198,0.7506525013658502,False,False
65,1,1,2,43,0.15711799950113348,0.3143199257529589,0.7506525013658502,False,False
65,1,1,3,42,0.1346788459671477,0.3951237808976687,0.7506525013658502,False,False
65,1,1,4,42,0.1346788459671477,0.3951237808976687,0.7506525013658502,False,False
65,1,1,5,42,0.1346788459671477,0.3951237808976687,0.7506525013658502,False,False
65,1,1,6,41,0.16963354466725125,0.28900715368838287,0.7506525013658502,False,False
65,1,1,7,37,0.1424331579995712,0.40037578802933727,0.7506525013658502,False,False
65,1,1,8,35,0.16938269072333373,0.3306818287485285,0.7506525013658502,False,False
65,1,1,9,34,0.15739537538554077,0.37400535289453685,0.7506525013658502,False,False
65,1,1,10,0,,,,False,False
65,2,1,0,44,0.219944797988277,0.15140596260606762,0.7506525013658502,False,False
65,2,1,1,44,0.219944797988277,0.15140596260606762,0.7506525013658502,False,False
65,2,1,2,43,0.19963749634882091,0.19931673206500647,0.7506525013658502,False,False
65,2,1,3,42,0.19225893228643548,0.22254183445367043,0.7506525013658502,False,False
65,2,1,4,42,0.19225893228643548,0.22254183445367043,0.7506525013658502,False,False
65,2,1,5,42,0.19225893228643548,0.22254183445367043,0.7506525013658502,False,False
65,2,1,6,41,0.16097698749093278,0.31467737690557546,0.7506525013658502,False,False
65,2,1,7,37,0.14362208252377462,0.3964137836317372,0.7506525013658502,False,False
65,2,1,8,35,0.15646129143100646,0.3694167634794616,0.7506525013658502,False,False
65,2,1,9,34,0.14559455366724802,0.4113093566730042,0.7506525013658502,False,False
65,2,1,10,0,,,,False,False
65,3,1,0,44,0.18147213879032756,0.2384318278011589,0.7506525013658502,False,False
65,3,1,1,44,0.18147213879032756,0.2384318278011589,0.7506525013658502,False,False
65,3,1,2,43,0.1859949690187079,0.23241334957857873,0.7506525013658502,False,False
65,3,1,3,42,0.16851121307000602,0.2860749142517119,0.7506525013658502,False,False
65,3,1,4,42,0.16851121307000602,0.2860749142517119,0.7506525013658502,False,False
65,3,1,5,42,0.16851121307000602,0.2860749142517119,0.7506525013658502,False,False
65,3,1,6,41,0.19123121762230852,0.23103330061877106,0.7506525013658502,False,False
65,3,1,7,39,0.22523605783441927,0.16801075066046436,0.7506525013658502,False,False
65,3,1,8,35,0.186798489769514,0.2826108560495991,0.7506525013658502,False,False
65,3,1,9,34,0.18222307822142939,0.3023258158347561,0.7506525013658502,False,False
65,3,1,10,0,,,,False,False
65,4,1,0,44,0.24993084118667877,0.10179548483894592,0.7506525013658502,False,False
65,4,1,1,44,0.24993084118667877,0.10179548483894592,0.7506525013658502,False,False
65,4,1,2,44,0.24993084118667877,0.10179548483894592,0.7506525013658502,False,False
65,4,1,3,42,0.22527802133393665,0.15145180323951235,0.7506525013658502,False,False
65,4,1,4,42,0.22527802133393665,0.15145180323951235,0.7506525013658502,False,False
65,4,1,5,42,0.22527802133393665,0.15145180323951235,0.7506525013658502,False,False
65,4,1,6,41,0.2223598474684639,0.16231410498827373,0.7506525013658502,False,False
65,4,1,7,37,0.21127188795094992,0.20939359254620665,0.7506525013658502,False,False
65,4,1,8,36,0.1584521405282975,0.3560019212991737,0.7506525013658502,False,False
65,4,1,9,34,0.22498189977212643,0.2008039652684693,0.7506525013658502,False,False
65,4,1,10,0,,,,False,False
65,5,1,0,44,0.22284439178812243,0.14595100572647277,0.7506525013658502,False,False
65,5,1,1,44,0.22284439178812243,0.14595100572647277,0.7506525013658502,False,False
65,5,1,2,44,0.22284439178812243,0.14595100572647277,0.7506525013658502,False,False
65,5,1,3,42,0.19185229325875688,0.22354033158396291,0.7506525013658502,False,False
65,5,1,4,42,0.19185229325875688,0.22354033158396291,0.7506525013658502,False,False
65,5,1,5,42,0.19185229325875688,0.22354033158396291,0.7506525013658502,False,False
65,5,1,6,41,0.25401311714348707,0.10902562358870715,0.7506525013658502,False,False
65,5,1,7,37,0.21650315585744503,0.19807142829440574,0.7506525013658502,False,False
65,5,1,8,37,0.21650315585744503,0.19807142829440574,0.7506525013658502,False,False
65,5,1,9,34,0.23095893934372927,0.1887827758677545,0.7506525013658502,False,False
65,5,1,10,0,,,,False,False
65,6,1,0,44,0.24505103698693884,0.10888133708740987,0.7506525013658502,False,False
65,6,1,1,44,0.24505103698693884,0.10888133708740987,0.7506525013658502,False,False
65,6,1,2,44,0.24505103698693884,0.10888133708740987,0.7506525013658502,False,False
65,6,1,3,42,0.21747055200250778,0.16652400655029306,0.7506525013658502,False,False
65,6,1,4,42,0.21747055200250778,0.16652400655029306,0.7506525013658502,False,False
65,6,1,5,42,0.21747055200250778,0.16652400655029306,0.7506525013658502,False,False
65,6,1,6,41,0.19980033482714904,0.21040362485298245,0.7506525013658502,False,False
65,6,1,7,38,0.1956856474700801,0.23902930331269984,0.7506525013658502,False,False
65,6,1,8,35,0.16460739098486493,0.3446942475783252,0.7506525013658502,False,False
65,6,1,9,34,0.15540302886167318,0.3801593653726483,0.7506525013658502,False,False
65,6,1,10,0,,,,False,False
65,7,1,0,44,0.13019883379306044,0.3995793853975525,0.7506525013658502,False,False
65,7,1,1,44,0.13019883379306044,0.3995793853975525,0.7506525013658502,False,False
65,7,1,2,44,0.13019883379306044,0.3995793853975525,0.7506525013658502,False,False
65,7,1,3,42,0.09539751589339628,0.5478653450340388,0.7642468984047789,False,False
65,7,1,4,42,0.09539751589339628,0.5478653450340388,0.7642468984047789,False,False
65,7,1,5,42,0.09539751589339628,0.5478653450340388,0.7642468984047789,False,False
65,7,1,6,42,0.09539751589339628,0.5478653450340388,0.7642468984047789,False,False
65,7,1,7,39,0.178714729697163,0.2763506219241782,0.7506525013658502,False,False
65,7,1,8,35,0.1285117429617333,0.4618930378218143,0.7510354628300103,False,False
65,7,1,9,34,0.11754844490818867,0.5079180291737286,0.7558559619392049,False,False
65,7,1,10,0,,,,False,False
65,8,1,0,44,0.2123068435886841,0.16648912721330802,0.7506525013658502,False,False
65,8,1,1,44,0.2123068435886841,0.16648912721330802,0.7506525013658502,False,False
65,8,1,2,44,0.2123068435886841,0.16648912721330802,0.7506525013658502,False,False
65,8,1,3,42,0.18315021806643514,0.24564960111158887,0.7506525013658502,False,False
65,8,1,4,42,0.18315021806643514,0.24564960111158887,0.7506525013658502,False,False
65,8,1,5,42,0.18315021806643514,0.24564960111158887,0.7506525013658502,False,False
65,8,1,6,42,0.18315021806643514,0.24564960111158887,0.7506525013658502,False,False
65,8,1,7,38,0.09776743159812036,0.5592551743364969,0.7689132802034692,False,False
65,8,1,8,35,0.16362424103870962,0.34762333738589196,0.7506525013658502,False,False
65,8,1,9,35,0.16362424103870962,0.34762333738589196,0.7506525013658502,False,False
65,8,1,10,0,,,,False,False
65,9,1,0,44,0.17164180859085154,0.26525402808866577,0.7506525013658502,False,False
65,9,1,1,44,0.17164180859085154,0.26525402808866577,0.7506525013658502,False,False
65,9,1,2,44,0.17164180859085154,0.26525402808866577,0.7506525013658502,False,False
65,9,1,3,42,0.14167303724321936,0.37080647129883215,0.7506525013658502,False,False
65,9,1,4,42,0.14167303724321936,0.37080647129883215,0.7506525013658502,False,False
65,9,1,5,42,0.14167303724321936,0.37080647129883215,0.7506525013658502,False,False
65,9,1,6,42,0.14167303724321936,0.37080647129883215,0.7506525013658502,False,False
65,9,1,7,40,0.12110719913754361,0.4566300104742626,0.7510354628300103,False,False
65,9,1,8,36,0.19406169530541584,0.25675267466014745,0.7506525013658502,False,False
65,9,1,9,34,0.12689714782787512,0.4745141359034775,0.7510354628300103,False,False
65,9,1,10,0,,,,False,False
65,10,1,0,44,0.18302801839024468,0.2343622096919636,0.7506525013658502,False,False
65,10,1,1,44,0.18302801839024468,0.2343622096919636,0.7506525013658502,False,False
65,10,1,2,43,0.15774013943007406,0.312383330383421,0.7506525013658502,False,False
65,10,1,3,42,0.15354689685143405,0.33162785650646076,0.7506525013658502,False,False
65,10,1,4,42,0.15354689685143405,0.33162785650646076,0.7506525013658502,False,False
65,10,1,5,42,0.15354689685143405,0.33162785650646076,0.7506525013658502,False,False
65,10,1,6,42,0.15354689685143405,0.33162785650646076,0.7506525013658502,False,False
65,10,1,7,40,0.13898627282529286,0.3923769298085189,0.7506525013658502,False,False
65,10,1,8,35,0.16474784097717285,0.3442770355815293,0.7506525013658502,False,False
65,10,1,9,34,0.14957924671498327,0.39848458352928334,0.7506525013658502,False,False
65,10,1,10,0,,,,False,False
65,1;2,2,0,44,0.1655597337911757,0.28281507566723163,0.7506525013658502,False,False
65,1;2,2,1,44,0.1655597337911757,0.28281507566723163,0.7506525013658502,False,False
65,1;2,2,2,42,0.14053444796571932,0.3747029634548673,0.7506525013658502,False,False
65,1;2,2,3,42,0.14053444796571932,0.3747029634548673,0.7506525013658502,False,False
65,1;2,2,4,42,0.14053444796571932,0.3747029634548673,0.7506525013658502,False,False
65,1;2,2,5,41,0.1263507587856588,0.4311752095431357,0.7509041397983071,False,False
65,1;2,2,6,37,0.10700320717830891,0.5284660889927455,0.760535689565614,False,False
65,1;2,2,7,35,0.11432629373863488,0.5131444987208412,0.756979384639706,False,False
65,1;2,2,8,34,0.1008433855926834,0.5703958842437475,0.7709077668143348,False,False
65,1;2,2,9,0,,,,False,False
65,1;2,2,10,0,,,,False,False
65,1;3,2,0,43,0.1568148292174844,0.3152663819143018,0.7506525013658502,False,False
65,1;3,2,1,43,0.1568148292174844,0.3152663819143018,0.7506525013658502,False,False
65,1;3,2,2,43,0.1568148292174844,0.3152663819143018,0.7506525013658502,False,False
65,1;3,2,3,42,0.1385825806328621,0.38143903976019,0.7506525013658502,False,False
65,1;3,2,4,42,0.1385825806328621,0.38143903976019,0.7506525013658502,False,False
65,1;3,2,5,41,0.17391810326967155,0.2768185006911617,0.7506525013658502,False,False
65,1;3,2,6,39,0.1801482265997564,0.2724531214360827,0.7506525013658502,False,False
65,1;3,2,7,35,0.16727594083871516,0.33681984949704324,0.7506525013658502,False,False
65,1;3,2,8,34,0.16475173178135963,0.35179619731681017,0.7506525013658502,False,False
65,1;3,2,9,0,,,,False,False
65,1;3,2,10,0,,,,False,False
65,1;4,2,0,44,0.18826143158996572,0.22102263593980692,0.7506525013658502,False,False
65,1;4,2,1,44,0.18826143158996572,0.22102263593980692,0.7506525013658502,False,False
65,1;4,2,2,43,0.1859949690187079,0.23241334957857873,0.7506525013658502,False,False
65,1;4,2,3,42,0.16517677304304162,0.2958545464271091,0.7506525013658502,False,False
65,1;4,2,4,42,0.16517677304304162,0.2958545464271091,0.7506525013658502,False,False
65,1;4,2,5,41,0.18353650013224762,0.2506990038480525,0.7506525013658502,False,False
65,1;4,2,6,37,0.1547979730512869,0.3602901609631,0.7506525013658502,False,False
65,1;4,2,7,36,0.10490357512174746,0.5425960953637958,0.7629132098466005,False,False
65,1;4,2,8,34,0.17501997925052346,0.3221595775217734,0.7506525013658502,False,False
65,1;4,2,9,0,,,,False,False
65,1;4,2,10,0,,,,False,False
65,1;5,2,0,44,0.17843110139048965,0.24652422186037737,0.7506525013658502,False,False
65,1;5,2,1,44,0.17843110139048965,0.24652422186037737,0.7506525013658502,False,False
65,1;5,2,2,43,0.17735461593470925,0.2552165594287796,0.7506525013658502,False,False
65,1;5,2,3,42,0.151839012935184,0.33709862992565565,0.7506525013658502,False,False
65,1;5,2,4,42,0.151839012935184,0.33709862992565565,0.7506525013658502,False,False
65,1;5,2,5,41,0.22323424718324353,0.16062622169746527,0.7506525013658502,False,False
65,1;5,2,6,37,0.18000317296439966,0.2863900474677214,0.7506525013658502,False,False
65,1;5,2,7,37,0.18000317296439966,0.2863900474677214,0.7506525013658502,False,False
65,1;5,2,8,34,0.1981618504123702,0.2612515375124982,0.7506525013658502,False,False
65,1;5,2,9,0,,,,False,False
65,1;5,2,10,0,,,,False,False
65,1;6,2,0,44,0.18387667999019944,0.23216252320845376,0.7506525013658502,False,False
65,1;6,2,1,44,0.18387667999019944,0.23216252320845376,0.7506525013658502,False,False
65,1;6,2,2,43,0.18235692561491906,0.24183882641969232,0.7506525013658502,False,False
65,1;6,2,3,42,0.15883320421125569,0.3150468852142619,0.7506525013658502,False,False
65,1;6,2,4,42,0.15883320421125569,0.3150468852142619,0.7506525013658502,False,False
65,1;6,2,5,41,0.1670103455229123,0.2966384611957822,0.7506525013658502,False,False
65,1;6,2,6,38,0.1482467026288486,0.37440687662959155,0.7506525013658502,False,False
65,1;6,2,7,35,0.11797799353864043,0.49968707174945154,0.7558129676892907,False,False
65,1;6,2,8,34,0.11203117761132456,0.5281681275920528,0.760535689565614,False,False
65,1;6,2,9,0,,,,False,False
65,1;6,2,10,0,,,,False,False
65,1;7,2,0,44,0.040735756797828794,0.7929047943968245,0.8803486865361391,False,False
65,1;7,2,1,44,0.040735756797828794,0.7929047943968245,0.8803486865361391,False,False
65,1;7,2,2,43,0.03137812435767933,0.8416791975839815,0.9067512986500851,False,False
65,1;7,2,3,42,0.004147718082321577,0.9792021753610506,0.9885252446861921,False,False
65,1;7,2,4,42,0.004147718082321577,0.9792021753610506,0.9885252446861921,False,False
65,1;7,2,5,42,0.004147718082321577,0.9792021753610506,0.9885252446861921,False,False
65,1;7,2,6,39,0.1243277101363085,0.4507904027386177,0.7509923134248312,False,False
65,1;7,2,7,35,0.06306204654624946,0.7189298613109569,0.8379928776424039,False,False
65,1;7,2,8,34,0.0545596432689898,0.7592518554212807,0.8606163324497109,False,False
65,1;7,2,9,0,,,,False,False
65,1;7,2,10,0,,,,False,False
65,1;8,2,0,44,0.16393313239126242,0.287637391897884,0.7506525013658502,False,False
65,1;8,2,1,44,0.16393313239126242,0.287637391897884,0.7506525013658502,False,False
65,1;8,2,2,43,0.16310561260320272,0.2959966568570416,0.7506525013658502,False,False
65,1;8,2,3,42,0.1385825806328621,0.38143903976019,0.7506525013658502,False,False
65,1;8,2,4,42,0.1385825806328621,0.38143903976019,0.7506525013658502,False,False
65,1;8,2,5,42,0.1385825806328621,0.38143903976019,0.7506525013658502,False,False
65,1;8,2,6,38,0.08449037298602993,0.6140235145975078,0.7848162741636515,False,False
65,1;8,2,7,35,0.13778144245405505,0.4299378085601451,0.7508724417021384,False,False
65,1;8,2,8,35,0.13778144245405505,0.4299378085601451,0.7508724417021384,False,False
65,1;8,2,9,0,,,,False,False
65,1;8,2,10,0,,,,False,False
65,1;9,2,0,44,0.11195260939403297,0.4693664183658255,0.7510354628300103,False,False
65,1;9,2,1,44,0.11195260939403297,0.4693664183658255,0.7510354628300103,False,False
65,1;9,2,2,43,0.10823179126272003,0.4896639438088458,0.7550319149425593,False,False
65,1;9,2,3,42,0.08254772261875296,0.6032628216550037,0.7816886922645369,False,False
65,1;9,2,4,42,0.08254772261875296,0.6032628216550037,0.7816886922645369,False,False
65,1;9,2,5,42,0.08254772261875296,0.6032628216550037,0.7816886922645369,False,False
65,1;9,2,6,40,0.091841978522333,0.5730031843676026,0.7712268365394804,False,False
65,1;9,2,7,36,0.16049147522596932,0.34976494262461627,0.7506525013658502,False,False
65,1;9,2,8,34,0.0876632470501746,0.6220185879415845,0.7881724805538683,False,False
65,1;9,2,9,0,,,,False,False
65,1;9,2,10,0,,,,False,False
65,1;10,2,0,44,0.12029778179358816,0.4366727279175882,0.7509041397983071,False,False
65,1;10,2,1,44,0.12029778179358816,0.4366727279175882,0.7509041397983071,False,False
65,1;10,2,2,42,0.08897261925607461,0.5752608888117475,0.7715780873298177,False,False
65,1;10,2,3,42,0.08897261925607461,0.5752608888117475,0.7715780873298177,False,False
65,1;10,2,4,42,0.08897261925607461,0.5752608888117475,0.7715780873298177,False,False
65,1;10,2,5,42,0.08897261925607461,0.5752608888117475,0.7715780873298177,False,False
65,1;10,2,6,40,0.09579419481120388,0.5565330422216488,0.7674034743810524,False,False
65,1;10,2,7,35,0.1068824441463159,0.5411232013721657,0.7617139839663644,False,False
65,1;10,2,8,34,0.09118816782317114,0.6080239445445395,0.7823818792076049,False,False
65,1;10,2,9,0,,,,False,False
65,1;10,2,10,0,,,,False,False
65,2;3,2,0,44,0.1844424543901693,0.23070393633640823,0.7506525013658502,False,False
65,2;3,2,1,44,0.1844424543901693,0.23070393633640823,0.7506525013658502,False,False
65,2;3,2,2,42,0.1768066492346492,0.2626666035391471,0.7506525013658502,False,False
65,2;3,2,3,42,0.1768066492346492,0.2626666035391471,0.7506525013658502,False,False
65,2;3,2,4,42,0.1768066492346492,0.2626666035391471,0.7506525013658502,False,False
65,2;3,2,5,41,0.15048419091357704,0.34766240874155263,0.7506525013658502,False,False
65,2;3,2,6,39,0.18370244753041678,0.26294587863308216,0.7506525013658502,False,False
65,2;3,2,7,35,0.14845564186945584,0.3947085681221799,0.7506525013658502,False,False
65,2;3,2,8,34,0.15494325658693447,0.38158788872102084,0.7506525013658502,False,False
65,2;3,2,9,0,,,,False,False
65,2;3,2,10,0,,,,False,False
65,2;4,2,0,44,0.2378374133873233,0.12003665762535436,0.7506525013658502,False,False
65,2;4,2,1,44,0.2378374133873233,0.12003665762535436,0.7506525013658502,False,False
65,2;4,2,2,43,0.21676010514382416,0.1626633506623426,0.7506525013658502,False,False
65,2;4,2,3,42,0.20966308267107894,0.18265209341965843,0.7506525013658502,False,False
65,2;4,2,4,42,0.20966308267107894,0.18265209341965843,0.7506525013658502,False,False
65,2;4,2,5,41,0.17566690269923083,0.2719417665555445,0.7506525013658502,False,False
65,2;4,2,6,37,0.17881424844019622,0.28963779355310804,0.7506525013658502,False,False
65,2;4,2,7,36,0.12335524946665506,0.4735249726503763,0.7510354628300103,False,False
65,2;4,2,8,34,0.17670581092456522,0.31744677735242505,0.7506525013658502,False,False
65,2;4,2,9,0,,,,False,False
65,2;4,2,10,0,,,,False,False
65,2;5,2,0,44,0.22270294818813002,0.14621369046694146,0.7506525013658502,False,False
65,2;5,2,1,44,0.22270294818813002,0.14621369046694146,0.7506525013658502,False,False
65,2;5,2,2,43,0.20009207888320152,0.19827426359494005,0.7506525013658502,False,False
65,2;5,2,3,42,0.1967319615908999,0.21176078225966757,0.7506525013658502,False,False
65,2;5,2,4,42,0.1967319615908999,0.21176078225966757,0.7506525013658502,False,False
65,2;5,2,5,41,0.22638208615645028,0.1546553653877512,0.7506525013658502,False,False
65,2;5,2,6,37,0.2037816634484683,0.22637304277753928,0.7506525013658502,False,False
65,2;5,2,7,37,0.2037816634484683,0.22637304277753928,0.7506525013658502,False,False
65,2;5,2,8,34,0.20950289985592427,0.23437647583677249,0.7506525013658502,False,False
65,2;5,2,9,0,,,,False,False
65,2;5,2,10,0,,,,False,False
65,2;6,2,0,44,0.22008624158826945,0.15113644352648276,0.7506525013658502,False,False
65,2;6,2,1,44,0.22008624158826945,0.15113644352648276,0.7506525013658502,False,False
65,2;6,2,2,43,0.19910715005871016,0.20053781141670607,0.7506525013658502,False,False
65,2;6,2,3,42,0.18973777031482825,0.22878218757988145,0.7506525013658502,False,False
65,2;6,2,4,42,0.18973777031482825,0.22878218757988145,0.7506525013658502,False,False
65,2;6,2,5,41,0.15564314923077693,0.3311894057474174,0.7506525013658502,False,False
65,2;6,2,6,38,0.15791019139280316,0.34370741731885357,0.7506525013658502,False,False
65,2;6,2,7,35,0.11825889352325622,0.4986593413152035,0.7558129676892907,False,False
65,2;6,2,8,34,0.11816147460784025,0.505692230455453,0.7558559619392049,False,False
65,2;6,2,9,0,,,,False,False
65,2;6,2,10,0,,,,False,False
65,2;7,2,0,44,0.12956233759309435,0.40190749638565976,0.7506525013658502,False,False
65,2;7,2,1,44,0.12956233759309435,0.40190749638565976,0.7506525013658502,False,False
65,2;7,2,2,43,0.11447903490818534,0.46479321737359275,0.7510354628300103,False,False
65,2;7,2,3,42,0.10824730916803957,0.49501069667622727,0.7558129676892907,False,False
65,2;7,2,4,42,0.10824730916803957,0.49501069667622727,0.7558129676892907,False,False
65,2;7,2,5,42,0.10824730916803957,0.49501069667622727,0.7558129676892907,False,False
65,2;7,2,6,39,0.16682074598011631,0.31008917044921086,0.7506525013658502,False,False
65,2;7,2,7,35,0.09564644476168346,0.5846828098550007,0.7752442264060585,False,False
65,2;7,2,8,34,0.08275900945296204,0.6417069864626416,0.79992005232143,False,False
65,2;7,2,9,0,,,,False,False
65,2;7,2,10,0,,,,False,False
65,2;8,2,0,44,0.18423028899018054,0.23125016905805557,0.7506525013658502,False,False
65,2;8,2,1,44,0.18423028899018054,0.23125016905805557,0.7506525013658502,False,False
65,2;8,2,2,43,0.16622568007184554,0.2867272984630473,0.7506525013658502,False,False
65,2;8,2,3,42,0.15932117104447,0.313543232132356,0.7506525013658502,False,False
65,2;8,2,4,42,0.15932117104447,0.313543232132356,0.7506525013658502,False,False
65,2;8,2,5,42,0.15932117104447,0.313543232132356,0.7506525013658502,False,False
65,2;8,2,6,38,0.027761122552552694,0.8685928434722937,0.9231428784516089,False,False
65,2;8,2,7,35,0.09059024503859889,0.6047782138788673,0.7816886922645369,False,False
65,2;8,2,8,35,0.09059024503859889,0.6047782138788673,0.7816886922645369,False,False
65,2;8,2,9,0,,,,False,False
65,2;8,2,10,0,,,,False,False
65,2;9,2,0,44,0.17885543219046704,0.24538405482699793,0.7506525013658502,False,False
65,2;9,2,1,44,0.17885543219046704,0.24538405482699793,0.7506525013658502,False,False
65,2;9,2,2,43,0.15599757304828166,0.3178267134352717,0.7506525013658502,False,False
65,2;9,2,3,42,0.15192034074071972,0.3368368585308537,0.7506525013658502,False,False
65,2;9,2,4,42,0.15192034074071972,0.3368368585308537,0.7506525013658502,False,False
65,2;9,2,5,42,0.15192034074071972,0.3368368585308537,0.7506525013658502,False,False
65,2;9,2,6,40,0.08760746106997135,0.5908920301905654,0.7773945074295122,False,False
65,2;9,2,7,36,0.1611370563813433,0.34780442523529076,0.7506525013658502,False,False
65,2;9,2,8,34,0.0815329500536589,0.6466674869308368,0.8021967633715933,False,False
65,2;9,2,9,0,,,,False,False
65,2;9,2,10,0,,,,False,False
65,2;10,2,0,43,0.172438308041714,0.2688383130168824,0.7506525013658502,False,False
65,2;10,2,1,43,0.172438308041714,0.2688383130168824,0.7506525013658502,False,False
65,2;10,2,2,43,0.172438308041714,0.2688383130168824,0.7506525013658502,False,False
65,2;10,2,3,42,0.16940581893089893,0.28348728518022825,0.7506525013658502,False,False
65,2;10,2,4,42,0.16940581893089893,0.28348728518022825,0.7506525013658502,False,False
65,2;10,2,5,42,0.16940581893089893,0.28348728518022825,0.7506525013658502,False,False
65,2;10,2,6,40,0.11866058905395688,0.46584237611559315,0.7510354628300103,False,False
65,2;10,2,7,35,0.14803429189253214,0.3960667685971881,0.7506525013658502,False,False
65,2;10,2,8,34,0.13011555375104586,0.4632866122778179,0.7510354628300103,False,False
65,2;10,2,9,0,,,,False,False
65,2;10,2,10,0,,,,False,False
65,3;4,2,0,44,0.2284748255872945,0.13577487696536542,0.7506525013658502,False,False
65,3;4,2,1,44,0.2284748255872945,0.13577487696536542,0.7506525013658502,False,False
65,3;4,2,2,43,0.22795476314467902,0.14151109610624138,0.7506525013658502,False,False
65,3;4,2,3,42,0.2109322098234409,0.17995734200832478,0.7506525013658502,False,False
65,3;4,2,4,42,0.2109322098234409,0.17995734200832478,0.7506525013658502,False,False
65,3;4,2,5,41,0.2215388168527296,0.16391063988419544,0.7506525013658502,False,False
65,3;4,2,6,39,0.2251966801312095,0.16808708829790175,0.7506525013658502,False,False
65,3;4,2,7,36,0.15555891560277774,0.3649644426856001,0.7506525013658502,False,False
65,3;4,2,8,34,0.2264551458280058,0.19779274257796303,0.7506525013658502,False,False
65,3;4,2,9,0,,,,False,False
65,3;4,2,10,0,,,,False,False
65,3;5,2,0,44,0.22008624158826945,0.15113644352648276,0.7506525013658502,False,False
65,3;5,2,1,44,0.22008624158826945,0.15113644352648276,0.7506525013658502,False,False
65,3;5,2,2,43,0.22578606874764914,0.1454409846285182,0.7506525013658502,False,False
65,3;5,2,3,42,0.2065726260607217,0.18933415072698037,0.7506525013658502,False,False
65,3;5,2,4,42,0.2065726260607217,0.18933415072698037,0.7506525013658502,False,False
65,3;5,2,5,41,0.27473639038376474,0.08214121349354433,0.7506525013658502,False,False
65,3;5,2,6,39,0.3057645492062382,0.05835929023188336,0.7506525013658502,False,False
65,3;5,2,7,37,0.2557376651561583,0.1265791308008503,0.7506525013658502,False,False
65,3;5,2,8,34,0.2695798104217782,0.12311884153741463,0.7506525013658502,False,False
65,3;5,2,9,0,,,,False,False
65,3;5,2,10,0,,,,False,False
65,3;6,2,0,44,0.21980335438828452,0.15167583435274748,0.7506525013658502,False,False
65,3;6,2,1,44,0.21980335438828452,0.15167583435274748,0.7506525013658502,False,False
65,3;6,2,2,43,0.222375403056597,0.15178333434813338,0.7506525013658502,False,False
65,3;6,2,3,42,0.2047020865334002,0.1934617642976675,0.7506525013658502,False,False
65,3;6,2,4,42,0.2047020865334002,0.1934617642976675,0.7506525013658502,False,False
65,3;6,2,5,41,0.19700225573985417,0.21699381129068276,0.7506525013658502,False,False
65,3;6,2,6,39,0.22675929537613082,0.16507692605722946,0.7506525013658502,False,False
65,3;6,2,7,36,0.20568215610214732,0.22879889002521456,0.7506525013658502,False,False
65,3;6,2,8,34,0.17149505847752688,0.33215324990267153,0.7506525013658502,False,False
65,3;6,2,9,0,,,,False,False
65,3;6,2,10,0,,,,False,False
65,3;7,2,0,44,0.10360743699447775,0.5033208445417915,0.7558559619392049,False,False
65,3;7,2,1,44,0.10360743699447775,0.5033208445417915,0.7558559619392049,False,False
65,3;7,2,2,43,0.10701911012812373,0.4945703345144564,0.7558129676892907,False,False
65,3;7,2,3,42,0.09230705928303902,0.5609653066008055,0.7692215166831052,False,False
65,3;7,2,4,42,0.09230705928303902,0.5609653066008055,0.7692215166831052,False,False
65,3;7,2,5,42,0.09230705928303902,0.5609653066008055,0.7692215166831052,False,False
65,3;7,2,6,40,0.18178542238428116,0.26159053493793777,0.7506525013658502,False,False
65,3;7,2,7,36,0.18670207013415255,0.2755809668754124,0.7506525013658502,False,False
65,3;7,2,8,34,0.1314948705752619,0.4585183526286667,0.7510354628300103,False,False
65,3;7,2,9,0,,,,False,False
65,3;7,2,10,0,,,,False,False
65,3;8,2,0,44,0.1903123637898564,0.21594093627715696,0.7506525013658502,False,False
65,3;8,2,1,44,0.1903123637898564,0.21594093627715696,0.7506525013658502,False,False
65,3;8,2,2,43,0.192209959833514,0.2168984956549334,0.7506525013658502,False,False
65,3;8,2,3,42,0.17485478190179196,0.2680563704848377,0.7506525013658502,False,False
65,3;8,2,4,42,0.17485478190179196,0.2680563704848377,0.7506525013658502,False,False
65,3;8,2,5,42,0.17485478190179196,0.2680563704848377,0.7506525013658502,False,False
65,3;8,2,6,40,0.1668399876230496,0.3034970787984616,0.7506525013658502,False,False
65,3;8,2,7,35,0.17303439052333927,0.3202073179364366,0.7506525013658502,False,False
65,3;8,2,8,35,0.17303439052333927,0.3202073179364366,0.7506525013658502,False,False
65,3;8,2,9,0,,,,False,False
65,3;8,2,10,0,,,,False,False
65,3;9,2,0,44,0.14476752459228392,0.34845718262155184,0.7506525013658502,False,False
65,3;9,2,1,44,0.14476752459228392,0.34845718262155184,0.7506525013658502,False,False
65,3;9,2,2,43,0.1517367269663624,0.3313869961168262,0.7506525013658502,False,False
65,3;9,2,3,42,0.13272697863429048,0.40207180940982423,0.7506525013658502,False,False
65,3;9,2,4,42,0.13272697863429048,0.40207180940982423,0.7506525013658502,False,False
65,3;9,2,5,42,0.13272697863429048,0.40207180940982423,0.7506525013658502,False,False
65,3;9,2,6,41,0.15039675094209906,0.3479458552562049,0.7506525013658502,False,False
65,3;9,2,7,37,0.20699175966381755,0.21898465847456527,0.7506525013658502,False,False
65,3;9,2,8,34,0.14344894971846753,0.4183104609144905,0.7506525013658502,False,False
65,3;9,2,9,0,,,,False,False
65,3;9,2,10,0,,,,False,False
65,3;10,2,0,44,0.18019914639039541,0.2417970677878283,0.7506525013658502,False,False
65,3;10,2,1,44,0.18019914639039541,0.2417970677878283,0.7506525013658502,False,False
65,3;10,2,2,42,0.164200839376613,0.2987571127698917,0.7506525013658502,False,False
65,3;10,2,3,42,0.164200839376613,0.2987571127698917,0.7506525013658502,False,False
65,3;10,2,4,42,0.164200839376613,0.2987571127698917,0.7506525013658502,False,False
65,3;10,2,5,42,0.164200839376613,0.2987571127698917,0.7506525013658502,False,False
65,3;10,2,6,41,0.17759058207174605,0.2666430325218353,0.7506525013658502,False,False
65,3;10,2,7,36,0.19238773740040033,0.2609582813341343,0.7506525013658502,False,False
65,3;10,2,8,34,0.18544148414460013,0.29371969871286985,0.7506525013658502,False,False
65,3;10,2,9,0,,,,False,False
65,3;10,2,10,0,,,,False,False
65,4;5,2,0,44,0.26082199838609826,0.08726030116780878,0.7506525013658502,False,False
65,4;5,2,1,44,0.26082199838609826,0.08726030116780878,0.7506525013658502,False,False
65,4;5,2,2,44,0.26082199838609826,0.08726030116780878,0.7506525013658502,False,False
65,4;5,2,3,42,0.23341080188750835,0.13684056067716255,0.7506525013658502,False,False
65,4;5,2,4,42,0.23341080188750835,0.13684056067716255,0.7506525013658502,False,False
65,4;5,2,5,41,0.2723755111538596,0.08491353495866262,0.7506525013658502,False,False
65,4;5,2,6,37,0.22672790676559454,0.1771934584702867,0.7506525013658502,False,False
65,4;5,2,7,37,0.22672790676559454,0.1771934584702867,0.7506525013658502,False,False
65,4;5,2,8,35,0.16488829096948077,0.3438601310883984,0.7506525013658502,False,False
65,4;5,2,9,0,,,,False,False
65,4;5,2,10,0,,,,False,False
65,4;6,2,0,44,0.2799168843850805,0.06572624446308424,0.7506525013658502,False,False
65,4;6,2,1,44,0.2799168843850805,0.06572624446308424,0.7506525013658502,False,False
65,4;6,2,2,44,0.2799168843850805,0.06572624446308424,0.7506525013658502,False,False
65,4;6,2,3,42,0.2556946206042949,0.10217923638578665,0.7506525013658502,False,False
65,4;6,2,4,42,0.2556946206042949,0.10217923638578665,0.7506525013658502,False,False
65,4;6,2,5,41,0.23355216381764338,0.141662691965225,0.7506525013658502,False,False
65,4;6,2,6,38,0.21413412601944795,0.19672058712994495,0.7506525013658502,False,False
65,4;6,2,7,36,0.12038749764894263,0.48431271602521564,0.7526877465585478,False,False
65,4;6,2,8,34,0.1754797515252621,0.320869979018745,0.7506525013658502,False,False
65,4;6,2,9,0,,,,False,False
65,4;6,2,10,0,,,,False,False
65,4;7,2,0,44,0.18578616859009764,0.22726498597020847,0.7506525013658502,False,False
65,4;7,2,1,44,0.18578616859009764,0.22726498597020847,0.7506525013658502,False,False
65,4;7,2,2,44,0.18578616859009764,0.22726498597020847,0.7506525013658502,False,False
65,4;7,2,3,42,0.15858922079464854,0.315800418082666,0.7506525013658502,False,False
65,4;7,2,4,42,0.15858922079464854,0.315800418082666,0.7506525013658502,False,False
65,4;7,2,5,42,0.15858922079464854,0.315800418082666,0.7506525013658502,False,False
65,4;7,2,6,39,0.250586921901881,0.12388579804959901,0.7506525013658502,False,False
65,4;7,2,7,36,0.13871013930612364,0.4197816188729099,0.7506525013658502,False,False
65,4;7,2,8,34,0.20705078105731797,0.2400227519174582,0.7506525013658502,False,False
65,4;7,2,9,0,,,,False,False
65,4;7,2,10,0,,,,False,False
65,4;8,2,0,44,0.2260268727879528,0.14013225610491492,0.7506525013658502,False,False
65,4;8,2,1,44,0.2260268727879528,0.14013225610491492,0.7506525013658502,False,False
65,4;8,2,2,44,0.2260268727879528,0.14013225610491492,0.7506525013658502,False,False
65,4;8,2,3,42,0.20039171284000717,0.20321422973538814,0.7506525013658502,False,False
65,4;8,2,4,42,0.20039171284000717,0.20321422973538814,0.7506525013658502,False,False
65,4;8,2,5,42,0.20039171284000717,0.20321422973538814,0.7506525013658502,False,False
65,4;8,2,6,38,0.13156358079253233,0.43107594703707425,0.7509041397983071,False,False
65,4;8,2,7,36,0.11445199401351781,0.5062640529778518,0.7558559619392049,False,False
65,4;8,2,8,35,0.17626474034642112,0.311115925506639,0.7506525013658502,False,False
65,4;8,2,9,0,,,,False,False
65,4;8,2,10,0,,,,False,False
65,4;9,2,0,44,0.1560122907916846,0.31187972624929633,0.7506525013658502,False,False
65,4;9,2,1,44,0.1560122907916846,0.31187972624929633,0.7506525013658502,False,False
65,4;9,2,2,44,0.1560122907916846,0.31187972624929633,0.7506525013658502,False,False
65,4;9,2,3,42,0.1267087210246474,0.4239337302952598,0.7506525013658502,False,False
65,4;9,2,4,42,0.1267087210246474,0.4239337302952598,0.7506525013658502,False,False
65,4;9,2,5,42,0.1267087210246474,0.4239337302952598,0.7506525013658502,False,False
65,4;9,2,6,40,0.0989936079974327,0.5433645732301925,0.7631477354085332,False,False
65,4;9,2,7,37,0.11271004489448538,0.5065759460943046,0.7558559619392049,False,False
65,4;9,2,8,34,0.10819974198850221,0.5424572680663099,0.7628926276857467,False,False
65,4;9,2,9,0,,,,False,False
65,4;9,2,10,0,,,,False,False
65,4;10,2,0,44,0.18606905579008257,0.22654550835104997,0.7506525013658502,False,False
65,4;10,2,1,44,0.18606905579008257,0.22654550835104997,0.7506525013658502,False,False
65,4;10,2,2,43,0.16327089359837155,0.2955008372912371,0.7506525013658502,False,False
65,4;10,2,3,42,0.15883320421125569,0.3150468852142619,0.7506525013658502,False,False
65,4;10,2,4,42,0.15883320421125569,0.3150468852142619,0.7506525013658502,False,False
65,4;10,2,5,42,0.15883320421125569,0.3150468852142619,0.7506525013658502,False,False
65,4;10,2,6,40,0.13691606429302716,0.3995348524278325,0.7506525013658502,False,False
65,4;10,2,7,36,0.09561322160543033,0.5790953228331251,0.7729429135419033,False,False
65,4;10,2,8,34,0.15555628628658608,0.37968388731020714,0.7506525013658502,False,False
65,4;10,2,9,0,,,,False,False
65,4;10,2,10,0,,,,False,False
65,5;6,2,0,44,0.22786563958785483,0.136849687490799,0.7506525013658502,False,False
65,5;6,2,1,44,0.22786563958785483,0.136849687490799,0.7506525013658502,False,False
65,5;6,2,2,44,0.22786563958785483,0.136849687490799,0.7506525013658502,False,False
65,5;6,2,3,42,0.19892781234036427,0.20660337715205424,0.7506525013658502,False,False
65,5;6,2,4,42,0.19892781234036427,0.20660337715205424,0.7506525013658502,False,False
65,5;6,2,5,41,0.2436077605376093,0.12482351297715347,0.7506525013658502,False,False
65,5;6,2,6,38,0.22577423748512052,0.17289906241176228,0.7506525013658502,False,False
65,5;6,2,7,37,0.1999771049710173,0.23534763792672705,0.7506525013658502,False,False
65,5;6,2,8,34,0.20046071178606362,0.2556466053590646,0.7506525013658502,False,False
65,5;6,2,9,0,,,,False,False
65,5;6,2,10,0,,,,False,False
65,5;7,2,0,44,0.14476752459228392,0.34845718262155184,0.7506525013658502,False,False
65,5;7,2,1,44,0.14476752459228392,0.34845718262155184,0.7506525013658502,False,False
65,5;7,2,2,44,0.14476752459228392,0.34845718262155184,0.7506525013658502,False,False
65,5;7,2,3,42,0.11158174919500398,0.4817374153748876,0.7521975241439104,False,False
65,5;7,2,4,42,0.11158174919500398,0.4817374153748876,0.7521975241439104,False,False
65,5;7,2,5,42,0.11158174919500398,0.4817374153748876,0.7521975241439104,False,False
65,5;7,2,6,39,0.21561657661415398,0.18740859859663836,0.7506525013658502,False,False
65,5;7,2,7,37,0.15420351078918518,0.3621602811488342,0.7506525013658502,False,False
65,5;7,2,8,34,0.1698092268034851,0.33699949641478094,0.7506525013658502,False,False
65,5;7,2,9,0,,,,False,False
65,5;7,2,10,0,,,,False,False
65,5;8,2,0,44,0.21152890378872558,0.16808434353693583,0.7506525013658502,False,False
65,5;8,2,1,44,0.21152890378872558,0.16808434353693583,0.7506525013658502,False,False
65,5;8,2,2,44,0.21152890378872558,0.16808434353693583,0.7506525013658502,False,False
65,5;8,2,3,42,0.18274357903875654,0.24671757395692873,0.7506525013658502,False,False
65,5;8,2,4,42,0.18274357903875654,0.24671757395692873,0.7506525013658502,False,False
65,5;8,2,5,42,0.18274357903875654,0.24671757395692873,0.7506525013658502,False,False
65,5;8,2,6,38,0.13946397930551174,0.40366858168899167,0.7506525013658502,False,False
65,5;8,2,7,37,0.18999013896770847,0.2600404157370459,0.7506525013658502,False,False
65,5;8,2,8,35,0.19901763910030176,0.25173111629104195,0.7506525013658502,False,False
65,5;8,2,9,0,,,,False,False
65,5;8,2,10,0,,,,False,False
65,5;9,2,0,44,0.19370701018967545,0.2077090924843101,0.7506525013658502,False,False
65,5;9,2,1,44,0.19370701018967545,0.2077090924843101,0.7506525013658502,False,False
65,5;9,2,2,44,0.19370701018967545,0.2077090924843101,0.7506525013658502,False,False
65,5;9,2,3,42,0.16281826668250582,0.3029002736700507,0.7506525013658502,False,False
65,5;9,2,4,42,0.16281826668250582,0.3029002736700507,0.7506525013658502,False,False
65,5;9,2,5,42,0.16281826668250582,0.3029002736700507,0.7506525013658502,False,False
65,5;9,2,6,40,0.19761081444354436,0.221607094201704,0.7506525013658502,False,False
65,5;9,2,7,37,0.17881424844019622,0.28963779355310804,0.7506525013658502,False,False
65,5;9,2,8,35,0.23471683894573223,0.1747106336153799,0.7506525013658502,False,False
65,5;9,2,9,0,,,,False,False
65,5;9,2,10,0,,,,False,False
65,5;10,2,0,44,0.18995875478987528,0.21681125525278036,0.7506525013658502,False,False
65,5;10,2,1,44,0.18995875478987528,0.21681125525278036,0.7506525013658502,False,False
65,5;10,2,2,43,0.16107374468219854,0.3021357563519532,0.7506525013658502,False,False
65,5;10,2,3,42,0.15533610857321986,0.32595615107323167,0.7506525013658502,False,False
65,5;10,2,4,42,0.15533610857321986,0.32595615107323167,0.7506525013658502,False,False
65,5;10,2,5,42,0.15533610857321986,0.32595615107323167,0.7506525013658502,False,False
65,5;10,2,6,40,0.20288043616203888,0.2092804756046281,0.7506525013658502,False,False
65,5;10,2,7,37,0.18119209748860307,0.2831659197362572,0.7506525013658502,False,False
65,5;10,2,8,34,0.19080549401655136,0.2797274967466457,0.7506525013658502,False,False
65,5;10,2,9,0,,,,False,False
65,5;10,2,10,0,,,,False,False
65,6;7,2,0,44,0.188968649589928,0.2192610784978088,0.7506525013658502,False,False
65,6;7,2,1,44,0.188968649589928,0.2192610784978088,0.7506525013658502,False,False
65,6;7,2,2,44,0.188968649589928,0.2192610784978088,0.7506525013658502,False,False
65,6;7,2,3,42,0.16233029984929154,0.3043712964727762,0.7506525013658502,False,False
65,6;7,2,4,42,0.16233029984929154,0.3043712964727762,0.7506525013658502,False,False
65,6;7,2,5,42,0.16233029984929154,0.3043712964727762,0.7506525013658502,False,False
65,6;7,2,6,39,0.19081202937518482,0.24459438534297745,0.7506525013658502,False,False
65,6;7,2,7,36,0.15829649929769782,0.3564806590579399,0.7506525013658502,False,False
65,6;7,2,8,34,0.10789322713867645,0.5436082730067671,0.7631477354085332,False,False
65,6;7,2,9,0,,,,False,False
65,6;7,2,10,0,,,,False,False
65,6;8,2,0,44,0.2456168113869087,0.1080410330620123,0.7506525013658502,False,False
65,6;8,2,1,44,0.2456168113869087,0.1080410330620123,0.7506525013658502,False,False
65,6;8,2,2,44,0.2456168113869087,0.1080410330620123,0.7506525013658502,False,False
65,6;8,2,3,42,0.21982905836304356,0.1618610151996583,0.7506525013658502,False,False
65,6;8,2,4,42,0.21982905836304356,0.1618610151996583,0.7506525013658502,False,False
65,6;8,2,5,42,0.21982905836304356,0.1618610151996583,0.7506525013658502,False,False
65,6;8,2,6,39,0.1198341247455948,0.46744637563445995,0.7510354628300103,False,False
65,6;8,2,7,35,0.15575904146946692,0.3715960592982309,0.7506525013658502,False,False
65,6;8,2,8,35,0.15575904146946692,0.3715960592982309,0.7506525013658502,False,False
65,6;8,2,9,0,,,,False,False
65,6;8,2,10,0,,,,False,False
65,6;9,2,0,44,0.186210499390075,0.22618635738916631,0.7506525013658502,False,False
65,6;9,2,1,44,0.186210499390075,0.22618635738916631,0.7506525013658502,False,False
65,6;9,2,2,44,0.186210499390075,0.22618635738916631,0.7506525013658502,False,False
65,6;9,2,3,42,0.15769461493375567,0.3185731019586096,0.7506525013658502,False,False
65,6;9,2,4,42,0.15769461493375567,0.3185731019586096,0.7506525013658502,False,False
65,6;9,2,5,42,0.15769461493375567,0.3185731019586096,0.7506525013658502,False,False
65,6;9,2,6,41,0.14812331168367196,0.3553649592906635,0.7506525013658502,False,False
65,6;9,2,7,36,0.17224105225377562,0.31513429929607795,0.7506525013658502,False,False
65,6;9,2,8,34,0.1026824746916381,0.5633503960874662,0.7700626353282832,False,False
65,6;9,2,9,0,,,,False,False
65,6;9,2,10,0,,,,False,False
65,6;10,2,0,44,0.20445672378910254,0.18309604092318063,0.7506525013658502,False,False
65,6;10,2,1,44,0.20445672378910254,0.18309604092318063,0.7506525013658502,False,False
65,6;10,2,2,43,0.18054502990483498,0.24662838772431006,0.7506525013658502,False,False
65,6;10,2,3,42,0.17940913901179215,0.255592954254315,0.7506525013658502,False,False
65,6;10,2,4,42,0.17940913901179215,0.255592954254315,0.7506525013658502,False,False
65,6;10,2,5,42,0.17940913901179215,0.255592954254315,0.7506525013658502,False,False
65,6;10,2,6,41,0.16403738649266153,0.30544239476838403,0.7506525013658502,False,False
65,6;10,2,7,35,0.1415735922463685,0.41722738991028074,0.7506525013658502,False,False
65,6;10,2,8,34,0.1318013854250877,0.4574623099175304,0.7510354628300103,False,False
65,6;10,2,9,0,,,,False,False
65,6;10,2,10,0,,,,False,False
65,7;8,2,0,44,0.16251869639133779,0.2918739097472494,0.7506525013658502,False,False
65,7;8,2,1,44,0.16251869639133779,0.2918739097472494,0.7506525013658502,False,False
65,7;8,2,2,44,0.16251869639133779,0.2918739097472494,0.7506525013658502,False,False
65,7;8,2,3,42,0.13541079621696914,0.39253638360374127,0.7506525013658502,False,False
65,7;8,2,4,42,0.13541079621696914,0.39253638360374127,0.7506525013658502,False,False
65,7;8,2,5,42,0.13541079621696914,0.39253638360374127,0.7506525013658502,False,False
65,7;8,2,6,41,0.11316222298804829,0.4811517395015354,0.7521975241439104,False,False
65,7;8,2,7,35,0.13202299276943094,0.44964254868264114,0.7509923134248312,False,False
65,7;8,2,8,35,0.13202299276943094,0.44964254868264114,0.7509923134248312,False,False
65,7;8,2,9,0,,,,False,False
65,7;8,2,10,0,,,,False,False
65,7;9,2,0,44,0.09314061059503563,0.5476080140778946,0.7642468984047789,False,False
65,7;9,2,1,44,0.09314061059503563,0.5476080140778946,0.7642468984047789,False,False
65,7;9,2,2,44,0.09314061059503563,0.5476080140778946,0.7642468984047789,False,False
65,7;9,2,3,42,0.05904398681893069,0.7103207917393397,0.8344808995323703,False,False
65,7;9,2,4,42,0.05904398681893069,0.7103207917393397,0.8344808995323703,False,False
65,7;9,2,5,42,0.05904398681893069,0.7103207917393397,0.8344808995323703,False,False
65,7;9,2,6,42,0.05904398681893069,0.7103207917393397,0.8344808995323703,False,False
65,7;9,2,7,37,0.1876613070478027,0.26603618679626756,0.7506525013658502,False,False
65,7;9,2,8,34,0.07448310850766583,0.6754757158204454,0.8169053236599791,False,False
65,7;9,2,9,0,,,,False,False
65,7;9,2,10,0,,,,False,False
65,7;10,2,0,44,0.1090530155941875,0.4810237352089533,0.7521975241439104,False,False
65,7;10,2,1,44,0.1090530155941875,0.4810237352089533,0.7521975241439104,False,False
65,7;10,2,2,43,0.08326436754738298,0.5955329843723566,0.7785811597048389,False,False
65,7;10,2,3,42,0.07506556450946697,0.6365936909127805,0.7975120491167828,False,False
65,7;10,2,4,42,0.07506556450946697,0.6365936909127805,0.7975120491167828,False,False
65,7;10,2,5,42,0.07506556450946697,0.6365936909127805,0.7975120491167828,False,False
65,7;10,2,6,42,0.07506556450946697,0.6365936909127805,0.7975120491167828,False,False
65,7;10,2,7,36,0.15429389613437916,0.3689250800514719,0.7506525013658502,False,False
65,7;10,2,8,34,0.09747172224459974,0.5834153820610727,0.7751190144410416,False,False
65,7;10,2,9,0,,,,False,False
65,7;10,2,10,0,,,,False,False
65,8;9,2,0,44,0.1429994795923782,0.3544380748444947,0.7506525013658502,False,False
65,8;9,2,1,44,0.1429994795923782,0.3544380748444947,0.7506525013658502,False,False
65,8;9,2,2,44,0.1429994795923782,0.3544380748444947,0.7506525013658502,False,False
65,8;9,2,3,42,0.11296432188911121,0.4762890171157691,0.7513306618470189,False,False
65,8;9,2,4,42,0.11296432188911121,0.4762890171157691,0.7513306618470189,False,False
65,8;9,2,5,42,0.11296432188911121,0.4762890171157691,0.7513306618470189,False,False
65,8;9,2,6,41,0.10388409432642014,0.51804351831765,0.756979384639706,False,False
65,8;9,2,7,37,0.09072035039390011,0.593346103369068,0.7783642489957592,False,False
65,8;9,2,8,35,0.09873634459245739,0.5725500892580966,0.7712268365394804,False,False
65,8;9,2,9,0,,,,False,False
65,8;9,2,10,0,,,,False,False
65,8;10,2,0,44,0.20155712998925704,0.18951958256481344,0.7506525013658502,False,False
65,8;10,2,1,44,0.20155712998925704,0.18951958256481344,0.7506525013658502,False,False
65,8;10,2,2,43,0.17728718840844057,0.2554001984788917,0.7506525013658502,False,False
65,8;10,2,3,42,0.17753859948447062,0.260664131487942,0.7506525013658502,False,False
65,8;10,2,4,42,0.17753859948447062,0.260664131487942,0.7506525013658502,False,False
65,8;10,2,5,42,0.17753859948447062,0.260664131487942,0.7506525013658502,False,False
65,8;10,2,6,41,0.16460692490410053,0.30374303760601074,0.7506525013658502,False,False
65,8;10,2,7,36,0.11252378231480738,0.5135011227251017,0.756979384639706,False,False
65,8;10,2,8,35,0.16966359070794956,0.3298686750606126,0.7506525013658502,False,False
65,8;10,2,9,0,,,,False,False
65,8;10,2,10,0,,,,False,False
65,9;10,2,0,44,0.1134377671939538,0.4634544436083537,0.7510354628300103,False,False
65,9;10,2,1,44,0.1134377671939538,0.4634544436083537,0.7510354628300103,False,False
65,9;10,2,2,43,0.0837947138374937,0.5931836305441324,0.7783642489957592,False,False
65,9;10,2,3,42,0.08214108359107437,0.6050547624110609,0.7816886922645369,False,False
65,9;10,2,4,42,0.08214108359107437,0.6050547624110609,0.7816886922645369,False,False
65,9;10,2,5,42,0.08214108359107437,0.6050547624110609,0.7816886922645369,False,False
65,9;10,2,6,41,0.0857983016219887,0.5937755914466347,0.7783642489957592,False,False
65,9;10,2,7,39,0.1553781447972543,0.34490442458826215,0.7506525013658502,False,False
65,9;10,2,8,34,0.0816862074785718,0.6460466003944628,0.8021967633715933,False,False
65,9;10,2,9,0,,,,False,False
65,9;10,2,10,0,,,,False,False
65,1;2;3,3,0,43,0.13354650994741785,0.39324263192653186,0.7506525013658502,False,False
65,1;2;3,3,1,43,0.13354650994741785,0.39324263192653186,0.7506525013658502,False,False
65,1;2;3,3,2,42,0.11369627213893266,0.4734177777281042,0.7510354628300103,False,False
65,1;2;3,3,3,42,0.11369627213893266,0.4734177777281042,0.7510354628300103,False,False
65,1;2;3,3,4,41,0.11183572352031669,0.48634048164024846,0.7529422957161253,False,False
65,1;2;3,3,5,39,0.133537157823382,0.41768394778556217,0.7506525013658502,False,False
65,1;2;3,3,6,35,0.11320269380017164,0.5173211446436081,0.756979384639706,False,False
65,1;2;3,3,7,34,0.11478981125975661,0.5179943439258429,0.756979384639706,False,False
65,1;2;3,3,8,0,,,,False,False
65,1;2;3,3,9,0,,,,False,False
65,1;2;3,3,10,0,,,,False,False
65,1;2;4,3,0,44,0.19505072438960383,0.20451206293572374,0.7506525013658502,False,False
65,1;2;4,3,1,44,0.19505072438960383,0.20451206293572374,0.7506525013658502,False,False
65,1;2;4,3,2,42,0.17103237504161328,0.2788216915978222,0.7506525013658502,False,False
65,1;2;4,3,3,42,0.17103237504161328,0.2788216915978222,0.7506525013658502,False,False
65,1;2;4,3,4,41,0.1436638731382958,0.37019378216159526,0.7506525013658502,False,False
65,1;2;4,3,5,37,0.15099341457383592,0.3723590790501709,0.7506525013658502,False,False
65,1;2;4,3,6,36,0.09277450247544454,0.5904631681293877,0.7773945074295122,False,False
65,1;2;4,3,7,34,0.1569356031108021,0.3754202738056696,0.7506525013658502,False,False
65,1;2;4,3,8,0,,,,False,False
65,1;2;4,3,9,0,,,,False,False
65,1;2;4,3,10,0,,,,False,False
65,1;2;5,3,0,44,0.1410192691924837,0.36121035326198114,0.7506525013658502,False,False
65,1;2;5,3,1,44,0.1410192691924837,0.36121035326198114,0.7506525013658502,False,False
65,1;2;5,3,2,42,0.11206971602821829,0.4798107359446549,0.7519074874765345,False,False
65,1;2;5,3,3,42,0.11206971602821829,0.4798107359446549,0.7519074874765345,False,False
65,1;2;5,3,4,41,0.17426786315558337,0.2758386018756083,0.7506525013658502,False,False
65,1;2;5,3,5,37,0.14374097497619495,0.39601883228469276,0.7506525013658502,False,False
65,1;2;5,3,6,37,0.14374097497619495,0.39601883228469276,0.7506525013658502,False,False
65,1;2;5,3,7,34,0.14115008834477413,0.42588522199893514,0.7506525013658502,False,False
65,1;2;5,3,8,0,,,,False,False
65,1;2;5,3,9,0,,,,False,False
65,1;2;5,3,10,0,,,,False,False
65,1;2;6,3,0,44,0.17712898953207834,0.25004527478901134,0.7506525013658502,False,False
65,1;2;6,3,1,44,0.17712898953207834,0.25004527478901134,0.7506525013658502,False,False
65,1;2;6,3,2,42,0.14964922540008918,0.3441941893638425,0.7506525013658502,False,False
65,1;2;6,3,3,42,0.14964922540008918,0.3441941893638425,0.7506525013658502,False,False
65,1;2;6,3,4,41,0.11254014497314506,0.4835814496915242,0.7526877465585478,False,False
65,1;2;6,3,5,38,0.11300311375002138,0.49936020420116206,0.7558129676892907,False,False
65,1;2;6,3,6,35,0.06882531609964937,0.6944266216302218,0.8233666737453104,False,False
65,1;2;6,3,7,34,0.06958418694139738,0.6957675669144615,0.8241612347773885,False,False
65,1;2;6,3,8,0,,,,False,False
65,1;2;6,3,9,0,,,,False,False
65,1;2;6,3,10,0,,,,False,False
65,1;2;7,3,0,44,0.040169982397858954,0.795719269466301,0.8818516096574935,False,False
65,1;2;7,3,1,44,0.040169982397858954,0.795719269466301,0.8818516096574935,False,False
65,1;2;7,3,2,42,0.014882988413036249,0.9254689581439197,0.959196188607744,False,False
65,1;2;7,3,3,42,0.014882988413036249,0.9254689581439197,0.959196188607744,False,False
65,1;2;7,3,4,42,0.014882988413036249,0.9254689581439197,0.959196188607744,False,False
65,1;2;7,3,5,39,0.11141714661438602,0.4995049308134899,0.7558129676892907,False,False
65,1;2;7,3,6,35,0.042556347669295294,0.8082121668920442,0.8873721789486734,False,False
65,1;2;7,3,7,34,0.02973194043310118,0.8674348832521792,0.9223909447495477,False,False
65,1;2;7,3,8,0,,,,False,False
65,1;2;7,3,9,0,,,,False,False
65,1;2;7,3,10,0,,,,False,False
65,1;2;8,3,0,44,0.1594776589914999,0.30111856129722786,0.7506525013658502,False,False
65,1;2;8,3,1,44,0.1594776589914999,0.30111856129722786,0.7506525013658502,False,False
65,1;2;8,3,2,42,0.13573610743911202,0.39138960855114135,0.7506525013658502,False,False
65,1;2;8,3,3,42,0.13573610743911202,0.39138960855114135,0.7506525013658502,False,False
65,1;2;8,3,4,42,0.13573610743911202,0.39138960855114135,0.7506525013658502,False,False
65,1;2;8,3,5,38,0.039721448079146536,0.8128327205908158,0.8908309707681787,False,False
65,1;2;8,3,6,35,0.10323074434631035,0.5551090497556033,0.7667025748435622,False,False
65,1;2;8,3,7,35,0.10323074434631035,0.5551090497556033,0.7667025748435622,False,False
65,1;2;8,3,8,0,,,,False,False
65,1;2;8,3,9,0,,,,False,False
65,1;2;8,3,10,0,,,,False,False
65,1;2;9,3,0,44,0.09809113659477177,0.526431985116991,0.7595331817189964,False,False
65,1;2;9,3,1,44,0.09809113659477177,0.526431985116991,0.7595331817189964,False,False
65,1;2;9,3,2,42,0.07051120739946681,0.6572397461815795,0.8063558539631402,False,False
65,1;2;9,3,3,42,0.07051120739946681,0.6572397461815795,0.8063558539631402,False,False
65,1;2;9,3,4,42,0.07051120739946681,0.6572397461815795,0.8063558539631402,False,False
65,1;2;9,3,5,40,0.030864927208325028,0.8500443469324794,0.9127464469858803,False,False
65,1;2;9,3,6,36,0.09774098692361928,0.570639474559742,0.7709077668143348,False,False
65,1;2;9,3,7,34,0.012720366267770091,0.9430791956182537,0.9692714570324464,False,False
65,1;2;9,3,8,0,,,,False,False
65,1;2;9,3,9,0,,,,False,False
65,1;2;9,3,10,0,,,,False,False
65,1;2;10,3,0,43,0.1241767956416385,0.4275652128079293,0.7506525013658502,False,False
65,1;2;10,3,1,43,0.1241767956416385,0.4275652128079293,0.7506525013658502,False,False
65,1;2;10,3,2,42,0.1224796751367901,0.43968780577153027,0.7509041397983071,False,False
65,1;2;10,3,3,42,0.1224796751367901,0.43968780577153027,0.7509041397983071,False,False
65,1;2;10,3,4,42,0.1224796751367901,0.43968780577153027,0.7509041397983071,False,False
65,1;2;10,3,5,40,0.08393754594459123,0.6065920618146129,0.7816886922645369,False,False
65,1;2;10,3,6,35,0.10168579443092339,0.5610763987476182,0.7692215166831052,False,False
65,1;2;10,3,7,34,0.08229923717822336,0.6435654049071099,0.8007789549806573,False,False
65,1;2;10,3,8,0,,,,False,False
65,1;2;10,3,9,0,,,,False,False
65,1;2;10,3,10,0,,,,False,False
65,1;3;4,3,0,43,0.1988039135028814,0.20123834649055583,0.7506525013658502,False,False
65,1;3;4,3,1,43,0.1988039135028814,0.20123834649055583,0.7506525013658502,False,False
65,1;3;4,3,2,43,0.1988039135028814,0.20123834649055583,0.7506525013658502,False,False
65,1;3;4,3,3,42,0.18176764537232795,0.24929345992743568,0.7506525013658502,False,False
65,1;3;4,3,4,41,0.2020737740855761,0.20515256857699637,0.7506525013658502,False,False
65,1;3;4,3,5,39,0.1819761116498103,0.26753589034952685,0.7506525013658502,False,False
65,1;3;4,3,6,36,0.12851655697572012,0.4550684675857966,0.7510354628300103,False,False
65,1;3;4,3,7,34,0.20413888998397303,0.24684536120849124,0.7506525013658502,False,False
65,1;3;4,3,8,0,,,,False,False
65,1;3;4,3,9,0,,,,False,False
65,1;3;4,3,10,0,,,,False,False
65,1;3;5,3,0,43,0.1904667307025318,0.2211758765148969,0.7506525013658502,False,False
65,1;3;5,3,1,43,0.1904667307025318,0.2211758765148969,0.7506525013658502,False,False
65,1;3;5,3,2,43,0.1904667307025318,0.2211758765148969,0.7506525013658502,False,False
65,1;3;5,3,3,42,0.1758307155682206,0.26535242040991236,0.7506525013658502,False,False
65,1;3;5,3,4,41,0.25104015811323627,0.11337539254784373,0.7506525013658502,False,False
65,1;3;5,3,5,39,0.23610181896529522,0.14788795371563204,0.7506525013658502,False,False
65,1;3;5,3,6,37,0.18404551634669133,0.2755243295401288,0.7506525013658502,False,False
65,1;3;5,3,7,34,0.22636121659634248,0.19798378378622586,0.7506525013658502,False,False
65,1;3;5,3,8,0,,,,False,False
65,1;3;5,3,9,0,,,,False,False
65,1;3;5,3,10,0,,,,False,False
65,1;3;6,3,0,43,0.16492463430509718,0.2905693496600889,0.7506525013658502,False,False
65,1;3;6,3,1,43,0.16492463430509718,0.2905693496600889,0.7506525013658502,False,False
65,1;3;6,3,2,43,0.16492463430509718,0.2905693496600889,0.7506525013658502,False,False
65,1;3;6,3,3,42,0.14541411629786233,0.35817504757318563,0.7506525013658502,False,False
65,1;3;6,3,4,41,0.1665731456655225,0.2979228207222329,0.7506525013658502,False,False
65,1;3;6,3,5,39,0.16562669536877267,0.3136143329470903,0.7506525013658502,False,False
65,1;3;6,3,6,36,0.15481036105867835,0.3673050109859515,0.7506525013658502,False,False
65,1;3;6,3,7,34,0.10666716773937328,0.5482238303957517,0.7642468984047789,False,False
65,1;3;6,3,8,0,,,,False,False
65,1;3;6,3,9,0,,,,False,False
65,1;3;6,3,10,0,,,,False,False
65,1;3;7,3,0,43,0.06760697325374389,0.6666440358638531,0.812353866163547,False,False
65,1;3;7,3,1,43,0.06760697325374389,0.6666440358638531,0.812353866163547,False,False
65,1;3;7,3,2,43,0.06760697325374389,0.6666440358638531,0.812353866163547,False,False
65,1;3;7,3,3,42,0.05123651748750184,0.7472697417022133,0.8528208988020998,False,False
65,1;3;7,3,4,42,0.05123651748750184,0.7472697417022133,0.8528208988020998,False,False
65,1;3;7,3,5,40,0.15183321289298507,0.3496517309068123,0.7506525013658502,False,False
65,1;3;7,3,6,36,0.17262840094699997,0.3140306181227045,0.7506525013658502,False,False
65,1;3;7,3,7,34,0.11555609838432107,0.5151855281351816,0.756979384639706,False,False
65,1;3;7,3,8,0,,,,False,False
65,1;3;7,3,9,0,,,,False,False
65,1;3;7,3,10,0,,,,False,False
65,1;3;8,3,0,43,0.1639393308832377,0.2935010854852911,0.7506525013658502,False,False
65,1;3;8,3,1,43,0.1639393308832377,0.2935010854852911,0.7506525013658502,False,False
65,1;3;8,3,2,43,0.1639393308832377,0.2935010854852911,0.7506525013658502,False,False
65,1;3;8,3,3,42,0.1460647387421481,0.3560051802945795,0.7506525013658502,False,False
65,1;3;8,3,4,42,0.1460647387421481,0.3560051802945795,0.7506525013658502,False,False
65,1;3;8,3,5,40,0.15253672867285017,0.34739713624906576,0.7506525013658502,False,False
65,1;3;8,3,6,35,0.1575848913694697,0.36594569355830403,0.7506525013658502,False,False
65,1;3;8,3,7,35,0.1575848913694697,0.36594569355830403,0.7506525013658502,False,False
65,1;3;8,3,8,0,,,,False,False
65,1;3;8,3,9,0,,,,False,False
65,1;3;8,3,10,0,,,,False,False
65,1;3;9,3,0,43,0.1300270643972392,0.4059419379703382,0.7506525013658502,False,False
65,1;3;9,3,1,43,0.1300270643972392,0.4059419379703382,0.7506525013658502,False,False
65,1;3;9,3,2,43,0.1300270643972392,0.4059419379703382,0.7506525013658502,False,False
65,1;3;9,3,3,42,0.11048830038370712,0.48606942691354055,0.7528806075466162,False,False
65,1;3;9,3,4,42,0.11048830038370712,0.48606942691354055,0.7528806075466162,False,False
65,1;3;9,3,5,41,0.1499223609607282,0.3494861035188844,0.7506525013658502,False,False
65,1;3;9,3,6,37,0.19505462938631238,0.24731235460498893,0.7506525013658502,False,False
65,1;3;9,3,7,34,0.13457029985583016,0.4479816808346111,0.7509923134248312,False,False
65,1;3;9,3,8,0,,,,False,False
65,1;3;9,3,9,0,,,,False,False
65,1;3;9,3,10,0,,,,False,False
65,1;3;10,3,0,43,0.14059521904225886,0.3685165538957847,0.7506525013658502,False,False
65,1;3;10,3,1,43,0.14059521904225886,0.3685165538957847,0.7506525013658502,False,False
65,1;3;10,3,2,42,0.11971452974857572,0.45016077660025616,0.7509923134248312,False,False
65,1;3;10,3,3,42,0.11971452974857572,0.45016077660025616,0.7509923134248312,False,False
65,1;3;10,3,4,42,0.11971452974857572,0.45016077660025616,0.7509923134248312,False,False
65,1;3;10,3,5,41,0.15485618948747526,0.3336703632291038,0.7506525013658502,False,False
65,1;3;10,3,6,36,0.14696823132062775,0.39235892334880496,0.7506525013658502,False,False
65,1;3;10,3,7,34,0.14115008834477413,0.42588522199893514,0.7506525013658502,False,False
65,1;3;10,3,8,0,,,,False,False
65,1;3;10,3,9,0,,,,False,False
65,1;3;10,3,10,0,,,,False,False
65,1;4;5,3,0,44,0.219944797988277,0.15140596260606762,0.7506525013658502,False,False
65,1;4;5,3,1,44,0.219944797988277,0.15140596260606762,0.7506525013658502,False,False
65,1;4;5,3,2,43,0.21888894479463264,0.1584738366369087,0.7506525013658502,False,False
65,1;4;5,3,3,42,0.19787055086839994,0.20907551249545178,0.7506525013658502,False,False
65,1;4;5,3,4,41,0.26415615383493096,0.09513556660987323,0.7506525013658502,False,False
65,1;4;5,3,5,37,0.19415137480242048,0.24955126763593094,0.7506525013658502,False,False
65,1;4;5,3,6,37,0.19415137480242048,0.24955126763593094,0.7506525013658502,False,False
65,1;4;5,3,7,35,0.13834324242328666,0.42804137061617503,0.7508724417021384,False,False
65,1;4;5,3,8,0,,,,False,False
65,1;4;5,3,9,0,,,,False,False
65,1;4;5,3,10,0,,,,False,False
65,1;4;6,3,0,44,0.2650653063858721,0.08205551083845085,0.7506525013658502,False,False
65,1;4;6,3,1,44,0.2650653063858721,0.08205551083845085,0.7506525013658502,False,False
65,1;4;6,3,2,43,0.26330339134922226,0.08801412530304066,0.7506525013658502,False,False
65,1;4;6,3,3,42,0.2444713834403659,0.11868336119192925,0.7506525013658502,False,False
65,1;4;6,3,4,41,0.22585744632758248,0.1556390891153956,0.7506525013658502,False,False
65,1;4;6,3,5,38,0.1967837711932568,0.23635134838277616,0.7506525013658502,False,False
65,1;4;6,3,6,36,0.09458096010361733,0.5832177184841153,0.7751190144410416,False,False
65,1;4;6,3,7,34,0.16229961298275336,0.35910914066495603,0.7506525013658502,False,False
65,1;4;6,3,8,0,,,,False,False
65,1;4;6,3,9,0,,,,False,False
65,1;4;6,3,10,0,,,,False,False
65,1;4;7,3,0,44,0.12807717979317354,0.407370157678206,0.7506525013658502,False,False
65,1;4;7,3,1,44,0.12807717979317354,0.407370157678206,0.7506525013658502,False,False
65,1;4;7,3,2,43,0.12270817230696339,0.4330930274102212,0.7509041397983071,False,False
65,1;4;7,3,3,42,0.099789217392325,0.5295037096072478,0.760535689565614,False,False
65,1;4;7,3,4,42,0.099789217392325,0.5295037096072478,0.760535689565614,False,False
65,1;4;7,3,5,39,0.20799222807758558,0.20387107183540532,0.7506525013658502,False,False
65,1;4;7,3,6,36,0.09806484267223625,0.5693573988051605,0.7708420750908994,False,False
65,1;4;7,3,7,34,0.15984749418414707,0.36651230870067103,0.7506525013658502,False,False
65,1;4;7,3,8,0,,,,False,False
65,1;4;7,3,9,0,,,,False,False
65,1;4;7,3,10,0,,,,False,False
65,1;4;8,3,0,44,0.20035485938932115,0.19222939096015818,0.7506525013658502,False,False
65,1;4;8,3,1,44,0.20035485938932115,0.19222939096015818,0.7506525013658502,False,False
65,1;4;8,3,2,43,0.1987281209319691,0.201413710125812,0.7506525013658502,False,False
65,1;4;8,3,3,42,0.17818922192875639,0.25889270624529787,0.7506525013658502,False,False
65,1;4;8,3,4,42,0.17818922192875639,0.25889270624529787,0.7506525013658502,False,False
65,1;4;8,3,5,38,0.14176826220513072,0.3958673276988512,0.7506525013658502,False,False
65,1;4;8,3,6,36,0.08967771797000551,0.6029750567211496,0.7816886922645369,False,False
65,1;4;8,3,7,35,0.16502874096178866,0.3434435341487813,0.7506525013658502,False,False
65,1;4;8,3,8,0,,,,False,False
65,1;4;8,3,9,0,,,,False,False
65,1;4;8,3,10,0,,,,False,False
65,1;4;9,3,0,44,0.1777238833905274,0.2484324394879176,0.7506525013658502,False,False
65,1;4;9,3,1,44,0.1777238833905274,0.2484324394879176,0.7506525013658502,False,False
65,1;4;9,3,2,43,0.17250389139632408,0.26865349623116513,0.7506525013658502,False,False
65,1;4;9,3,3,42,0.15004980121339823,0.3428894007462334,0.7506525013658502,False,False
65,1;4;9,3,4,42,0.15004980121339823,0.3428894007462334,0.7506525013658502,False,False
65,1;4;9,3,5,40,0.12760012589783148,0.43266527528657084,0.7509041397983071,False,False
65,1;4;9,3,6,37,0.1212703014687501,0.4746179474136555,0.7510354628300103,False,False
65,1;4;9,3,7,34,0.1295025240513943,0.46541425291144506,0.7510354628300103,False,False
65,1;4;9,3,8,0,,,,False,False
65,1;4;9,3,9,0,,,,False,False
65,1;4;9,3,10,0,,,,False,False
65,1;4;10,3,0,44,0.16895438019099476,0.27292215340796405,0.7506525013658502,False,False
65,1;4;10,3,1,44,0.16895438019099476,0.27292215340796405,0.7506525013658502,False,False
65,1;4;10,3,2,42,0.14289295432625512,0.3666586221750777,0.7506525013658502,False,False
65,1;4;10,3,3,42,0.14289295432625512,0.3666586221750777,0.7506525013658502,False,False
65,1;4;10,3,4,42,0.14289295432625512,0.3666586221750777,0.7506525013658502,False,False
65,1;4;10,3,5,40,0.12938803326660644,0.42619128004955686,0.7506525013658502,False,False
65,1;4;10,3,6,36,0.10916165381672613,0.5262418841696136,0.7595331817189964,False,False
65,1;4;10,3,7,34,0.17256786045191716,0.32909171850304403,0.7506525013658502,False,False
65,1;4;10,3,8,0,,,,False,False
65,1;4;10,3,9,0,,,,False,False
65,1;4;10,3,10,0,,,,False,False
65,1;5;6,3,0,44,0.2195204671882996,0.15221663669164606,0.7506525013658502,False,False
65,1;5;6,3,1,44,0.2195204671882996,0.15221663669164606,0.7506525013658502,False,False
65,1;5;6,3,2,43,0.22032900364196575,0.15568478330548996,0.7506525013658502,False,False
65,1;5;6,3,3,42,0.19721992842411423,0.21060703161469857,0.7506525013658502,False,False
65,1;5;6,3,4,41,0.25943439537512086,0.10142169888630156,0.7506525013658502,False,False
65,1;5;6,3,5,38,0.18558290921685489,0.26462827647761805,0.7506525013658502,False,False
65,1;5;6,3,6,37,0.15135009193109694,0.37121754975555893,0.7506525013658502,False,False
65,1;5;6,3,7,34,0.15387045461254426,0.38493328289263257,0.7506525013658502,False,False
65,1;5;6,3,8,0,,,,False,False
65,1;5;6,3,9,0,,,,False,False
65,1;5;6,3,10,0,,,,False,False
65,1;5;7,3,0,44,0.07899625059578952,0.610251517712443,0.783770661364737,False,False
65,1;5;7,3,1,44,0.07899625059578952,0.610251517712443,0.783770661364737,False,False
65,1;5;7,3,2,43,0.07056288351932237,0.6529713289709085,0.8045469226958312,False,False
65,1;5;7,3,3,42,0.04326639254500155,0.7855731080713911,0.8751859997973442,False,False
65,1;5;7,3,4,42,0.04326639254500155,0.7855731080713911,0.8751859997973442,False,False
65,1;5;7,3,5,39,0.1545201303411193,0.3476077683018859,0.7506525013658502,False,False
65,1;5;7,3,6,37,0.092141650625766,0.5875464555152613,0.7773467911697347,False,False
65,1;5;7,3,7,34,0.11065186078710851,0.5332911054102811,0.760535689565614,False,False
65,1;5;7,3,8,0,,,,False,False
65,1;5;7,3,9,0,,,,False,False
65,1;5;7,3,10,0,,,,False,False
65,1;5;8,3,0,44,0.17291480099078366,0.2616721797364149,0.7506525013658502,False,False
65,1;5;8,3,1,44,0.17291480099078366,0.2616721797364149,0.7506525013658502,False,False
65,1;5;8,3,2,43,0.17280706167997315,0.26780024093957294,0.7506525013658502,False,False
65,1;5;8,3,3,42,0.14736598363071957,0.3516894292620785,0.7506525013658502,False,False
65,1;5;8,3,4,42,0.14736598363071957,0.3516894292620785,0.7506525013658502,False,False
65,1;5;8,3,5,38,0.1260771929362966,0.4507008232566391,0.7509923134248312,False,False
65,1;5;8,3,6,37,0.1443354372382967,0.3940474874053568,0.7506525013658502,False,False
65,1;5;8,3,7,35,0.16432649100024915,0.34552959388148735,0.7506525013658502,False,False
65,1;5;8,3,8,0,,,,False,False
65,1;5;8,3,9,0,,,,False,False
65,1;5;8,3,10,0,,,,False,False
65,1;5;9,3,0,44,0.13458358539282675,0.38375492329822447,0.7506525013658502,False,False
65,1;5;9,3,1,44,0.13458358539282675,0.38375492329822447,0.7506525013658502,False,False
65,1;5;9,3,2,43,0.13127273282004978,0.4014204447043202,0.7506525013658502,False,False
65,1;5;9,3,3,42,0.10287967400268226,0.5167656423587514,0.756979384639706,False,False
65,1;5;9,3,4,42,0.10287967400268226,0.5167656423587514,0.756979384639706,False,False
65,1;5;9,3,5,40,0.14463229609510841,0.3732385962205724,0.7506525013658502,False,False
65,1;5;9,3,6,37,0.10581428265410547,0.5330837872142266,0.760535689565614,False,False
65,1;5;9,3,7,35,0.1666911203530769,0.33853603349537703,0.7506525013658502,False,False
65,1;5;9,3,8,0,,,,False,False
65,1;5;9,3,9,0,,,,False,False
65,1;5;9,3,10,0,,,,False,False
65,1;5;10,3,0,44,0.15374919319180522,0.3190376266390637,0.7506525013658502,False,False
65,1;5;10,3,1,44,0.15374919319180522,0.3190376266390637,0.7506525013658502,False,False
65,1;5;10,3,2,42,0.12410623124750443,0.433590649428056,0.7509041397983071,False,False
65,1;5;10,3,3,42,0.12410623124750443,0.433590649428056,0.7509041397983071,False,False
65,1;5;10,3,4,42,0.12410623124750443,0.433590649428056,0.7509041397983071,False,False
65,1;5;10,3,5,40,0.17060400313625998,0.29256100375335753,0.7506525013658502,False,False
65,1;5;10,3,6,37,0.12721492408976728,0.45306487279056235,0.7509923134248312,False,False
65,1;5;10,3,7,34,0.1377784249966905,0.43713148902164967,0.7509041397983071,False,False
65,1;5;10,3,8,0,,,,False,False
65,1;5;10,3,9,0,,,,False,False
65,1;5;10,3,10,0,,,,False,False
65,1;6;7,3,0,44,0.09688886599483586,0.5315374266526772,0.760535689565614,False,False
65,1;6;7,3,1,44,0.09688886599483586,0.5315374266526772,0.760535689565614,False,False
65,1;6;7,3,2,43,0.09019315938560002,0.565167834357486,0.7703040651288825,False,False
65,1;6;7,3,3,42,0.06343568831785941,0.689815165978248,0.821705364476319,False,False
65,1;6;7,3,4,42,0.06343568831785941,0.689815165978248,0.821705364476319,False,False
65,1;6;7,3,5,39,0.12046470687778052,0.4650895153006954,0.7510354628300103,False,False
65,1;6;7,3,6,36,0.10135624139371353,0.5564025736486209,0.7674034743810524,False,False
65,1;6;7,3,7,34,0.0418392770012197,0.8142550826155682,0.8912988190497926,False,False
65,1;6;7,3,8,0,,,,False,False
65,1;6;7,3,9,0,,,,False,False
65,1;6;7,3,10,0,,,,False,False
65,1;6;8,3,0,44,0.19780887458945684,0.19805817121212962,0.7506525013658502,False,False
65,1;6;8,3,1,44,0.19780887458945684,0.19805817121212962,0.7506525013658502,False,False
65,1;6;8,3,2,43,0.19577221066639064,0.2083367781315947,0.7506525013658502,False,False
65,1;6;8,3,3,42,0.17298424237447052,0.27328967754272426,0.7506525013658502,False,False
65,1;6;8,3,4,42,0.17298424237447052,0.27328967754272426,0.7506525013658502,False,False
65,1;6;8,3,5,39,0.10978024478812543,0.505866871192566,0.7558559619392049,False,False
65,1;6;8,3,6,35,0.11839934351556412,0.4981458783019514,0.7558129676892907,False,False
65,1;6;8,3,7,35,0.11839934351556412,0.4981458783019514,0.7558129676892907,False,False
65,1;6;8,3,8,0,,,,False,False
65,1;6;8,3,9,0,,,,False,False
65,1;6;8,3,10,0,,,,False,False
65,1;6;9,3,0,44,0.1432823667923631,0.3534769570282391,0.7506525013658502,False,False
65,1;6;9,3,1,44,0.1432823667923631,0.3534769570282391,0.7506525013658502,False,False
65,1;6;9,3,2,43,0.13816985677306626,0.3769172254422896,0.7506525013658502,False,False
65,1;6;9,3,3,42,0.11231369944482546,0.47884891455243167,0.7519074874765345,False,False
65,1;6;9,3,4,42,0.11231369944482546,0.47884891455243167,0.7519074874765345,False,False
65,1;6;9,3,5,41,0.11926812109594367,0.45764606753410486,0.7510354628300103,False,False
65,1;6;9,3,6,36,0.1225313032899798,0.47650728610711146,0.7513306618470189,False,False
65,1;6;9,3,7,34,0.05164775219564483,0.7717514787351776,0.8672683775112799,False,False
65,1;6;9,3,8,0,,,,False,False
65,1;6;9,3,9,0,,,,False,False
65,1;6;9,3,10,0,,,,False,False
65,1;6;10,3,0,44,0.15176898279191076,0.32538509302737223,0.7506525013658502,False,False
65,1;6;10,3,1,44,0.15176898279191076,0.32538509302737223,0.7506525013658502,False,False
65,1;6;10,3,2,42,0.12369959221982588,0.43511051311751003,0.7509041397983071,False,False
65,1;6;10,3,3,42,0.12369959221982588,0.43511051311751003,0.7509041397983071,False,False
65,1;6;10,3,4,42,0.12369959221982588,0.43511051311751003,0.7509041397983071,False,False
65,1;6;10,3,5,41,0.128361878129652,0.4238175240977468,0.7506525013658502,False,False
65,1;6;10,3,6,35,0.06994409616933682,0.68970418727258,0.821705364476319,False,False
65,1;6;10,3,7,34,0.05885085116655078,0.7409408433881146,0.8498132189942472,False,False
65,1;6;10,3,8,0,,,,False,False
65,1;6;10,3,9,0,,,,False,False
65,1;6;10,3,10,0,,,,False,False
65,1;7;8,3,0,44,0.0780061453958423,0.6147489931094241,0.7848162741636515,False,False
65,1;7;8,3,1,44,0.0780061453958423,0.6147489931094241,0.7848162741636515,False,False
65,1;7;8,3,2,43,0.07329141607216405,0.6404490868060656,0.799000556508867,False,False
65,1;7;8,3,3,42,0.050992534070894685,0.7484339458942795,0.8529925286880442,False,False
65,1;7;8,3,4,42,0.050992534070894685,0.7484339458942795,0.8529925286880442,False,False
65,1;7;8,3,5,41,0.039528071708344534,0.806168662638379,0.8870270941770478,False,False
65,1;7;8,3,6,35,0.08244414548474038,0.6377582429572979,0.7978853603001306,False,False
65,1;7;8,3,7,35,0.08244414548474038,0.6377582429572979,0.7978853603001306,False,False
65,1;7;8,3,8,0,,,,False,False
65,1;7;8,3,9,0,,,,False,False
65,1;7;8,3,10,0,,,,False,False
65,1;7;9,3,0,44,0.038260493797960725,0.8052368530691958,0.8869589364181585,False,False
65,1;7;9,3,1,44,0.038260493797960725,0.8052368530691958,0.8869589364181585,False,False
65,1;7;9,3,2,43,0.03137812435767933,0.8416791975839815,0.9067512986500851,False,False
65,1;7;9,3,3,42,0.0036597512491072745,0.9816485354993736,0.9886606772481066,False,False
65,1;7;9,3,4,42,0.0036597512491072745,0.9816485354993736,0.9886606772481066,False,False
65,1;7;9,3,5,42,0.0036597512491072745,0.9816485354993736,0.9886606772481066,False,False
65,1;7;9,3,6,37,0.14386970210576627,0.39559146727851624,0.7506525013658502,False,False
65,1;7;9,3,7,34,0.016245287040766623,0.9273430352562,0.9602144937661239,False,False
65,1;7;9,3,8,0,,,,False,False
65,1;7;9,3,9,0,,,,False,False
65,1;7;9,3,10,0,,,,False,False
65,1;7;10,3,0,44,-0.01039610459944589,0.946600441748955,0.9710658971541436,False,False
65,1;7;10,3,1,44,-0.01039610459944589,0.946600441748955,0.9710658971541436,False,False
65,1;7;10,3,2,42,-0.050504567237680376,0.7507640077851256,0.8546208102974874,False,False
65,1;7;10,3,3,42,-0.050504567237680376,0.7507640077851256,0.8546208102974874,False,False
65,1;7;10,3,4,42,-0.050504567237680376,0.7507640077851256,0.8546208102974874,False,False
65,1;7;10,3,5,42,-0.050504567237680376,0.7507640077851256,0.8546208102974874,False,False
65,1;7;10,3,6,36,0.04454509972080404,0.7964330575319276,0.8818783032715294,False,False
65,1;7;10,3,7,34,-0.030191712707839855,0.8654033934217555,0.9215068548777681,False,False
65,1;7;10,3,8,0,,,,False,False
65,1;7;10,3,9,0,,,,False,False
65,1;7;10,3,10,0,,,,False,False
65,1;8;9,3,0,44,0.08861441539527687,0.567317292046823,0.7703040651288825,False,False
65,1;8;9,3,1,44,0.08861441539527687,0.567317292046823,0.7703040651288825,False,False
65,1;8;9,3,2,43,0.08231073201072406,0.599767691272382,0.7805874846369159,False,False
65,1;8;9,3,3,42,0.053757679459109066,0.7352725261801154,0.8475847491695344,False,False
65,1;8;9,3,4,42,0.053757679459109066,0.7352725261801154,0.8475847491695344,False,False
65,1;8;9,3,5,41,0.02708500356702291,0.8665077459379953,0.9217901220301834,False,False
65,1;8;9,3,6,37,0.06682154249196837,0.6943574701257094,0.8233666737453104,False,False
65,1;8;9,3,7,35,0.051123797200077516,0.7705474142510106,0.867254079469395,False,False
65,1;8;9,3,8,0,,,,False,False
65,1;8;9,3,9,0,,,,False,False
65,1;8;9,3,10,0,,,,False,False
65,1;8;10,3,0,44,0.13274481859292475,0.390345442290737,0.7506525013658502,False,False
65,1;8;10,3,1,44,0.13274481859292475,0.390345442290737,0.7506525013658502,False,False
65,1;8;10,3,2,42,0.1040182632801823,0.512111489719958,0.756589918554522,False,False
65,1;8;10,3,3,42,0.1040182632801823,0.512111489719958,0.756589918554522,False,False
65,1;8;10,3,4,42,0.1040182632801823,0.512111489719958,0.756589918554522,False,False
65,1;8;10,3,5,41,0.08020655895008721,0.6181355104610191,0.7861638587378955,False,False
65,1;8;10,3,6,36,0.07548900533734211,0.6616947538998982,0.8097648698395292,False,False
65,1;8;10,3,7,35,0.11980384343864316,0.4930260400915197,0.7552765496963106,False,False
65,1;8;10,3,8,0,,,,False,False
65,1;8;10,3,9,0,,,,False,False
65,1;8;10,3,10,0,,,,False,False
65,1;9;10,3,0,44,0.07256056679613254,0.6397316685884322,0.7989167798615042,False,False
65,1;9;10,3,1,44,0.07256056679613254,0.6397316685884322,0.7989167798615042,False,False
65,1;9;10,3,2,42,0.03789875737964422,0.8116598110372459,0.8902028600610251,False,False
65,1;9;10,3,3,42,0.03789875737964422,0.8116598110372459,0.8902028600610251,False,False
65,1;9;10,3,4,42,0.03789875737964422,0.8116598110372459,0.8902028600610251,False,False
65,1;9;10,3,5,41,0.01563940528547452,0.9226866910767202,0.9579287380909738,False,False
65,1;9;10,3,6,39,0.11333464679329137,0.4921045783937154,0.7550319149425593,False,False
65,1;9;10,3,7,34,0.03586223742961688,0.8404218479062079,0.9065340494623063,False,False
65,1;9;10,3,8,0,,,,False,False
65,1;9;10,3,9,0,,,,False,False
65,1;9;10,3,10,0,,,,False,False
65,2;3;4,3,0,44,0.22779491778785857,0.1369748733608143,0.7506525013658502,False,False
65,2;3;4,3,1,44,0.22779491778785857,0.1369748733608143,0.7506525013658502,False,False
65,2;3;4,3,2,42,0.2190971081132221,0.16329788658080183,0.7506525013658502,False,False
65,2;3;4,3,3,42,0.2190971081132221,0.16329788658080183,0.7506525013658502,False,False
65,2;3;4,3,4,41,0.1858973793621527,0.2445495119892987,0.7506525013658502,False,False
65,2;3;4,3,5,39,0.20614481397830078,0.20800730398388068,0.7506525013658502,False,False
65,2;3;4,3,6,36,0.13548432211295797,0.43077864387115017,0.7509041397983071,False,False
65,2;3;4,3,7,34,0.2018400286102797,0.25232212959799427,0.7506525013658502,False,False
65,2;3;4,3,8,0,,,,False,False
65,2;3;4,3,9,0,,,,False,False
65,2;3;4,3,10,0,,,,False,False
65,2;3;5,3,0,44,0.17793604879051605,0.24785893173234436,0.7506525013658502,False,False
65,2;3;5,3,1,44,0.17793604879051605,0.24785893173234436,0.7506525013658502,False,False
65,2;3;5,3,2,42,0.16249295546036296,0.30388044944147174,0.7506525013658502,False,False
65,2;3;5,3,3,42,0.16249295546036296,0.30388044944147174,0.7506525013658502,False,False
65,2;3;5,3,4,41,0.21405305017805726,0.17899421073795618,0.7506525013658502,False,False
65,2;3;5,3,5,39,0.25681784953257275,0.11450895189669669,0.7506525013658502,False,False
65,2;3;5,3,6,37,0.20247384647184452,0.22943132170742686,0.7506525013658502,False,False
65,2;3;5,3,7,34,0.22130372157421702,0.2084605377265025,0.7506525013658502,False,False
65,2;3;5,3,8,0,,,,False,False
65,2;3;5,3,9,0,,,,False,False
65,2;3;5,3,10,0,,,,False,False
65,2;3;6,3,0,44,0.21075096398876703,0.16969058977135118,0.7506525013658502,False,False
65,2;3;6,3,1,44,0.21075096398876703,0.16969058977135118,0.7506525013658502,False,False
65,2;3;6,3,2,42,0.20275021920054298,0.19783618593016536,0.7506525013658502,False,False
65,2;3;6,3,3,42,0.20275021920054298,0.19783618593016536,0.7506525013658502,False,False
65,2;3;6,3,4,41,0.16945866472429535,0.2895119159659804,0.7506525013658502,False,False
65,2;3;6,3,5,39,0.19487285616963507,0.23450885323773893,0.7506525013658502,False,False
65,2;3;6,3,6,36,0.16165352130564248,0.34624082702518527,0.7506525013658502,False,False
65,2;3;6,3,7,34,0.1279699498022654,0.4707559014211331,0.7510354628300103,False,False
65,2;3;6,3,8,0,,,,False,False
65,2;3;6,3,9,0,,,,False,False
65,2;3;6,3,10,0,,,,False,False
65,2;3;7,3,0,44,0.13458358539282675,0.38375492329822447,0.7506525013658502,False,False
65,2;3;7,3,1,44,0.13458358539282675,0.38375492329822447,0.7506525013658502,False,False
65,2;3;7,3,2,42,0.12353693660875442,0.4357192857116306,0.7509041397983071,False,False
65,2;3;7,3,3,42,0.12353693660875442,0.4357192857116306,0.7509041397983071,False,False
65,2;3;7,3,4,42,0.12353693660875442,0.4357192857116306,0.7509041397983071,False,False
65,2;3;7,3,5,40,0.17679338746906512,0.2751375193753639,0.7506525013658502,False,False
65,2;3;7,3,6,36,0.16681817054863424,0.33084084868021174,0.7506525013658502,False,False
65,2;3;7,3,7,34,0.11034534593728273,0.5344327841868297,0.760535689565614,False,False
65,2;3;7,3,8,0,,,,False,False
65,2;3;7,3,9,0,,,,False,False
65,2;3;7,3,10,0,,,,False,False
65,2;3;8,3,0,44,0.18437173259017303,0.230885915625745,0.7506525013658502,False,False
65,2;3;8,3,1,44,0.18437173259017303,0.230885915625745,0.7506525013658502,False,False
65,2;3;8,3,2,42,0.17794523851214922,0.2595560480541306,0.7506525013658502,False,False
65,2;3;8,3,3,42,0.17794523851214922,0.2595560480541306,0.7506525013658502,False,False
65,2;3;8,3,4,42,0.17794523851214922,0.2595560480541306,0.7506525013658502,False,False
65,2;3;8,3,5,40,0.11386146927461366,0.48419695013355474,0.7526877465585478,False,False
65,2;3;8,3,6,35,0.1015453444386155,0.5616203494087072,0.7692215166831052,False,False
65,2;3;8,3,7,35,0.1015453444386155,0.5616203494087072,0.7692215166831052,False,False
65,2;3;8,3,8,0,,,,False,False
65,2;3;8,3,9,0,,,,False,False
65,2;3;8,3,10,0,,,,False,False
65,2;3;9,3,0,44,0.14971805059202006,0.33204209921310845,0.7506525013658502,False,False
65,2;3;9,3,1,44,0.14971805059202006,0.33204209921310845,0.7506525013658502,False,False
65,2;3;9,3,2,42,0.14289295432625512,0.3666586221750777,0.7506525013658502,False,False
65,2;3;9,3,3,42,0.14289295432625512,0.3666586221750777,0.7506525013658502,False,False
65,2;3;9,3,4,42,0.14289295432625512,0.3666586221750777,0.7506525013658502,False,False
65,2;3;9,3,5,41,0.11681980189456065,0.46699608351331934,0.7510354628300103,False,False
65,2;3;9,3,6,37,0.16347712207797194,0.3336504517053767,0.7506525013658502,False,False
65,2;3;9,3,7,34,0.10130315786742206,0.568630768922627,0.770610691449355,False,False
65,2;3;9,3,8,0,,,,False,False
65,2;3;9,3,9,0,,,,False,False
65,2;3;9,3,10,0,,,,False,False
65,2;3;10,3,0,43,0.1788782272787727,0.25109055518556805,0.7506525013658502,False,False
65,2;3;10,3,1,43,0.1788782272787727,0.25109055518556805,0.7506525013658502,False,False
65,2;3;10,3,2,42,0.18477677417714947,0.24140891994714642,0.7506525013658502,False,False
65,2;3;10,3,3,42,0.18477677417714947,0.24140891994714642,0.7506525013658502,False,False
65,2;3;10,3,4,42,0.18477677417714947,0.24140891994714642,0.7506525013658502,False,False
65,2;3;10,3,5,41,0.1623760270345802,0.31043401334558873,0.7506525013658502,False,False
65,2;3;10,3,6,36,0.17664574949775186,0.302727345984209,0.7506525013658502,False,False
65,2;3;10,3,7,34,0.17164831590243979,0.33171481894483573,0.7506525013658502,False,False
65,2;3;10,3,8,0,,,,False,False
65,2;3;10,3,9,0,,,,False,False
65,2;3;10,3,10,0,,,,False,False
65,2;4;5,3,0,44,0.2546692017864262,0.0952589049158324,0.7506525013658502,False,False
65,2;4;5,3,1,44,0.2546692017864262,0.0952589049158324,0.7506525013658502,False,False
65,2;4;5,3,2,43,0.2325947300914156,0.13336772604729716,0.7506525013658502,False,False
65,2;4;5,3,3,42,0.227473872083401,0.1473987687995292,0.7506525013658502,False,False
65,2;4;5,3,4,41,0.23687488273380605,0.13592269125383358,0.7506525013658502,False,False
65,2;4;5,3,5,37,0.22375559545508594,0.18309373387761052,0.7506525013658502,False,False
65,2;4;5,3,6,37,0.22375559545508594,0.18309373387761052,0.7506525013658502,False,False
65,2;4;5,3,7,35,0.163062441069478,0.3493038601213308,0.7506525013658502,False,False
65,2;4;5,3,8,0,,,,False,False
65,2;4;5,3,9,0,,,,False,False
65,2;4;5,3,10,0,,,,False,False
65,2;4;6,3,0,44,0.28090698958502774,0.06473692574227068,0.7506525013658502,False,False
65,2;4;6,3,1,44,0.28090698958502774,0.06473692574227068,0.7506525013658502,False,False
65,2;4;6,3,2,43,0.26532467256682,0.08551383021194794,0.7506525013658502,False,False
65,2;4;6,3,3,42,0.2625261562692951,0.09303056563605451,0.7506525013658502,False,False
65,2;4;6,3,4,41,0.21326609043475558,0.18063567001250783,0.7506525013658502,False,False
65,2;4;6,3,5,38,0.21424393839176561,0.196485622927202,0.7506525013658502,False,False
65,2;4;6,3,6,36,0.10774229425173325,0.5316664413363411,0.760535689565614,False,False
65,2;4;6,3,7,34,0.15509651401184738,0.38111136618407065,0.7506525013658502,False,False
65,2;4;6,3,8,0,,,,False,False
65,2;4;6,3,9,0,,,,False,False
65,2;4;6,3,10,0,,,,False,False
65,2;4;7,3,0,44,0.17998698099040675,0.2423610570014519,0.7506525013658502,False,False
65,2;4;7,3,1,44,0.17998698099040675,0.2423610570014519,0.7506525013658502,False,False
65,2;4;7,3,2,43,0.16183138223949958,0.29983715689475776,0.7506525013658502,False,False
65,2;4;7,3,3,42,0.15346556904589834,0.331887110554518,0.7506525013658502,False,False
65,2;4;7,3,4,42,0.15346556904589834,0.331887110554518,0.7506525013658502,False,False
65,2;4;7,3,5,39,0.2433692052872629,0.13545250124760305,0.7506525013658502,False,False
65,2;4;7,3,6,36,0.11174230757125868,0.5164487703683489,0.756979384639706,False,False
65,2;4;7,3,7,34,0.1672038505799659,0.34457379135830896,0.7506525013658502,False,False
65,2;4;7,3,8,0,,,,False,False
65,2;4;7,3,9,0,,,,False,False
65,2;4;7,3,10,0,,,,False,False
65,2;4;8,3,0,44,0.24165639058711977,0.11402815452006694,0.7506525013658502,False,False
65,2;4;8,3,1,44,0.24165639058711977,0.11402815452006694,0.7506525013658502,False,False
65,2;4;8,3,2,43,0.22032100166313898,0.1557001814819512,0.7506525013658502,False,False
65,2;4;8,3,3,42,0.21511204564197198,0.17128337391645035,0.7506525013658502,False,False
65,2;4;8,3,4,42,0.21511204564197198,0.17128337391645035,0.7506525013658502,False,False
65,2;4;8,3,5,38,0.10917911833909064,0.5140801201863292,0.756979384639706,False,False
65,2;4;8,3,6,36,0.1030971174935747,0.5496065463406139,0.7643432503986614,False,False
65,2;4;8,3,7,35,0.1658714409156361,0.3409504138752431,0.7506525013658502,False,False
65,2;4;8,3,8,0,,,,False,False
65,2;4;8,3,9,0,,,,False,False
65,2;4;8,3,10,0,,,,False,False
65,2;4;9,3,0,44,0.20445672378910254,0.18309604092318063,0.7506525013658502,False,False
65,2;4;9,3,1,44,0.20445672378910254,0.18309604092318063,0.7506525013658502,False,False
65,2;4;9,3,2,43,0.181302667462136,0.24461792459538445,0.7506525013658502,False,False
65,2;4;9,3,3,42,0.17355353701322052,0.2716898690469056,0.7506525013658502,False,False
65,2;4;9,3,4,42,0.17355353701322052,0.2716898690469056,0.7506525013658502,False,False
65,2;4;9,3,5,40,0.09965231071224452,0.5406720262964405,0.7614936820923571,False,False
65,2;4;9,3,6,37,0.13518071840193024,0.4250321695301137,0.7506525013658502,False,False
65,2;4;9,3,7,34,0.12367874190470439,0.485882343810932,0.7528806075466162,False,False
65,2;4;9,3,8,0,,,,False,False
65,2;4;9,3,9,0,,,,False,False
65,2;4;9,3,10,0,,,,False,False
65,2;4;10,3,0,43,0.17963586483607374,0.24905561924912709,0.7506525013658502,False,False
65,2;4;10,3,1,43,0.17963586483607374,0.24905561924912709,0.7506525013658502,False,False
65,2;4;10,3,2,43,0.17963586483607374,0.24905561924912709,0.7506525013658502,False,False
65,2;4;10,3,3,42,0.16997511356964895,0.28184857697469107,0.7506525013658502,False,False
65,2;4;10,3,4,42,0.16997511356964895,0.28184857697469107,0.7506525013658502,False,False
65,2;4;10,3,5,40,0.10049921420271685,0.5372196159427725,0.7607575480089929,False,False
65,2;4;10,3,6,36,0.07780671069915586,0.6519538567748919,0.8043688576357022,False,False
65,2;4;10,3,7,34,0.12842972207700407,0.4691500325744796,0.7510354628300103,False,False
65,2;4;10,3,8,0,,,,False,False
65,2;4;10,3,9,0,,,,False,False
65,2;4;10,3,10,0,,,,False,False
65,2;5;6,3,0,44,0.24229288678708588,0.11304932878822704,0.7506525013658502,False,False
65,2;5;6,3,1,44,0.24229288678708588,0.11304932878822704,0.7506525013658502,False,False
65,2;5;6,3,2,43,0.2190330178157272,0.15819317295363647,0.7506525013658502,False,False
65,2;5;6,3,3,42,0.21657594614161493,0.1683178943446698,0.7506525013658502,False,False
65,2;5;6,3,4,41,0.21405305017805726,0.17899421073795618,0.7506525013658502,False,False
65,2;5;6,3,5,38,0.19447771137458583,0.2419986423756838,0.7506525013658502,False,False
65,2;5;6,3,6,37,0.16050481076746337,0.3426333144257655,0.7506525013658502,False,False
65,2;5;6,3,7,34,0.16827665255435614,0.341442530580225,0.7506525013658502,False,False
65,2;5;6,3,8,0,,,,False,False
65,2;5;6,3,9,0,,,,False,False
65,2;5;6,3,10,0,,,,False,False
65,2;5;7,3,0,44,0.1373417355926797,0.3739931767876247,0.7506525013658502,False,False
65,2;5;7,3,1,44,0.1373417355926797,0.3739931767876247,0.7506525013658502,False,False
65,2;5;7,3,2,43,0.11690347509154862,0.4553269558930542,0.7510354628300103,False,False
65,2;5;7,3,3,42,0.10954855405661106,0.48980863084171955,0.7550319149425593,False,False
65,2;5;7,3,4,42,0.10954855405661106,0.48980863084171955,0.7550319149425593,False,False
65,2;5;7,3,5,39,0.20534912058490856,0.20980665690398795,0.7506525013658502,False,False
65,2;5;7,3,6,37,0.13910416933180159,0.41158975022856625,0.7506525013658502,False,False
65,2;5;7,3,7,34,0.1379316824216034,0.4366167908353223,0.7509041397983071,False,False
65,2;5;7,3,8,0,,,,False,False
65,2;5;7,3,9,0,,,,False,False
65,2;5;7,3,10,0,,,,False,False
65,2;5;8,3,0,44,0.2260975945879491,0.14000493386500418,0.7506525013658502,False,False
65,2;5;8,3,1,44,0.2260975945879491,0.14000493386500418,0.7506525013658502,False,False
65,2;5;8,3,2,43,0.20145582648634333,0.19516990995746386,0.7506525013658502,False,False
65,2;5;8,3,3,42,0.19583735573000702,0.21388738824011266,0.7506525013658502,False,False
65,2;5;8,3,4,42,0.19583735573000702,0.21388738824011266,0.7506525013658502,False,False
65,2;5;8,3,5,38,0.12454100433655062,0.45628127105169286,0.7510354628300103,False,False
65,2;5;8,3,6,37,0.19201131065885432,0.25490980978782823,0.7506525013658502,False,False
65,2;5;8,3,7,35,0.2009839389926124,0.2469803950302631,0.7506525013658502,False,False
65,2;5;8,3,8,0,,,,False,False
65,2;5;8,3,9,0,,,,False,False
65,2;5;8,3,10,0,,,,False,False
65,2;5;9,3,0,44,0.181054187742911,0.23953317729129023,0.7506525013658502,False,False
65,2;5;9,3,1,44,0.181054187742911,0.23953317729129023,0.7506525013658502,False,False
65,2;5;9,3,2,43,0.15592769613337043,0.31804623363528234,0.7506525013658502,False,False
65,2;5;9,3,3,42,0.1524958139267213,0.3349881660841619,0.7506525013658502,False,False
65,2;5;9,3,4,42,0.1524958139267213,0.3349881660841619,0.7506525013658502,False,False
65,2;5;9,3,5,40,0.1587548007294994,0.3278575104806943,0.7506525013658502,False,False
65,2;5;9,3,6,37,0.16372461119472853,0.33290910891204534,0.7506525013658502,False,False
65,2;5;9,3,7,35,0.20619983112803084,0.23467001537343796,0.7506525013658502,False,False
65,2;5;9,3,8,0,,,,False,False
65,2;5;9,3,9,0,,,,False,False
65,2;5;9,3,10,0,,,,False,False
65,2;5;10,3,0,43,0.16599838880465526,0.28739610813882155,0.7506525013658502,False,False
65,2;5;10,3,1,43,0.16599838880465526,0.28739610813882155,0.7506525013658502,False,False
65,2;5;10,3,2,43,0.16599838880465526,0.28739610813882155,0.7506525013658502,False,False
65,2;5;10,3,3,42,0.16094772715518435,0.30856392771229524,0.7506525013658502,False,False
65,2;5;10,3,4,42,0.16094772715518435,0.30856392771229524,0.7506525013658502,False,False
65,2;5;10,3,5,40,0.168439694216164,0.29881780230787874,0.7506525013658502,False,False
65,2;5;10,3,6,37,0.17714975410631142,0.2942243257270703,0.7506525013658502,False,False
65,2;5;10,3,7,34,0.17118854362770114,0.33303118072054727,0.7506525013658502,False,False
65,2;5;10,3,8,0,,,,False,False
65,2;5;10,3,9,0,,,,False,False
65,2;5;10,3,10,0,,,,False,False
65,2;6;7,3,0,44,0.17277335739079125,0.26206856401349615,0.7506525013658502,False,False
65,2;6;7,3,1,44,0.17277335739079125,0.26206856401349615,0.7506525013658502,False,False
65,2;6;7,3,2,43,0.1563763918269322,0.3166383086687828,0.7506525013658502,False,False
65,2;6;7,3,3,42,0.14484482165911233,0.36008023125441896,0.7506525013658502,False,False
65,2;6;7,3,4,42,0.14484482165911233,0.36008023125441896,0.7506525013658502,False,False
65,2;6;7,3,5,39,0.16336437464353865,0.32036235211487724,0.7506525013658502,False,False
65,2;6;7,3,6,36,0.11220200480399625,0.5147138226847452,0.756979384639706,False,False
65,2;6;7,3,7,34,0.052107524470383505,0.7697740104235451,0.8671333304462692,False,False
65,2;6;7,3,8,0,,,,False,False
65,2;6;7,3,9,0,,,,False,False
65,2;6;7,3,10,0,,,,False,False
65,2;6;8,3,0,44,0.22036912878825438,0.15059846252236514,0.7506525013658502,False,False
65,2;6;8,3,1,44,0.22036912878825438,0.15059846252236514,0.7506525013658502,False,False
65,2;6;8,3,2,43,0.1972888199211877,0.2047642522973014,0.7506525013658502,False,False
65,2;6;8,3,3,42,0.19177096545322117,0.2237404002856668,0.7506525013658502,False,False
65,2;6;8,3,4,42,0.19177096545322117,0.2237404002856668,0.7506525013658502,False,False
65,2;6;8,3,5,39,0.04874608464227586,0.7682307174385138,0.8663927477923242,False,False
65,2;6;8,3,6,35,0.04143274773083205,0.8131853744070886,0.8908309707681787,False,False
65,2;6;8,3,7,35,0.04143274773083205,0.8131853744070886,0.8908309707681787,False,False
65,2;6;8,3,8,0,,,,False,False
65,2;6;8,3,9,0,,,,False,False
65,2;6;8,3,10,0,,,,False,False
65,2;6;9,3,0,44,0.17581439479062913,0.25363426538099465,0.7506525013658502,False,False
65,2;6;9,3,1,44,0.17581439479062913,0.25363426538099465,0.7506525013658502,False,False
65,2;6;9,3,2,43,0.15281549530761734,0.3279202158556314,0.7506525013658502,False,False
65,2;6;9,3,3,42,0.14736598363071957,0.3516894292620785,0.7506525013658502,False,False
65,2;6;9,3,4,42,0.14736598363071957,0.3516894292620785,0.7506525013658502,False,False
65,2;6;9,3,5,41,0.11244780332066244,0.48394266193112057,0.7526877465585478,False,False
65,2;6;9,3,6,36,0.11375139957689379,0.508887621653461,0.7558559619392049,False,False
65,2;6;9,3,7,34,0.04015344532717788,0.8216167706674581,0.895713491083482,False,False
65,2;6;9,3,8,0,,,,False,False
65,2;6;9,3,9,0,,,,False,False
65,2;6;9,3,10,0,,,,False,False
65,2;6;10,3,0,43,0.18395439891268958,0.2376686786384098,0.7506525013658502,False,False
65,2;6;10,3,1,43,0.18395439891268958,0.2376686786384098,0.7506525013658502,False,False
65,2;6;10,3,2,43,0.18395439891268958,0.2376686786384098,0.7506525013658502,False,False
65,2;6;10,3,3,42,0.18193030098339938,0.24886289482113877,0.7506525013658502,False,False
65,2;6;10,3,4,42,0.18193030098339938,0.24886289482113877,0.7506525013658502,False,False
65,2;6;10,3,5,41,0.1474237919118483,0.35766691118070165,0.7506525013658502,False,False
65,2;6;10,3,6,35,0.10842739406170286,0.5352571034316541,0.760535689565614,False,False
65,2;6;10,3,7,34,0.0959391479954708,0.5893765882938586,0.7773945074295122,False,False
65,2;6;10,3,8,0,,,,False,False
65,2;6;10,3,9,0,,,,False,False
65,2;6;10,3,10,0,,,,False,False
65,2;7;8,3,0,44,0.15572940359169968,0.3127688400485753,0.7506525013658502,False,False
65,2;7;8,3,1,44,0.15572940359169968,0.3127688400485753,0.7506525013658502,False,False
65,2;7;8,3,2,43,0.14145093194810193,0.36557963065853116,0.7506525013658502,False,False
65,2;7;8,3,3,42,0.13801328599411208,0.38341710941891355,0.7506525013658502,False,False
65,2;7;8,3,4,42,0.13801328599411208,0.38341710941891355,0.7506525013658502,False,False
65,2;7;8,3,5,41,0.1270670092748332,0.4285466816651637,0.7508724417021384,False,False
65,2;7;8,3,6,35,0.09171384497706213,0.6002870963250719,0.7806019544294912,False,False
65,2;7;8,3,7,35,0.09171384497706213,0.6002870963250719,0.7806019544294912,False,False
65,2;7;8,3,8,0,,,,False,False
65,2;7;8,3,9,0,,,,False,False
65,2;7;8,3,10,0,,,,False,False
65,2;7;9,3,0,44,0.0888973025952618,0.5660759307449935,0.7703040651288825,False,False
65,2;7;9,3,1,44,0.0888973025952618,0.5660759307449935,0.7703040651288825,False,False
65,2;7;9,3,2,43,0.07197556794359766,0.6464759693102146,0.8021967633715933,False,False
65,2;7;9,3,3,42,0.07132448545482399,0.6535338787150532,0.8045469226958312,False,False
65,2;7;9,3,4,42,0.07132448545482399,0.6535338787150532,0.8045469226958312,False,False
65,2;7;9,3,5,42,0.07132448545482399,0.6535338787150532,0.8045469226958312,False,False
65,2;7;9,3,6,37,0.17052546163570148,0.3129364355456112,0.7506525013658502,False,False
65,2;7;9,3,7,34,0.05287381159494797,0.7664814014489659,0.8655634733523991,False,False
65,2;7;9,3,8,0,,,,False,False
65,2;7;9,3,9,0,,,,False,False
65,2;7;9,3,10,0,,,,False,False
65,2;7;10,3,0,43,0.1119072921229291,0.4749487023073402,0.7510354628300103,False,False
65,2;7;10,3,1,43,0.1119072921229291,0.4749487023073402,0.7510354628300103,False,False
65,2;7;10,3,2,43,0.1119072921229291,0.4749487023073402,0.7510354628300103,False,False
65,2;7;10,3,3,42,0.10499845108234516,0.5081217440183343,0.7558559619392049,False,False
65,2;7;10,3,4,42,0.10499845108234516,0.5081217440183343,0.7558559619392049,False,False
65,2;7;10,3,5,42,0.10499845108234516,0.5081217440183343,0.7558559619392049,False,False
65,2;7;10,3,6,36,0.15391645229346362,0.37011174212782627,0.7506525013658502,False,False
65,2;7;10,3,7,34,0.094260517552774,0.5959364145848649,0.7785811597048389,False,False
65,2;7;10,3,8,0,,,,False,False
65,2;7;10,3,9,0,,,,False,False
65,2;7;10,3,10,0,,,,False,False
65,2;8;9,3,0,44,0.1641452977912511,0.2870053807239877,0.7506525013658502,False,False
65,2;8;9,3,1,44,0.1641452977912511,0.2870053807239877,0.7506525013658502,False,False
65,2;8;9,3,2,43,0.1403902393678805,0.36922216496331084,0.7506525013658502,False,False
65,2;8;9,3,3,42,0.13776930257750494,0.3842666998234788,0.7506525013658502,False,False
65,2;8;9,3,4,42,0.13776930257750494,0.3842666998234788,0.7506525013658502,False,False
65,2;8;9,3,5,41,0.11637814435895007,0.4686935222103066,0.7510354628300103,False,False
65,2;8;9,3,6,37,0.07110192599679196,0.6758142308623375,0.8170155842762705,False,False
65,2;8;9,3,7,35,0.08525314533089849,0.6263041279359249,0.7914804068937229,False,False
65,2;8;9,3,8,0,,,,False,False
65,2;8;9,3,9,0,,,,False,False
65,2;8;9,3,10,0,,,,False,False
65,2;8;10,3,0,43,0.16940775781250988,0.27747025950394527,0.7506525013658502,False,False
65,2;8;10,3,1,43,0.16940775781250988,0.27747025950394527,0.7506525013658502,False,False
65,2;8;10,3,2,43,0.16940775781250988,0.27747025950394527,0.7506525013658502,False,False
65,2;8;10,3,3,42,0.16468880620982734,0.2973035518735117,0.7506525013658502,False,False
65,2;8;10,3,4,42,0.16468880620982734,0.2973035518735117,0.7506525013658502,False,False
65,2;8;10,3,5,41,0.14066727659002223,0.3803625242507655,0.7506525013658502,False,False
65,2;8;10,3,6,36,0.03509916145599496,0.8389590474367492,0.9054331392136243,False,False
65,2;8;10,3,7,35,0.10716334413093172,0.5400543643684609,0.7614936820923571,False,False
65,2;8;10,3,8,0,,,,False,False
65,2;8;10,3,9,0,,,,False,False
65,2;8;10,3,10,0,,,,False,False
65,2;9;10,3,0,43,0.09925052000643468,0.5265915384895338,0.7595331817189964,False,False
65,2;9;10,3,1,43,0.09925052000643468,0.5265915384895338,0.7595331817189964,False,False
65,2;9;10,3,2,43,0.09925052000643468,0.5265915384895338,0.7595331817189964,False,False
65,2;9;10,3,3,42,0.09751203883732493,0.5389868758553942,0.7614490681021345,False,False
65,2;9;10,3,4,42,0.09751203883732493,0.5389868758553942,0.7614490681021345,False,False
65,2;9;10,3,5,41,0.07898336524060875,0.6235196977720852,0.7892605611815204,False,False
65,2;9;10,3,6,39,0.10378853855084566,0.5294978325378601,0.760535689565614,False,False
65,2;9;10,3,7,34,0.04429139579982599,0.8035751607240093,0.8862693037479475,False,False
65,2;9;10,3,8,0,,,,False,False
65,2;9;10,3,9,0,,,,False,False
65,2;9;10,3,10,0,,,,False,False
65,3;4;5,3,0,44,0.2622364343860229,0.08549760051534282,0.7506525013658502,False,False
65,3;4;5,3,1,44,0.2622364343860229,0.08549760051534282,0.7506525013658502,False,False
65,3;4;5,3,2,43,0.26754777532030927,0.08282809036540278,0.7506525013658502,False,False
65,3;4;5,3,3,42,0.2515469025219733,0.108060527490669,0.7506525013658502,False,False
65,3;4;5,3,4,41,0.31189837826189964,0.04712293584874479,0.7506525013658502,True,False
65,3;4;5,3,5,39,0.29002442794188515,0.07329503190831062,0.7506525013658502,False,False
65,3;4;5,3,6,37,0.25811551420456513,0.12296754480326472,0.7506525013658502,False,False
65,3;4;5,3,7,35,0.20814688860031558,0.23018277883225177,0.7506525013658502,False,False
65,3;4;5,3,8,0,,,,False,False
65,3;4;5,3,9,0,,,,False,False
65,3;4;5,3,10,0,,,,False,False
65,3;4;6,3,0,44,0.2920103121844359,0.054433888361923234,0.7506525013658502,False,False
65,3;4;6,3,1,44,0.2920103121844359,0.054433888361923234,0.7506525013658502,False,False
65,3;4;6,3,2,43,0.2954394414160243,0.05442762211498345,0.7506525013658502,False,False
65,3;4;6,3,3,42,0.2855419252359031,0.06679526942904263,0.7506525013658502,False,False
65,3;4;6,3,4,41,0.2645059137208428,0.09468213822584066,0.7506525013658502,False,False
65,3;4;6,3,5,39,0.25214658773799054,0.12148652005594991,0.7506525013658502,False,False
65,3;4;6,3,6,37,0.18939567670560678,0.2615623334974641,0.7506525013658502,False,False
65,3;4;6,3,7,34,0.20674426620749223,0.2407348990686008,0.7506525013658502,False,False
65,3;4;6,3,8,0,,,,False,False
65,3;4;6,3,9,0,,,,False,False
65,3;4;6,3,10,0,,,,False,False
65,3;4;7,3,0,44,0.15247620079187305,0.3231091139804145,0.7506525013658502,False,False
65,3;4;7,3,1,44,0.15247620079187305,0.3231091139804145,0.7506525013658502,False,False
65,3;4;7,3,2,43,0.15090300868632744,0.33408184269485225,0.7506525013658502,False,False
65,3;4;7,3,3,42,0.13126307813464755,0.40732877248370175,0.7506525013658502,False,False
65,3;4;7,3,4,42,0.13126307813464755,0.40732877248370175,0.7506525013658502,False,False
65,3;4;7,3,5,40,0.20683978629838415,0.20033821903223095,0.7506525013658502,False,False
65,3;4;7,3,6,37,0.16193152019650747,0.33830324822622415,0.7506525013658502,False,False
65,3;4;7,3,7,34,0.18728057324355485,0.28887290349785133,0.7506525013658502,False,False
65,3;4;7,3,8,0,,,,False,False
65,3;4;7,3,9,0,,,,False,False
65,3;4;7,3,10,0,,,,False,False
65,3;4;8,3,0,44,0.22758275238786987,0.13735094176980847,0.7506525013658502,False,False
65,3;4;8,3,1,44,0.22758275238786987,0.13735094176980847,0.7506525013658502,False,False
65,3;4;8,3,2,43,0.23147051156606926,0.1353079550943715,0.7506525013658502,False,False
65,3;4;8,3,3,42,0.21478673441982912,0.17194744735906367,0.7506525013658502,False,False
65,3;4;8,3,4,42,0.21478673441982912,0.17194744735906367,0.7506525013658502,False,False
65,3;4;8,3,5,40,0.18471906131079885,0.25383953259948566,0.7506525013658502,False,False
65,3;4;8,3,6,36,0.13483915867432486,0.43299703697709957,0.7509041397983071,False,False
65,3;4;8,3,7,35,0.1995794390695334,0.25036761040039246,0.7506525013658502,False,False
65,3;4;8,3,8,0,,,,False,False
65,3;4;8,3,9,0,,,,False,False
65,3;4;8,3,10,0,,,,False,False
65,3;4;9,3,0,44,0.18903937138992427,0.21908545861097614,0.7506525013658502,False,False
65,3;4;9,3,1,44,0.18903937138992427,0.21908545861097614,0.7506525013658502,False,False
65,3;4;9,3,2,43,0.18986039013523368,0.22267721334087004,0.7506525013658502,False,False
65,3;4;9,3,3,42,0.17086971943054183,0.27928597635289193,0.7506525013658502,False,False
65,3;4;9,3,4,42,0.17086971943054183,0.27928597635289193,0.7506525013658502,False,False
65,3;4;9,3,5,41,0.17487994295592912,0.2741292563950924,0.7506525013658502,False,False
65,3;4;9,3,6,38,0.14987987042758194,0.36910772077214477,0.7506525013658502,False,False
65,3;4;9,3,7,34,0.18298936534599383,0.3002624012235556,0.7506525013658502,False,False
65,3;4;9,3,8,0,,,,False,False
65,3;4;9,3,9,0,,,,False,False
65,3;4;9,3,10,0,,,,False,False
65,3;4;10,3,0,44,0.22517821118799808,0.14166682510803139,0.7506525013658502,False,False
65,3;4;10,3,1,44,0.22517821118799808,0.14166682510803139,0.7506525013658502,False,False
65,3;4;10,3,2,42,0.2009610074787572,0.20190680426636665,0.7506525013658502,False,False
65,3;4;10,3,3,42,0.2009610074787572,0.20190680426636665,0.7506525013658502,False,False
65,3;4;10,3,4,42,0.2009610074787572,0.20190680426636665,0.7506525013658502,False,False
65,3;4;10,3,5,41,0.20635833268799636,0.19550664370485063,0.7506525013658502,False,False
65,3;4;10,3,6,37,0.12654503413179133,0.45546689654136424,0.7510354628300103,False,False
65,3;4;10,3,7,34,0.21011592955557584,0.23297902539164878,0.7506525013658502,False,False
65,3;4;10,3,8,0,,,,False,False
65,3;4;10,3,9,0,,,,False,False
65,3;4;10,3,10,0,,,,False,False
65,3;5;6,3,0,44,0.22701697798790005,0.1383575417310313,0.7506525013658502,False,False
65,3;5;6,3,1,44,0.22701697798790005,0.1383575417310313,0.7506525013658502,False,False
65,3;5;6,3,2,43,0.2330621555552269,0.13256715133651448,0.7506525013658502,False,False
65,3;5;6,3,3,42,0.21429876758661479,0.17294702892850355,0.7506525013658502,False,False
65,3;5;6,3,4,41,0.26712911286518176,0.09133427305192188,0.7506525013658502,False,False
65,3;5;6,3,5,39,0.2844392236222761,0.07926231971582552,0.7506525013658502,False,False
65,3;5;6,3,6,38,0.2537763924261252,0.12419136655079656,0.7506525013658502,False,False
65,3;5;6,3,7,34,0.25456058278031474,0.14626018925683146,0.7506525013658502,False,False
65,3;5;6,3,8,0,,,,False,False
65,3;5;6,3,9,0,,,,False,False
65,3;5;6,3,10,0,,,,False,False
65,3;5;7,3,0,44,0.12800645799317728,0.4076313439268087,0.7506525013658502,False,False
65,3;5;7,3,1,44,0.12800645799317728,0.4076313439268087,0.7506525013658502,False,False
65,3;5;7,3,2,43,0.13597187221661045,0.3846276748139608,0.7506525013658502,False,False
65,3;5;7,3,3,42,0.12020249658179001,0.448302789169761,0.7509923134248312,False,False
65,3;5;7,3,4,42,0.12020249658179001,0.448302789169761,0.7509923134248312,False,False
65,3;5;7,3,5,40,0.25515891670415414,0.11205508699411558,0.7506525013658502,False,False
65,3;5;7,3,6,38,0.21380468890249493,0.19742666173304482,0.7506525013658502,False,False
65,3;5;7,3,7,34,0.21394736517839819,0.22437249932561434,0.7506525013658502,False,False
65,3;5;7,3,8,0,,,,False,False
65,3;5;7,3,9,0,,,,False,False
65,3;5;7,3,10,0,,,,False,False
65,3;5;8,3,0,44,0.21131673838873688,0.16852131548621974,0.7506525013658502,False,False
65,3;5;8,3,1,44,0.21131673838873688,0.16852131548621974,0.7506525013658502,False,False
65,3;5;8,3,2,43,0.21934370022010627,0.15758917700157632,0.7506525013658502,False,False
65,3;5;8,3,3,42,0.1999037460067929,0.20433959030838986,0.7506525013658502,False,False
65,3;5;8,3,4,42,0.1999037460067929,0.20433959030838986,0.7506525013658502,False,False
65,3;5;8,3,5,40,0.23675657578093218,0.141317422649826,0.7506525013658502,False,False
65,3;5;8,3,6,37,0.21222302757031267,0.20730239222073468,0.7506525013658502,False,False
65,3;5;8,3,7,35,0.2293548374388093,0.18505471680522456,0.7506525013658502,False,False
65,3;5;8,3,8,0,,,,False,False
65,3;5;8,3,9,0,,,,False,False
65,3;5;8,3,10,0,,,,False,False
65,3;5;9,3,0,44,0.18720060459002225,0.22368326364018926,0.7506525013658502,False,False
65,3;5;9,3,1,44,0.18720060459002225,0.22368326364018926,0.7506525013658502,False,False
65,3;5;9,3,2,43,0.1929678855426367,0.21505675834374557,0.7506525013658502,False,False
65,3;5;9,3,3,42,0.17428548726304197,0.26964205445915057,0.7506525013658502,False,False
65,3;5;9,3,4,42,0.17428548726304197,0.26964205445915057,0.7506525013658502,False,False
65,3;5;9,3,5,41,0.24002272170701272,0.13064569772281787,0.7506525013658502,False,False
65,3;5;9,3,6,38,0.2429238895510003,0.1416767344135381,0.7506525013658502,False,False
65,3;5;9,3,7,35,0.28306569678844595,0.09941072342341935,0.7506525013658502,False,False
65,3;5;9,3,8,0,,,,False,False
65,3;5;9,3,9,0,,,,False,False
65,3;5;9,3,10,0,,,,False,False
65,3;5;10,3,0,44,0.20099135558928719,0.190791387196365,0.7506525013658502,False,False
65,3;5;10,3,1,44,0.20099135558928719,0.190791387196365,0.7506525013658502,False,False
65,3;5;10,3,2,42,0.18168631756679224,0.24950893018218925,0.7506525013658502,False,False
65,3;5;10,3,3,42,0.18168631756679224,0.24950893018218925,0.7506525013658502,False,False
65,3;5;10,3,4,42,0.18168631756679224,0.24950893018218925,0.7506525013658502,False,False
65,3;5;10,3,5,41,0.24841695896889737,0.11732139683474378,0.7506525013658502,False,False
65,3;5;10,3,6,38,0.25620021775139373,0.12051660728791666,0.7506525013658502,False,False
65,3;5;10,3,7,34,0.2531812659560987,0.14853418514464314,0.7506525013658502,False,False
65,3;5;10,3,8,0,,,,False,False
65,3;5;10,3,9,0,,,,False,False
65,3;5;10,3,10,0,,,,False,False
65,3;6;7,3,0,44,0.15933621539150744,0.30155306860908215,0.7506525013658502,False,False
65,3;6;7,3,1,44,0.15933621539150744,0.30155306860908215,0.7506525013658502,False,False
65,3;6;7,3,2,43,0.16522780458874628,0.289671107283763,0.7506525013658502,False,False
65,3;6;7,3,3,42,0.1527336187960769,0.3342260638884123,0.7506525013658502,False,False
65,3;6;7,3,4,42,0.1527336187960769,0.3342260638884123,0.7506525013658502,False,False
65,3;6;7,3,5,40,0.20693397563640706,0.20012880424767648,0.7506525013658502,False,False
65,3;6;7,3,6,36,0.14887101442923784,0.3861908728404589,0.7506525013658502,False,False
65,3;6;7,3,7,35,0.14898194567812945,0.3930158336087463,0.7506525013658502,False,False
65,3;6;7,3,8,0,,,,False,False
65,3;6;7,3,9,0,,,,False,False
65,3;6;7,3,10,0,,,,False,False
65,3;6;8,3,0,44,0.21831819658836374,0.15453083288687125,0.7506525013658502,False,False
65,3;6;8,3,1,44,0.21831819658836374,0.15453083288687125,0.7506525013658502,False,False
65,3;6;8,3,2,43,0.22502814303852647,0.14683321877268457,0.7506525013658502,False,False
65,3;6;8,3,3,42,0.20738590411607885,0.1875591520437799,0.7506525013658502,False,False
65,3;6;8,3,4,42,0.20738590411607885,0.1875591520437799,0.7506525013658502,False,False
65,3;6;8,3,5,40,0.1479258096691675,0.3623355995316685,0.7506525013658502,False,False
65,3;6;8,3,6,36,0.17366133079559837,0.31109935660736826,0.7506525013658502,False,False
65,3;6;8,3,7,35,0.13511289260020484,0.43900916954196817,0.7509041397983071,False,False
65,3;6;8,3,8,0,,,,False,False
65,3;6;8,3,9,0,,,,False,False
65,3;6;8,3,10,0,,,,False,False
65,3;6;9,3,0,44,0.19554577698957748,0.20334295154844642,0.7506525013658502,False,False
65,3;6;9,3,1,44,0.19554577698957748,0.20334295154844642,0.7506525013658502,False,False
65,3;6;9,3,2,43,0.20282091976123162,0.1920970201681544,0.7506525013658502,False,False
65,3;6;9,3,3,42,0.1839634961217923,0.24352302203293713,0.7506525013658502,False,False
65,3;6;9,3,4,42,0.1839634961217923,0.24352302203293713,0.7506525013658502,False,False
65,3;6;9,3,5,41,0.167797305266214,0.2943355964472919,0.7506525013658502,False,False
65,3;6;9,3,6,38,0.2478465243209713,0.13353375500608006,0.7506525013658502,False,False
65,3;6;9,3,7,34,0.12475154387909464,0.482077430010512,0.7521975241439104,False,False
65,3;6;9,3,8,0,,,,False,False
65,3;6;9,3,9,0,,,,False,False
65,3;6;9,3,10,0,,,,False,False
65,3;6;10,3,0,44,0.2314724513876626,0.13057739581299396,0.7506525013658502,False,False
65,3;6;10,3,1,44,0.2314724513876626,0.13057739581299396,0.7506525013658502,False,False
65,3;6;10,3,2,42,0.21299752269804337,0.1756329945202186,0.7506525013658502,False,False
65,3;6;10,3,3,42,0.21299752269804337,0.1756329945202186,0.7506525013658502,False,False
65,3;6;10,3,4,42,0.21299752269804337,0.1756329945202186,0.7506525013658502,False,False
65,3;6;10,3,5,41,0.21449025003544708,0.17808690848006883,0.7506525013658502,False,False
65,3;6;10,3,6,37,0.2609689330626534,0.11873589837161531,0.7506525013658502,False,False
65,3;6;10,3,7,34,0.1921848108407674,0.2762004566275585,0.7506525013658502,False,False
65,3;6;10,3,8,0,,,,False,False
65,3;6;10,3,9,0,,,,False,False
65,3;6;10,3,10,0,,,,False,False
65,3;7;8,3,0,44,0.12093427799355422,0.43423220406740054,0.7509041397983071,False,False
65,3;7;8,3,1,44,0.12093427799355422,0.43423220406740054,0.7509041397983071,False,False
65,3;7;8,3,2,43,0.12429981629612102,0.4271039733407272,0.7506525013658502,False,False
65,3;7;8,3,3,42,0.11003652088982536,0.48786517894527975,0.7538666504808756,False,False
65,3;7;8,3,4,42,0.11003652088982536,0.48786517894527975,0.7538666504808756,False,False
65,3;7;8,3,5,42,0.11003652088982536,0.48786517894527975,0.7538666504808756,False,False
65,3;7;8,3,6,36,0.18889704606242405,0.26987382363596313,0.7506525013658502,False,False
65,3;7;8,3,7,35,0.14494439206175821,0.4061088531646713,0.7506525013658502,False,False
65,3;7;8,3,8,0,,,,False,False
65,3;7;8,3,9,0,,,,False,False
65,3;7;8,3,10,0,,,,False,False
65,3;7;9,3,0,44,0.10219300099455313,0.509197114914059,0.7558559619392049,False,False
65,3;7;9,3,1,44,0.10219300099455313,0.509197114914059,0.7558559619392049,False,False
65,3;7;9,3,2,43,0.10815599869180775,0.4899698523070127,0.7550319149425593,False,False
65,3;7;9,3,3,42,0.09295768172732477,0.5581953409484481,0.7684881173120388,False,False
65,3;7;9,3,4,42,0.09295768172732477,0.5581953409484481,0.7684881173120388,False,False
65,3;7;9,3,5,42,0.09295768172732477,0.5581953409484481,0.7684881173120388,False,False
65,3;7;9,3,6,39,0.24804547238969152,0.12787107311889126,0.7506525013658502,False,False
65,3;7;9,3,7,34,0.12076685083135942,0.49628743469067954,0.7558129676892907,False,False
65,3;7;9,3,8,0,,,,False,False
65,3;7;9,3,9,0,,,,False,False
65,3;7;9,3,10,0,,,,False,False
65,3;7;10,3,0,44,0.10643630899432698,0.49167272799670586,0.7550319149425593,False,False
65,3;7;10,3,1,44,0.10643630899432698,0.49167272799670586,0.7550319149425593,False,False
65,3;7;10,3,2,42,0.09100581439446753,0.5665243562654515,0.7703040651288825,False,False
65,3;7;10,3,3,42,0.09100581439446753,0.5665243562654515,0.7703040651288825,False,False
65,3;7;10,3,4,42,0.09100581439446753,0.5665243562654515,0.7703040651288825,False,False
65,3;7;10,3,5,42,0.09100581439446753,0.5665243562654515,0.7703040651288825,False,False
65,3;7;10,3,6,38,0.20611782284025834,0.21440834301161765,0.7506525013658502,False,False
65,3;7;10,3,7,34,0.13379373194895533,0.450629829353431,0.7509923134248312,False,False
65,3;7;10,3,8,0,,,,False,False
65,3;7;10,3,9,0,,,,False,False
65,3;7;10,3,10,0,,,,False,False
65,3;8;9,3,0,44,0.15063743399197105,0.3290475072318117,0.7506525013658502,False,False
65,3;8;9,3,1,44,0.15063743399197105,0.3290475072318117,0.7506525013658502,False,False
65,3;8;9,3,2,43,0.15075142354450288,0.3345732724664101,0.7506525013658502,False,False
65,3;8;9,3,3,42,0.13110042252357612,0.40791530245729507,0.7506525013658502,False,False
65,3;8;9,3,4,42,0.13110042252357612,0.40791530245729507,0.7506525013658502,False,False
65,3;8;9,3,5,42,0.13110042252357612,0.40791530245729507,0.7506525013658502,False,False
65,3;8;9,3,6,38,0.13112466976403347,0.4326282428569455,0.7509041397983071,False,False
65,3;8;9,3,7,35,0.11685439360017716,0.5038086912576064,0.7558559619392049,False,False
65,3;8;9,3,8,0,,,,False,False
65,3;8;9,3,9,0,,,,False,False
65,3;8;9,3,10,0,,,,False,False
65,3;8;10,3,0,44,0.18557400319010894,0.22780562334124477,0.7506525013658502,False,False
65,3;8;10,3,1,44,0.18557400319010894,0.22780562334124477,0.7506525013658502,False,False
65,3;8;10,3,2,42,0.16542075645964877,0.29513175197270797,0.7506525013658502,False,False
65,3;8;10,3,3,42,0.16542075645964877,0.29513175197270797,0.7506525013658502,False,False
65,3;8;10,3,4,42,0.16542075645964877,0.29513175197270797,0.7506525013658502,False,False
65,3;8;10,3,5,42,0.16542075645964877,0.29513175197270797,0.7506525013658502,False,False
65,3;8;10,3,6,37,0.12655257083613272,0.4554398341179067,0.7510354628300103,False,False
65,3;8;10,3,7,35,0.16320289106178593,0.34888326899051997,0.7506525013658502,False,False
65,3;8;10,3,8,0,,,,False,False
65,3;8;10,3,9,0,,,,False,False
65,3;8;10,3,10,0,,,,False,False
65,3;9;10,3,0,44,0.13444214179283429,0.38425954276352625,0.7506525013658502,False,False
65,3;9;10,3,1,44,0.13444214179283429,0.38425954276352625,0.7506525013658502,False,False
65,3;9;10,3,2,42,0.1167867287492899,0.46139638284789564,0.7510354628300103,False,False
65,3;9;10,3,3,42,0.1167867287492899,0.46139638284789564,0.7510354628300103,False,False
65,3;9;10,3,4,42,0.1167867287492899,0.46139638284789564,0.7510354628300103,False,False
65,3;9;10,3,5,42,0.1167867287492899,0.46139638284789564,0.7510354628300103,False,False
65,3;9;10,3,6,39,0.18279781740853443,0.26534458222083723,0.7506525013658502,False,False
65,3;9;10,3,7,35,0.15351184159254044,0.37862073939827895,0.7506525013658502,False,False
65,3;9;10,3,8,0,,,,False,False
65,3;9;10,3,9,0,,,,False,False
65,3;9;10,3,10,0,,,,False,False
65,4;5;6,3,0,44,0.28274575638492977,0.0629310590556463,0.7506525013658502,False,False
65,4;5;6,3,1,44,0.28274575638492977,0.0629310590556463,0.7506525013658502,False,False
65,4;5;6,3,2,44,0.28274575638492977,0.0629310590556463,0.7506525013658502,False,False
65,4;5;6,3,3,42,0.2582157825759021,0.09872600932465676,0.7506525013658502,False,False
65,4;5;6,3,4,41,0.27290015098272746,0.084291266474367,0.7506525013658502,False,False
65,4;5;6,3,5,38,0.21193787857309468,0.20146130483419256,0.7506525013658502,False,False
65,4;5;6,3,6,37,0.1891578918007661,0.2621727457963434,0.7506525013658502,False,False
65,4;5;6,3,7,35,0.12724769303096214,0.4663463011147437,0.7510354628300103,False,False
65,4;5;6,3,8,0,,,,False,False
65,4;5;6,3,9,0,,,,False,False
65,4;5;6,3,10,0,,,,False,False
65,4;5;7,3,0,44,0.16937871099097218,0.27170178333795986,0.7506525013658502,False,False
65,4;5;7,3,1,44,0.16937871099097218,0.27170178333795986,0.7506525013658502,False,False
65,4;5;7,3,2,44,0.16937871099097218,0.27170178333795986,0.7506525013658502,False,False
65,4;5;7,3,3,42,0.13801328599411208,0.38341710941891355,0.7506525013658502,False,False
65,4;5;7,3,4,42,0.13801328599411208,0.38341710941891355,0.7506525013658502,False,False
65,4;5;7,3,5,39,0.22923874599948948,0.16038076046677158,0.7506525013658502,False,False
65,4;5;7,3,6,37,0.18773118237172196,0.2658549736639541,0.7506525013658502,False,False
65,4;5;7,3,7,35,0.12949489290788865,0.45844510698055657,0.7510354628300103,False,False
65,4;5;7,3,8,0,,,,False,False
65,4;5;7,3,9,0,,,,False,False
65,4;5;7,3,10,0,,,,False,False
65,4;5;8,3,0,44,0.26704551678576655,0.07971119176897028,0.7506525013658502,False,False
65,4;5;8,3,1,44,0.26704551678576655,0.07971119176897028,0.7506525013658502,False,False
65,4;5;8,3,2,44,0.26704551678576655,0.07971119176897028,0.7506525013658502,False,False
65,4;5;8,3,3,42,0.2406489765801872,0.12474028332932485,0.7506525013658502,False,False
65,4;5;8,3,4,42,0.2406489765801872,0.12474028332932485,0.7506525013658502,False,False
65,4;5;8,3,5,38,0.22351544126304282,0.17735192599073987,0.7506525013658502,False,False
65,4;5;8,3,6,37,0.2285112935518997,0.17371899462576412,0.7506525013658502,False,False
65,4;5;8,3,7,36,0.17987156669091753,0.2938406827832024,0.7506525013658502,False,False
65,4;5;8,3,8,0,,,,False,False
65,4;5;8,3,9,0,,,,False,False
65,4;5;8,3,10,0,,,,False,False
65,4;5;9,3,0,44,0.21202395638869917,0.16706793168857953,0.7506525013658502,False,False
65,4;5;9,3,1,44,0.21202395638869917,0.16706793168857953,0.7506525013658502,False,False
65,4;5;9,3,2,44,0.21202395638869917,0.16706793168857953,0.7506525013658502,False,False
65,4;5;9,3,3,42,0.18648465809339954,0.23700985222476614,0.7506525013658502,False,False
65,4;5;9,3,4,42,0.18648465809339954,0.23700985222476614,0.7506525013658502,False,False
65,4;5;9,3,5,40,0.234874568024327,0.14460088538694657,0.7506525013658502,False,False
65,4;5;9,3,6,37,0.2090129313549634,0.21441862346498222,0.7506525013658502,False,False
65,4;5;9,3,7,36,0.19935546077948244,0.24374980010114053,0.7506525013658502,False,False
65,4;5;9,3,8,0,,,,False,False
65,4;5;9,3,9,0,,,,False,False
65,4;5;9,3,10,0,,,,False,False
65,4;5;10,3,0,44,0.22227861738815258,0.1470038364673178,0.7506525013658502,False,False
65,4;5;10,3,1,44,0.22227861738815258,0.1470038364673178,0.7506525013658502,False,False
65,4;5;10,3,2,43,0.19539472602793512,0.20923270131371607,0.7506525013658502,False,False
65,4;5;10,3,3,42,0.19778922306286423,0.2092665267927132,0.7506525013658502,False,False
65,4;5;10,3,4,42,0.19778922306286423,0.2092665267927132,0.7506525013658502,False,False
65,4;5;10,3,5,40,0.2201949075228066,0.1721588528445236,0.7506525013658502,False,False
65,4;5;10,3,6,37,0.19486472951694256,0.24778194224835706,0.7506525013658502,False,False
65,4;5;10,3,7,35,0.12528139313865147,0.47331853228468546,0.7510354628300103,False,False
65,4;5;10,3,8,0,,,,False,False
65,4;5;10,3,9,0,,,,False,False
65,4;5;10,3,10,0,,,,False,False
65,4;6;7,3,0,44,0.22468315858802446,0.1425677167400829,0.7506525013658502,False,False
65,4;6;7,3,1,44,0.22468315858802446,0.1425677167400829,0.7506525013658502,False,False
65,4;6;7,3,2,44,0.22468315858802446,0.1425677167400829,0.7506525013658502,False,False
65,4;6;7,3,3,42,0.19681328939643564,0.2115681859930885,0.7506525013658502,False,False
65,4;6;7,3,4,42,0.19681328939643564,0.2115681859930885,0.7506525013658502,False,False
65,4;6;7,3,5,39,0.23991283395068524,0.14126651643293683,0.7506525013658502,False,False
65,4;6;7,3,6,37,0.15146898438351727,0.37083750200209215,0.7506525013658502,False,False
65,4;6;7,3,7,34,0.1633724149571436,0.3558986068242776,0.7506525013658502,False,False
65,4;6;7,3,8,0,,,,False,False
65,4;6;7,3,9,0,,,,False,False
65,4;6;7,3,10,0,,,,False,False
65,4;6;8,3,0,44,0.28889855298460176,0.05717839504463491,0.7506525013658502,False,False
65,4;6;8,3,1,44,0.28889855298460176,0.05717839504463491,0.7506525013658502,False,False
65,4;6;8,3,2,44,0.28889855298460176,0.05717839504463491,0.7506525013658502,False,False
65,4;6;8,3,3,42,0.26830043046233104,0.08580237309180987,0.7506525013658502,False,False
65,4;6;8,3,4,42,0.26830043046233104,0.08580237309180987,0.7506525013658502,False,False
65,4;6;8,3,5,39,0.17782165460130211,0.27879711668575907,0.7506525013658502,False,False
65,4;6;8,3,6,36,0.12516170709482782,0.46702087269587883,0.7510354628300103,False,False
65,4;6;8,3,7,35,0.18230409001566103,0.2945593301952808,0.7506525013658502,False,False
65,4;6;8,3,8,0,,,,False,False
65,4;6;8,3,9,0,,,,False,False
65,4;6;8,3,10,0,,,,False,False
65,4;6;9,3,0,44,0.24476814978695394,0.10930335275524748,0.7506525013658502,False,False
65,4;6;9,3,1,44,0.24476814978695394,0.10930335275524748,0.7506525013658502,False,False
65,4;6;9,3,2,44,0.24476814978695394,0.10930335275524748,0.7506525013658502,False,False
65,4;6;9,3,3,42,0.21966640275197213,0.16217952381988263,0.7506525013658502,False,False
65,4;6;9,3,4,42,0.21966640275197213,0.16217952381988263,0.7506525013658502,False,False
65,4;6;9,3,5,41,0.19910081505532534,0.21203796803817465,0.7506525013658502,False,False
65,4;6;9,3,6,37,0.16454715414975504,0.330452532184757,0.7506525013658502,False,False
65,4;6;9,3,7,34,0.16781688027961747,0.342782369584534,0.7506525013658502,False,False
65,4;6;9,3,8,0,,,,False,False
65,4;6;9,3,9,0,,,,False,False
65,4;6;9,3,10,0,,,,False,False
65,4;6;10,3,0,44,0.23606936838741757,0.12289796322574416,0.7506525013658502,False,False
65,4;6;10,3,1,44,0.23606936838741757,0.12289796322574416,0.7506525013658502,False,False
65,4;6;10,3,2,43,0.21372955491462,0.16876533925061407,0.7506525013658502,False,False
65,4;6;10,3,3,42,0.21031370511536468,0.1812670477649613,0.7506525013658502,False,False
65,4;6;10,3,4,42,0.21031370511536468,0.1812670477649613,0.7506525013658502,False,False
65,4;6;10,3,5,41,0.19245537722300002,0.22800464584963206,0.7506525013658502,False,False
65,4;6;10,3,6,36,0.08941965259455227,0.6040228370528298,0.7816886922645369,False,False
65,4;6;10,3,7,34,0.14988576156480904,0.39750766133337695,0.7506525013658502,False,False
65,4;6;10,3,8,0,,,,False,False
65,4;6;10,3,9,0,,,,False,False
65,4;6;10,3,10,0,,,,False,False
65,4;7;8,3,0,44,0.17906759759045573,0.24481531021367745,0.7506525013658502,False,False
65,4;7;8,3,1,44,0.17906759759045573,0.24481531021367745,0.7506525013658502,False,False
65,4;7;8,3,2,44,0.17906759759045573,0.24481531021367745,0.7506525013658502,False,False
65,4;7;8,3,3,42,0.14923652315804106,0.3455416606490034,0.7506525013658502,False,False
65,4;7;8,3,4,42,0.14923652315804106,0.3455416606490034,0.7506525013658502,False,False
65,4;7;8,3,5,41,0.15102871646086505,0.34590044515238993,0.7506525013658502,False,False
65,4;7;8,3,6,36,0.08348414895912742,0.6283336264629249,0.7932292370246091,False,False
65,4;7;8,3,7,35,0.15112419172330604,0.3861692153116924,0.7506525013658502,False,False
65,4;7;8,3,8,0,,,,False,False
65,4;7;8,3,9,0,,,,False,False
65,4;7;8,3,10,0,,,,False,False
65,4;7;9,3,0,44,0.13514935979279658,0.3817403583935797,0.7506525013658502,False,False
65,4;7;9,3,1,44,0.13514935979279658,0.3817403583935797,0.7506525013658502,False,False
65,4;7;9,3,2,44,0.13514935979279658,0.3817403583935797,0.7506525013658502,False,False
65,4;7;9,3,3,42,0.10572614719643235,0.5051699172557763,0.7558559619392049,False,False
65,4;7;9,3,4,42,0.10572614719643235,0.5051699172557763,0.7558559619392049,False,False
65,4;7;9,3,5,42,0.10572614719643235,0.5051699172557763,0.7558559619392049,False,False
65,4;7;9,3,6,38,0.17229561216641737,0.30095725121192757,0.7506525013658502,False,False
65,4;7;9,3,7,34,0.14528803881742225,0.41230543903949757,0.7506525013658502,False,False
65,4;7;9,3,8,0,,,,False,False
65,4;7;9,3,9,0,,,,False,False
65,4;7;9,3,10,0,,,,False,False
65,4;7;10,3,0,44,0.1444139155923028,0.3496483881897219,0.7506525013658502,False,False
65,4;7;10,3,1,44,0.1444139155923028,0.3496483881897219,0.7506525013658502,False,False
65,4;7;10,3,2,43,0.12076742663378387,0.4404585691815855,0.7509923134248312,False,False
65,4;7;10,3,3,42,0.11613610630500415,0.463913482572539,0.7510354628300103,False,False
65,4;7;10,3,4,42,0.11613610630500415,0.463913482572539,0.7510354628300103,False,False
65,4;7;10,3,5,42,0.11613610630500415,0.463913482572539,0.7510354628300103,False,False
65,4;7;10,3,6,37,0.14802110326332732,0.3819525012781441,0.7506525013658502,False,False
65,4;7;10,3,7,34,0.17456020697578475,0.323452391596409,0.7506525013658502,False,False
65,4;7;10,3,8,0,,,,False,False
65,4;7;10,3,9,0,,,,False,False
65,4;7;10,3,10,0,,,,False,False
65,4;8;9,3,0,44,0.17574367299063293,0.25382831846952886,0.7506525013658502,False,False
65,4;8;9,3,1,44,0.17574367299063293,0.25382831846952886,0.7506525013658502,False,False
65,4;8;9,3,2,44,0.17574367299063293,0.25382831846952886,0.7506525013658502,False,False
65,4;8;9,3,3,42,0.14931785096357678,0.34527587012754773,0.7506525013658502,False,False
65,4;8;9,3,4,42,0.14931785096357678,0.34527587012754773,0.7506525013658502,False,False
65,4;8;9,3,5,41,0.13481342098037533,0.400696665145501,0.7506525013658502,False,False
65,4;8;9,3,6,38,0.08734329467127251,0.602065461608381,0.7816886922645369,False,False
65,4;8;9,3,7,35,0.12710724303865426,0.4668425070787448,0.7510354628300103,False,False
65,4;8;9,3,8,0,,,,False,False
65,4;8;9,3,9,0,,,,False,False
65,4;8;9,3,10,0,,,,False,False
65,4;8;10,3,0,44,0.1997890849893513,0.19351404868384683,0.7506525013658502,False,False
65,4;8;10,3,1,44,0.1997890849893513,0.19351404868384683,0.7506525013658502,False,False
65,4;8;10,3,2,43,0.1751658032479977,0.26122297885199036,0.7506525013658502,False,False
65,4;8;10,3,3,42,0.17330955359661335,0.27237474425484504,0.7506525013658502,False,False
65,4;8;10,3,4,42,0.17330955359661335,0.27237474425484504,0.7506525013658502,False,False
65,4;8;10,3,5,41,0.16251002140213747,0.3100295148276447,0.7506525013658502,False,False
65,4;8;10,3,6,37,0.07807045919186778,0.6460281075189338,0.8021967633715933,False,False
65,4;8;10,3,7,35,0.1713489906156444,0.32501571930469625,0.7506525013658502,False,False
65,4;8;10,3,8,0,,,,False,False
65,4;8;10,3,9,0,,,,False,False
65,4;8;10,3,10,0,,,,False,False
65,4;9;10,3,0,44,0.15622445619167327,0.31121394568466587,0.7506525013658502,False,False
65,4;9;10,3,1,44,0.15622445619167327,0.31121394568466587,0.7506525013658502,False,False
65,4;9;10,3,2,43,0.12872262098544465,0.4107080108491102,0.7506525013658502,False,False
65,4;9;10,3,3,42,0.1301244888571475,0.41144463400830983,0.7506525013658502,False,False
65,4;9;10,3,4,42,0.1301244888571475,0.41144463400830983,0.7506525013658502,False,False
65,4;9;10,3,5,41,0.12826059753674077,0.42418636292902273,0.7506525013658502,False,False
65,4;9;10,3,6,40,0.11800188633914506,0.4683394458560225,0.7510354628300103,False,False
65,4;9;10,3,7,34,0.14988576156480904,0.39750766133337695,0.7506525013658502,False,False
65,4;9;10,3,8,0,,,,False,False
65,4;9;10,3,9,0,,,,False,False
65,4;9;10,3,10,0,,,,False,False
65,5;6;7,3,0,44,0.17977481559041805,0.24292593724287914,0.7506525013658502,False,False
65,5;6;7,3,1,44,0.17977481559041805,0.24292593724287914,0.7506525013658502,False,False
65,5;6;7,3,2,44,0.17977481559041805,0.24292593724287914,0.7506525013658502,False,False
65,5;6;7,3,3,42,0.14809793388054102,0.3492758899695987,0.7506525013658502,False,False
65,5;6;7,3,4,42,0.14809793388054102,0.3492758899695987,0.7506525013658502,False,False
65,5;6;7,3,5,39,0.21958123785316955,0.17923036807381523,0.7506525013658502,False,False
65,5;6;7,3,6,38,0.1896459669926085,0.25412388659570057,0.7506525013658502,False,False
65,5;6;7,3,7,34,0.1635256723820565,0.3554413705234847,0.7506525013658502,False,False
65,5;6;7,3,8,0,,,,False,False
65,5;6;7,3,9,0,,,,False,False
65,5;6;7,3,10,0,,,,False,False
65,5;6;8,3,0,44,0.20615404698901205,0.17940887047036203,0.7506525013658502,False,False
65,5;6;8,3,1,44,0.20615404698901205,0.17940887047036203,0.7506525013658502,False,False
65,5;6;8,3,2,44,0.20615404698901205,0.17940887047036203,0.7506525013658502,False,False
65,5;6;8,3,3,42,0.17786391070661353,0.2597774133386247,0.7506525013658502,False,False
65,5;6;8,3,4,42,0.17786391070661353,0.2597774133386247,0.7506525013658502,False,False
65,5;6;8,3,5,39,0.13841856951546247,0.40070915857354555,0.7506525013658502,False,False
65,5;6;8,3,6,37,0.1723940560094977,0.30758385151022977,0.7506525013658502,False,False
65,5;6;8,3,7,35,0.18132094006950567,0.2972154590644397,0.7506525013658502,False,False
65,5;6;8,3,8,0,,,,False,False
65,5;6;8,3,9,0,,,,False,False
65,5;6;8,3,10,0,,,,False,False
65,5;6;9,3,0,44,0.1843010107901768,0.23106799319539592,0.7506525013658502,False,False
65,5;6;9,3,1,44,0.1843010107901768,0.23106799319539592,0.7506525013658502,False,False
65,5;6;9,3,2,44,0.1843010107901768,0.23106799319539592,0.7506525013658502,False,False
65,5;6;9,3,3,42,0.15248963537946975,0.335007981048496,0.7506525013658502,False,False
65,5;6;9,3,4,42,0.15248963537946975,0.335007981048496,0.7506525013658502,False,False
65,5;6;9,3,5,41,0.19499113639586096,0.22181775512217705,0.7506525013658502,False,False
65,5;6;9,3,6,37,0.16514161641185673,0.32868413679382324,0.7506525013658502,False,False
65,5;6;9,3,7,35,0.21658601725471457,0.2114081528903605,0.7506525013658502,False,False
65,5;6;9,3,8,0,,,,False,False
65,5;6;9,3,9,0,,,,False,False
65,5;6;9,3,10,0,,,,False,False
65,5;6;10,3,0,44,0.19901114518939275,0.19529035682920712,0.7506525013658502,False,False
65,5;6;10,3,1,44,0.19901114518939275,0.19529035682920712,0.7506525013658502,False,False
65,5;6;10,3,2,43,0.17024115912554103,0.27507856526357927,0.7506525013658502,False,False
65,5;6;10,3,3,42,0.1668846569592917,0.2908188994919539,0.7506525013658502,False,False
65,5;6;10,3,4,42,0.1668846569592917,0.2908188994919539,0.7506525013658502,False,False
65,5;6;10,3,5,41,0.1940292967096034,0.22415075602498158,0.7506525013658502,False,False
65,5;6;10,3,6,37,0.15396572588434448,0.36290995464715375,0.7506525013658502,False,False
65,5;6;10,3,7,34,0.15371719718763135,0.385412585953137,0.7506525013658502,False,False
65,5;6;10,3,8,0,,,,False,False
65,5;6;10,3,9,0,,,,False,False
65,5;6;10,3,10,0,,,,False,False
65,5;7;8,3,0,44,0.13741245739267596,0.3737448392109444,0.7506525013658502,False,False
65,5;7;8,3,1,44,0.13741245739267596,0.3737448392109444,0.7506525013658502,False,False
65,5;7;8,3,2,44,0.13741245739267596,0.3737448392109444,0.7506525013658502,False,False
65,5;7;8,3,3,42,0.1040182632801823,0.512111489719958,0.756589918554522,False,False
65,5;7;8,3,4,42,0.1040182632801823,0.512111489719958,0.756589918554522,False,False
65,5;7;8,3,5,41,0.059816816478999245,0.7102632121903194,0.8344808995323703,False,False
65,5;7;8,3,6,37,0.12067583920664839,0.47680245225133633,0.7514459265969039,False,False
65,5;7;8,3,7,35,0.1473320419309926,0.39833640742357573,0.7506525013658502,False,False
65,5;7;8,3,8,0,,,,False,False
65,5;7;8,3,9,0,,,,False,False
65,5;7;8,3,10,0,,,,False,False
65,5;7;9,3,0,44,0.10028351239465491,0.5171846482068866,0.756979384639706,False,False
65,5;7;9,3,1,44,0.10028351239465491,0.5171846482068866,0.756979384639706,False,False
65,5;7;9,3,2,44,0.10028351239465491,0.5171846482068866,0.756979384639706,False,False
65,5;7;9,3,3,42,0.063842327345538,0.687927266883447,0.8208891220794512,False,False
65,5;7;9,3,4,42,0.063842327345538,0.687927266883447,0.8208891220794512,False,False
65,5;7;9,3,5,42,0.063842327345538,0.687927266883447,0.8208891220794512,False,False
65,5;7;9,3,6,38,0.14220702215137696,0.39439183589207577,0.7506525013658502,False,False
65,5;7;9,3,7,35,0.16584782632093653,0.34102012654007247,0.7506525013658502,False,False
65,5;7;9,3,8,0,,,,False,False
65,5;7;9,3,9,0,,,,False,False
65,5;7;9,3,10,0,,,,False,False
65,5;7;10,3,0,44,0.1062948653943345,0.49225180194448154,0.7550319149425593,False,False
65,5;7;10,3,1,44,0.1062948653943345,0.49225180194448154,0.7550319149425593,False,False
65,5;7;10,3,2,43,0.07440000812696096,0.6353891260467573,0.7975120491167828,False,False
65,5;7;10,3,3,42,0.06603817809500236,0.677765166445039,0.8170155842762705,False,False
65,5;7;10,3,4,42,0.06603817809500236,0.677765166445039,0.8170155842762705,False,False
65,5;7;10,3,5,42,0.06603817809500236,0.677765166445039,0.8170155842762705,False,False
65,5;7;10,3,6,38,0.15703169241426182,0.3464328263063824,0.7506525013658502,False,False
65,5;7;10,3,7,34,0.1377784249966905,0.43713148902164967,0.7509041397983071,False,False
65,5;7;10,3,8,0,,,,False,False
65,5;7;10,3,9,0,,,,False,False
65,5;7;10,3,10,0,,,,False,False
65,5;8;9,3,0,44,0.11676169179377664,0.45036901883901453,0.7509923134248312,False,False
65,5;8;9,3,1,44,0.11676169179377664,0.45036901883901453,0.7509923134248312,False,False
65,5;8;9,3,2,44,0.11676169179377664,0.45036901883901453,0.7509923134248312,False,False
65,5;8;9,3,3,42,0.08059585528589575,0.6118849612815566,0.7841665053262773,False,False
65,5;8;9,3,4,42,0.08059585528589575,0.6118849612815566,0.7841665053262773,False,False
65,5;8;9,3,5,41,0.08675938239372179,0.5896316300669032,0.7773945074295122,False,False
65,5;8;9,3,6,38,0.061996182775463524,0.7115615230908752,0.8350236927273972,False,False
65,5;8;9,3,7,36,0.17572719049279506,0.30528873340316975,0.7506525013658502,False,False
65,5;8;9,3,8,0,,,,False,False
65,5;8;9,3,9,0,,,,False,False
65,5;8;9,3,10,0,,,,False,False
65,5;8;10,3,0,44,0.18331090559022958,0.23362740565139703,0.7506525013658502,False,False
65,5;8;10,3,1,44,0.18331090559022958,0.23362740565139703,0.7506525013658502,False,False
65,5;8;10,3,2,43,0.15561875426963118,0.3190179287469512,0.7506525013658502,False,False
65,5;8;10,3,3,42,0.15070042365768396,0.3407766301399807,0.7506525013658502,False,False
65,5;8;10,3,4,42,0.15070042365768396,0.3407766301399807,0.7506525013658502,False,False
65,5;8;10,3,5,41,0.17098500638923822,0.2851256066301687,0.7506525013658502,False,False
65,5;8;10,3,6,38,0.14582818921874516,0.38233648494293343,0.7506525013658502,False,False
65,5;8;10,3,7,35,0.21306263833109226,0.2191138974544967,0.7506525013658502,False,False
65,5;8;10,3,8,0,,,,False,False
65,5;8;10,3,9,0,,,,False,False
65,5;8;10,3,10,0,,,,False,False
65,5;9;10,3,0,44,0.10509259479439859,0.49718812912653687,0.7558129676892907,False,False
65,5;9;10,3,1,44,0.10509259479439859,0.49718812912653687,0.7558129676892907,False,False
65,5;9;10,3,2,43,0.07068758409618592,0.6523969408784949,0.8045469226958312,False,False
65,5;9;10,3,3,42,0.06628216151160952,0.6766394775693939,0.8170155842762705,False,False
65,5;9;10,3,4,42,0.06628216151160952,0.6766394775693939,0.8170155842762705,False,False
65,5;9;10,3,5,41,0.09243849604487175,0.5654105734560065,0.7703040651288825,False,False
65,5;9;10,3,6,40,0.1483963116083188,0.36079382162445234,0.7506525013658502,False,False
65,5;9;10,3,7,35,0.18215151094231674,0.2949705479006133,0.7506525013658502,False,False
65,5;9;10,3,8,0,,,,False,False
65,5;9;10,3,9,0,,,,False,False
65,5;9;10,3,10,0,,,,False,False
65,6;7;8,3,0,44,0.17355129719074977,0.2598933939330509,0.7506525013658502,False,False
65,6;7;8,3,1,44,0.17355129719074977,0.2598933939330509,0.7506525013658502,False,False
65,6;7;8,3,2,44,0.17355129719074977,0.2598933939330509,0.7506525013658502,False,False
65,6;7;8,3,3,42,0.1489112119358982,0.3466060766801586,0.7506525013658502,False,False
65,6;7;8,3,4,42,0.1489112119358982,0.3466060766801586,0.7506525013658502,False,False
65,6;7;8,3,5,41,0.11945872998583766,0.4569224039056966,0.7510354628300103,False,False
65,6;7;8,3,6,36,0.13014916092339265,0.44931204569370603,0.7509923134248312,False,False
65,6;7;8,3,7,35,0.09044979504629098,0.6053406126013028,0.7816886922645369,False,False
65,6;7;8,3,8,0,,,,False,False
65,6;7;8,3,9,0,,,,False,False
65,6;7;8,3,10,0,,,,False,False
65,6;7;9,3,0,44,0.124541089793362,0.42054688843970056,0.7506525013658502,False,False
65,6;7;9,3,1,44,0.124541089793362,0.42054688843970056,0.7506525013658502,False,False
65,6;7;9,3,2,44,0.124541089793362,0.42054688843970056,0.7506525013658502,False,False
65,6;7;9,3,3,42,0.10084647886428934,0.5251287313196744,0.7595331817189964,False,False
65,6;7;9,3,4,42,0.10084647886428934,0.5251287313196744,0.7595331817189964,False,False
65,6;7;9,3,5,42,0.10084647886428934,0.5251287313196744,0.7595331817189964,False,False
65,6;7;9,3,6,38,0.2063567473418346,0.21386579895424598,0.7506525013658502,False,False
65,6;7;9,3,7,34,0.05716501949250896,0.7481184231006475,0.8529494196561391,False,False
65,6;7;9,3,8,0,,,,False,False
65,6;7;9,3,9,0,,,,False,False
65,6;7;9,3,10,0,,,,False,False
65,6;7;10,3,0,44,0.1697323199909533,0.2706875634695182,0.7506525013658502,False,False
65,6;7;10,3,1,44,0.1697323199909533,0.2706875634695182,0.7506525013658502,False,False
65,6;7;10,3,2,43,0.14478453720022647,0.3542730116820479,0.7506525013658502,False,False
65,6;7;10,3,3,42,0.13963984210482644,0.3777815041207648,0.7506525013658502,False,False
65,6;7;10,3,4,42,0.13963984210482644,0.3777815041207648,0.7506525013658502,False,False
65,6;7;10,3,5,42,0.13963984210482644,0.3777815041207648,0.7506525013658502,False,False
65,6;7;10,3,6,37,0.18670931563601928,0.26851316085273064,0.7506525013658502,False,False
65,6;7;10,3,7,34,0.08904256387439063,0.6165265529417916,0.7853573533495826,False,False
65,6;7;10,3,8,0,,,,False,False
65,6;7;10,3,9,0,,,,False,False
65,6;7;10,3,10,0,,,,False,False
65,6;8;9,3,0,44,0.1555879599917072,0.31321399963847285,0.7506525013658502,False,False
65,6;8;9,3,1,44,0.1555879599917072,0.31321399963847285,0.7506525013658502,False,False
65,6;8;9,3,2,44,0.1555879599917072,0.31321399963847285,0.7506525013658502,False,False
65,6;8;9,3,3,42,0.12882324396857603,0.41617741687697485,0.7506525013658502,False,False
65,6;8;9,3,4,42,0.12882324396857603,0.41617741687697485,0.7506525013658502,False,False
65,6;8;9,3,5,42,0.12882324396857603,0.41617741687697485,0.7506525013658502,False,False
65,6;8;9,3,6,37,0.07252872049839983,0.6696740709902245,0.8126373888437242,False,False
65,6;8;9,3,7,35,0.08230369549243247,0.6383331487462117,0.798143808823118,False,False
65,6;8;9,3,8,0,,,,False,False
65,6;8;9,3,9,0,,,,False,False
65,6;8;9,3,10,0,,,,False,False
65,6;8;10,3,0,44,0.2259561509879566,0.1402596641667193,0.7506525013658502,False,False
65,6;8;10,3,1,44,0.2259561509879566,0.1402596641667193,0.7506525013658502,False,False
65,6;8;10,3,2,43,0.2025922828222949,0.19260929009746,0.7506525013658502,False,False
65,6;8;10,3,3,42,0.20405146408911445,0.19491224471906612,0.7506525013658502,False,False
65,6;8;10,3,4,42,0.20405146408911445,0.19491224471906612,0.7506525013658502,False,False
65,6;8;10,3,5,42,0.20405146408911445,0.19491224471906612,0.7506525013658502,False,False
65,6;8;10,3,6,36,0.08813502674428146,0.6092501670459058,0.7833034274095855,False,False
65,6;8;10,3,7,35,0.14901744183868748,0.3929018196412047,0.7506525013658502,False,False
65,6;8;10,3,8,0,,,,False,False
65,6;8;10,3,9,0,,,,False,False
65,6;8;10,3,10,0,,,,False,False
65,6;9;10,3,0,44,0.13875617159260434,0.36904513133806066,0.7506525013658502,False,False
65,6;9;10,3,1,44,0.13875617159260434,0.36904513133806066,0.7506525013658502,False,False
65,6;9;10,3,2,43,0.1078875881596664,0.491053987111467,0.7550319149425593,False,False
65,6;9;10,3,3,42,0.10938589844553964,0.49045733749223913,0.7550319149425593,False,False
65,6;9;10,3,4,42,0.10938589844553964,0.49045733749223913,0.7550319149425593,False,False
65,6;9;10,3,5,42,0.10938589844553964,0.49045733749223913,0.7550319149425593,False,False
65,6;9;10,3,6,39,0.1494879929029793,0.3637213446446311,0.7506525013658502,False,False
65,6;9;10,3,7,34,0.0692723560606275,0.6970664333058567,0.8252224127573478,False,False
65,6;9;10,3,8,0,,,,False,False
65,6;9;10,3,9,0,,,,False,False
65,6;9;10,3,10,0,,,,False,False
65,7;8;9,3,0,44,0.08557337799543897,0.5807406200177514,0.7733556533208426,False,False
65,7;8;9,3,1,44,0.08557337799543897,0.5807406200177514,0.7733556533208426,False,False
65,7;8;9,3,2,44,0.08557337799543897,0.5807406200177514,0.7733556533208426,False,False
65,7;8;9,3,3,42,0.06115850976285934,0.7004214646656091,0.8274402033540069,False,False
65,7;8;9,3,4,42,0.06115850976285934,0.7004214646656091,0.8274402033540069,False,False
65,7;8;9,3,5,42,0.06115850976285934,0.7004214646656091,0.8274402033540069,False,False
65,7;8;9,3,6,39,0.09212387065899523,0.5769921075296399,0.7724136668893526,False,False
65,7;8;9,3,7,35,0.06530924642317594,0.7093412291315306,0.8341277125870965,False,False
65,7;8;9,3,8,0,,,,False,False
65,7;8;9,3,9,0,,,,False,False
65,7;8;9,3,10,0,,,,False,False
65,7;8;10,3,0,44,0.12906728499312076,0.4037236591280545,0.7506525013658502,False,False
65,7;8;10,3,1,44,0.12906728499312076,0.4037236591280545,0.7506525013658502,False,False
65,7;8;10,3,2,43,0.10220530647990869,0.5142933068798201,0.756979384639706,False,False
65,7;8;10,3,3,42,0.0978373500594678,0.5376271417344499,0.7607575480089929,False,False
65,7;8;10,3,4,42,0.0978373500594678,0.5376271417344499,0.7607575480089929,False,False
65,7;8;10,3,5,42,0.0978373500594678,0.5376271417344499,0.7607575480089929,False,False
65,7;8;10,3,6,38,0.09482043382723891,0.5712135816383663,0.7712268365394804,False,False
65,7;8;10,3,7,35,0.11657349361556137,0.5048417629794761,0.7558559619392049,False,False
65,7;8;10,3,8,0,,,,False,False
65,7;8;10,3,9,0,,,,False,False
65,7;8;10,3,10,0,,,,False,False
65,7;9;10,3,0,44,0.055587334797037216,0.7200537180302504,0.8379928776424039,False,False
65,7;9;10,3,1,44,0.055587334797037216,0.7200537180302504,0.8379928776424039,False,False
65,7;9;10,3,2,43,0.026062731971155363,0.8682381942517043,0.9229256319931164,False,False
65,7;9;10,3,3,42,0.018705395273214957,0.9064031457607362,0.9474280286554709,False,False
65,7;9;10,3,4,42,0.018705395273214957,0.9064031457607362,0.9474280286554709,False,False
65,7;9;10,3,5,42,0.018705395273214957,0.9064031457607362,0.9474280286554709,False,False
65,7;9;10,3,6,40,0.07274990115000107,0.6555158913646912,0.8056623375184153,False,False
65,7;9;10,3,7,35,0.09276234353543908,0.5961091916404141,0.7786303985215955,False,False
65,7;9;10,3,8,0,,,,False,False
65,7;9;10,3,9,0,,,,False,False
65,7;9;10,3,10,0,,,,False,False
65,8;9;10,3,0,44,0.11060889519410458,0.4747497811424945,0.7510354628300103,False,False
65,8;9;10,3,1,44,0.11060889519410458,0.4747497811424945,0.7510354628300103,False,False
65,8;9;10,3,2,43,0.08083992736401971,0.6063245234609016,0.7816886922645369,False,False
65,8;9;10,3,3,42,0.0818157723689315,0.6064899652102588,0.7816886922645369,False,False
65,8;9;10,3,4,42,0.0818157723689315,0.6064899652102588,0.7816886922645369,False,False
65,8;9;10,3,5,41,0.10414620726416553,0.5169823663140385,0.756979384639706,False,False
65,8;9;10,3,6,40,0.15829926744411613,0.3292652724033792,0.7506525013658502,False,False
65,8;9;10,3,7,36,0.039357515603229636,0.8197245387880051,0.8948938762706088,False,False
65,8;9;10,3,8,0,,,,False,False
65,8;9;10,3,9,0,,,,False,False
65,8;9;10,3,10,0,,,,False,False
65,1;2;3;4,4,0,43,0.226316616744035,0.14447222782489866,0.7506525013658502,False,False
65,1;2;3;4,4,1,43,0.226316616744035,0.14447222782489866,0.7506525013658502,False,False
65,1;2;3;4,4,2,42,0.2108829997541147,0.180061297731721,0.7506525013658502,False,False
65,1;2;3;4,4,3,41,0.18843313853501364,0.23805873757906293,0.7506525013658502,False,False
65,1;2;3;4,4,4,39,0.18756131596941944,0.25287529527720287,0.7506525013658502,False,False
65,1;2;3;4,4,5,36,0.12361331484210832,0.47259291300622014,0.7510354628300103,False,False
65,1;2;3;4,4,6,34,0.1967825335881542,0.2646530318950136,0.7506525013658502,False,False
65,1;2;3;4,4,7,0,,,,False,False
65,1;2;3;4,4,8,0,,,,False,False
65,1;2;3;4,4,9,0,,,,False,False
65,1;2;3;4,4,10,0,,,,False,False
65,1;2;3;5,4,0,43,0.1534041635264323,0.32603803599238385,0.7506525013658502,False,False
65,1;2;3;5,4,1,43,0.1534041635264323,0.32603803599238385,0.7506525013658502,False,False
65,1;2;3;5,4,2,42,0.13646805768893347,0.38881652837225983,0.7506525013658502,False,False
65,1;2;3;5,4,3,41,0.20880665188937939,0.19014040132554869,0.7506525013658502,False,False
65,1;2;3;5,4,4,39,0.22300197610657557,0.1723813053500981,0.7506525013658502,False,False
65,1;2;3;5,4,5,37,0.17156180884255529,0.3099606201351766,0.7506525013658502,False,False
65,1;2;3;5,4,6,34,0.198468365262196,0.2604995766876724,0.7506525013658502,False,False
65,1;2;3;5,4,7,0,,,,False,False
65,1;2;3;5,4,8,0,,,,False,False
65,1;2;3;5,4,9,0,,,,False,False
65,1;2;3;5,4,10,0,,,,False,False
65,1;2;3;6,4,0,43,0.16469725659236037,0.29124421423630764,0.7506525013658502,False,False
65,1;2;3;6,4,1,43,0.16469725659236037,0.29124421423630764,0.7506525013658502,False,False
65,1;2;3;6,4,2,42,0.14533278849232661,0.3584468425351182,0.7506525013658502,False,False
65,1;2;3;6,4,3,41,0.10728884500346253,0.5043443503323641,0.7558559619392049,False,False
65,1;2;3;6,4,4,39,0.12165590499803167,0.46065464080943386,0.7510354628300103,False,False
65,1;2;3;6,4,5,36,0.10742470425422886,0.5328839120311906,0.760535689565614,False,False
65,1;2;3;6,4,6,34,0.0651344055879794,0.7143810208208776,0.835741904499679,False,False
65,1;2;3;6,4,7,0,,,,False,False
65,1;2;3;6,4,8,0,,,,False,False
65,1;2;3;6,4,9,0,,,,False,False
65,1;2;3;6,4,10,0,,,,False,False
65,1;2;3;7,4,0,43,0.08185597658525043,0.6017916849442131,0.7816886922645369,False,False
65,1;2;3;7,4,1,43,0.08185597658525043,0.6017916849442131,0.7816886922645369,False,False
65,1;2;3;7,4,2,42,0.06831535665000245,0.6672859528994397,0.812353866163547,False,False
65,1;2;3;7,4,3,42,0.06831535665000245,0.6672859528994397,0.812353866163547,False,False
65,1;2;3;7,4,4,40,0.1374222441754747,0.39777776645368657,0.7506525013658502,False,False
65,1;2;3;7,4,5,36,0.1656561244689611,0.3342683723780726,0.7506525013658502,False,False
65,1;2;3;7,4,6,34,0.10298898954146388,0.5621800451230411,0.7692215166831052,False,False
65,1;2;3;7,4,7,0,,,,False,False
65,1;2;3;7,4,8,0,,,,False,False
65,1;2;3;7,4,9,0,,,,False,False
65,1;2;3;7,4,10,0,,,,False,False
65,1;2;3;8,4,0,43,0.13870040476945214,0.3750699314178205,0.7506525013658502,False,False
65,1;2;3;8,4,1,43,0.13870040476945214,0.3750699314178205,0.7506525013658502,False,False
65,1;2;3;8,4,2,42,0.11930789072089713,0.4517122998180159,0.7509923134248312,False,False
65,1;2;3;8,4,3,42,0.11930789072089713,0.4517122998180159,0.7509923134248312,False,False
65,1;2;3;8,4,4,40,0.08393754594459123,0.6065920618146129,0.7816886922645369,False,False
65,1;2;3;8,4,5,35,0.09241609493860166,0.5974874749714617,0.7794363046824568,False,False
65,1;2;3;8,4,6,35,0.09241609493860166,0.5974874749714617,0.7794363046824568,False,False
65,1;2;3;8,4,7,0,,,,False,False
65,1;2;3;8,4,8,0,,,,False,False
65,1;2;3;8,4,9,0,,,,False,False
65,1;2;3;8,4,10,0,,,,False,False
65,1;2;3;9,4,0,43,0.10209259301882624,0.5147597829021409,0.756979384639706,False,False
65,1;2;3;9,4,1,43,0.10209259301882624,0.5147597829021409,0.756979384639706,False,False
65,1;2;3;9,4,2,42,0.08173444456339579,0.6068489945319187,0.7816886922645369,False,False
65,1;2;3;9,4,3,42,0.08173444456339579,0.6068489945319187,0.7816886922645369,False,False
65,1;2;3;9,4,4,41,0.08857669110717813,0.5818310470530285,0.7744719657739445,False,False
65,1;2;3;9,4,5,37,0.1300683429478555,0.4429103866087388,0.7509923134248312,False,False
65,1;2;3;9,4,6,34,0.0815329500536589,0.6466674869308368,0.8021967633715933,False,False
65,1;2;3;9,4,7,0,,,,False,False
65,1;2;3;9,4,8,0,,,,False,False
65,1;2;3;9,4,9,0,,,,False,False
65,1;2;3;9,4,10,0,,,,False,False
65,1;2;3;10,4,0,42,0.11865726827661138,0.45420077607780607,0.7510354628300103,False,False
65,1;2;3;10,4,1,42,0.11865726827661138,0.45420077607780607,0.7510354628300103,False,False
65,1;2;3;10,4,2,42,0.11865726827661138,0.45420077607780607,0.7510354628300103,False,False
65,1;2;3;10,4,3,42,0.11865726827661138,0.45420077607780607,0.7510354628300103,False,False
65,1;2;3;10,4,4,41,0.12031740075367924,0.4536700566727739,0.7510354628300103,False,False
65,1;2;3;10,4,5,36,0.10645196737446697,0.5366212266966576,0.7607575480089929,False,False
65,1;2;3;10,4,6,34,0.1109583756369343,0.5321506020776811,0.760535689565614,False,False
65,1;2;3;10,4,7,0,,,,False,False
65,1;2;3;10,4,8,0,,,,False,False
65,1;2;3;10,4,9,0,,,,False,False
65,1;2;3;10,4,10,0,,,,False,False
65,1;2;4;5,4,0,44,0.21541860278851824,0.16021791966204027,0.7506525013658502,False,False
65,1;2;4;5,4,1,44,0.21541860278851824,0.16021791966204027,0.7506525013658502,False,False
65,1;2;4;5,4,2,42,0.190957687397864,0.2257478630812586,0.7506525013658502,False,False
65,1;2;4;5,4,3,41,0.22821832555748753,0.1512480694286358,0.7506525013658502,False,False
65,1;2;4;5,4,4,37,0.19641033139840702,0.2439772681843634,0.7506525013658502,False,False
65,1;2;4;5,4,5,37,0.19641033139840702,0.2439772681843634,0.7506525013658502,False,False
65,1;2;4;5,4,6,35,0.13441064263866534,0.441413671662845,0.7509923134248312,False,False
65,1;2;4;5,4,7,0,,,,False,False
65,1;2;4;5,4,8,0,,,,False,False
65,1;2;4;5,4,9,0,,,,False,False
65,1;2;4;5,4,10,0,,,,False,False
65,1;2;4;6,4,0,44,0.2685306745856874,0.07798763778241496,0.7506525013658502,False,False
65,1;2;4;6,4,1,44,0.2685306745856874,0.07798763778241496,0.7506525013658502,False,False
65,1;2;4;6,4,2,42,0.25032698543893755,0.1098384384291851,0.7506525013658502,False,False
65,1;2;4;6,4,3,41,0.2009370544563626,0.20776653569620407,0.7506525013658502,False,False
65,1;2;4;6,4,4,38,0.19656414644862144,0.23688530712855985,0.7506525013658502,False,False
65,1;2;4;6,4,5,36,0.08412931239776056,0.6256718030149657,0.7910849503780909,False,False
65,1;2;4;6,4,6,34,0.14896621701533166,0.4004425531780562,0.7506525013658502,False,False
65,1;2;4;6,4,7,0,,,,False,False
65,1;2;4;6,4,8,0,,,,False,False
65,1;2;4;6,4,9,0,,,,False,False
65,1;2;4;6,4,10,0,,,,False,False
65,1;2;4;7,4,0,44,0.12234871399347885,0.4288361026703058,0.7508724417021384,False,False
65,1;2;4;7,4,1,44,0.12234871399347885,0.4288361026703058,0.7508724417021384,False,False
65,1;2;4;7,4,2,42,0.10125311789196792,0.5234507995113247,0.7595331817189964,False,False
65,1;2;4;7,4,3,42,0.10125311789196792,0.5234507995113247,0.7595331817189964,False,False
65,1;2;4;7,4,4,39,0.19213358312152334,0.24128063040641182,0.7506525013658502,False,False
65,1;2;4;7,4,5,36,0.06051633054378789,0.725884536906596,0.8410096999454096,False,False
65,1;2;4;7,4,6,34,0.12061359340644652,0.496838187184939,0.7558129676892907,False,False
65,1;2;4;7,4,7,0,,,,False,False
65,1;2;4;7,4,8,0,,,,False,False
65,1;2;4;7,4,9,0,,,,False,False
65,1;2;4;7,4,10,0,,,,False,False
65,1;2;4;8,4,0,44,0.19094885998982247,0.2143804779000248,0.7506525013658502,False,False
65,1;2;4;8,4,1,44,0.19094885998982247,0.2143804779000248,0.7506525013658502,False,False
65,1;2;4;8,4,2,42,0.16761660720911317,0.28867784492113924,0.7506525013658502,False,False
65,1;2;4;8,4,3,42,0.16761660720911317,0.28867784492113924,0.7506525013658502,False,False
65,1;2;4;8,4,4,38,0.0956826042127508,0.5677030095451631,0.7703040651288825,False,False
65,1;2;4;8,4,5,36,0.06232278817196066,0.7180312744655339,0.8378968412967074,False,False
65,1;2;4;8,4,6,35,0.12949489290788865,0.45844510698055657,0.7510354628300103,False,False
65,1;2;4;8,4,7,0,,,,False,False
65,1;2;4;8,4,8,0,,,,False,False
65,1;2;4;8,4,9,0,,,,False,False
65,1;2;4;8,4,10,0,,,,False,False
65,1;2;4;9,4,0,44,0.16485251579121343,0.2849052064014753,0.7506525013658502,False,False
65,1;2;4;9,4,1,44,0.16485251579121343,0.2849052064014753,0.7506525013658502,False,False
65,1;2;4;9,4,2,42,0.13947718649375498,0.37834284478996183,0.7506525013658502,False,False
65,1;2;4;9,4,3,42,0.13947718649375498,0.37834284478996183,0.7506525013658502,False,False
65,1;2;4;9,4,4,40,0.062294456743631606,0.7025631808670694,0.8288545458164791,False,False
65,1;2;4;9,4,5,37,0.11068887320333955,0.5142761974352764,0.756979384639706,False,False
65,1;2;4;9,4,6,34,0.10421504894076701,0.5575098615350932,0.7682330819672673,False,False
65,1;2;4;9,4,7,0,,,,False,False
65,1;2;4;9,4,8,0,,,,False,False
65,1;2;4;9,4,9,0,,,,False,False
65,1;2;4;9,4,10,0,,,,False,False
65,1;2;4;10,4,0,43,0.1575886119186138,0.3128543060147329,0.7506525013658502,False,False
65,1;2;4;10,4,1,43,0.1575886119186138,0.3128543060147329,0.7506525013658502,False,False
65,1;2;4;10,4,2,42,0.15427884710125556,0.3293002394709923,0.7506525013658502,False,False
65,1;2;4;10,4,3,42,0.15427884710125556,0.3293002394709923,0.7506525013658502,False,False
65,1;2;4;10,4,4,40,0.09155967735884221,0.5741880624426766,0.7715780873298177,False,False
65,1;2;4;10,4,5,36,0.10361324824448119,0.547599216329667,0.7642468984047789,False,False
65,1;2;4;10,4,6,34,0.1524911377883282,0.3892594955123001,0.7506525013658502,False,False
65,1;2;4;10,4,7,0,,,,False,False
65,1;2;4;10,4,8,0,,,,False,False
65,1;2;4;10,4,9,0,,,,False,False
65,1;2;4;10,4,10,0,,,,False,False
65,1;2;5;6,4,0,44,0.18168430419031628,0.23787406757872956,0.7506525013658502,False,False
65,1;2;5;6,4,1,44,0.18168430419031628,0.23787406757872956,0.7506525013658502,False,False
65,1;2;5;6,4,2,42,0.15297760221268406,0.333445279586355,0.7506525013658502,False,False
65,1;2;5;6,4,3,41,0.18073842104495277,0.25812053117347483,0.7506525013658502,False,False
65,1;2;5;6,4,4,38,0.12189173327260883,0.46599194812232814,0.7510354628300103,False,False
65,1;2;5;6,4,5,37,0.0819168997176165,0.6298128923173982,0.7946850307889152,False,False
65,1;2;5;6,4,6,34,0.08352529657752651,0.638614371113796,0.7982315911922963,False,False
65,1;2;5;6,4,7,0,,,,False,False
65,1;2;5;6,4,8,0,,,,False,False
65,1;2;5;6,4,9,0,,,,False,False
65,1;2;5;6,4,10,0,,,,False,False
65,1;2;5;7,4,0,44,0.044484012197629014,0.7743261038085943,0.868988002214603,False,False
65,1;2;5;7,4,1,44,0.044484012197629014,0.7743261038085943,0.868988002214603,False,False
65,1;2;5;7,4,2,42,0.010328631303036084,0.9482386713631813,0.9710658971541436,False,False
65,1;2;5;7,4,3,42,0.010328631303036084,0.9482386713631813,0.9710658971541436,False,False
65,1;2;5;7,4,4,39,0.12259952446801967,0.45715767051989814,0.7510354628300103,False,False
65,1;2;5;7,4,5,37,0.06610420354571084,0.6974826324622981,0.8255560329895757,False,False
65,1;2;5;7,4,6,34,0.07065167288484352,0.6913276277071297,0.8222314844152755,False,False
65,1;2;5;7,4,7,0,,,,False,False
65,1;2;5;7,4,8,0,,,,False,False
65,1;2;5;7,4,9,0,,,,False,False
65,1;2;5;7,4,10,0,,,,False,False
65,1;2;5;8,4,0,44,0.16188220019137173,0.2937934575551675,0.7506525013658502,False,False
65,1;2;5;8,4,1,44,0.16188220019137173,0.2937934575551675,0.7506525013658502,False,False
65,1;2;5;8,4,2,42,0.1346788459671477,0.3951237808976687,0.7506525013658502,False,False
65,1;2;5;8,4,3,42,0.1346788459671477,0.3951237808976687,0.7506525013658502,False,False
65,1;2;5;8,4,4,38,0.11137367348158492,0.5056061647678652,0.7558559619392049,False,False
65,1;2;5;8,4,5,37,0.1455243617625001,0.3901218824914836,0.7506525013658502,False,False
65,1;2;5;8,4,6,35,0.1551972415002353,0.3733449587194051,0.7506525013658502,False,False
65,1;2;5;8,4,7,0,,,,False,False
65,1;2;5;8,4,8,0,,,,False,False
65,1;2;5;8,4,9,0,,,,False,False
65,1;2;5;8,4,10,0,,,,False,False
65,1;2;5;9,4,0,44,0.0983740237947567,0.5252342234713012,0.7595331817189964,False,False
65,1;2;5;9,4,1,44,0.0983740237947567,0.5252342234713012,0.7595331817189964,False,False
65,1;2;5;9,4,2,42,0.06774606201125243,0.6699000060401463,0.8126373888437242,False,False
65,1;2;5;9,4,3,42,0.06774606201125243,0.6699000060401463,0.8126373888437242,False,False
65,1;2;5;9,4,4,40,0.0975821021799788,0.5491558002576854,0.7642864066971112,False,False
65,1;2;5;9,4,5,37,0.09523285438869493,0.5750201991037981,0.7715780873298177,False,False
65,1;2;5;9,4,6,35,0.13984626032994227,0.4229906107082075,0.7506525013658502,False,False
65,1;2;5;9,4,7,0,,,,False,False
65,1;2;5;9,4,8,0,,,,False,False
65,1;2;5;9,4,9,0,,,,False,False
65,1;2;5;9,4,10,0,,,,False,False
65,1;2;5;10,4,0,43,0.12357068559579767,0.4298417659931039,0.7508724417021384,False,False
65,1;2;5;10,4,1,43,0.12357068559579767,0.4298417659931039,0.7508724417021384,False,False
65,1;2;5;10,4,2,42,0.12304896977554013,0.4375484357605447,0.7509041397983071,False,False
65,1;2;5;10,4,3,42,0.12304896977554013,0.4375484357605447,0.7509041397983071,False,False
65,1;2;5;10,4,4,40,0.15347773255115277,0.3443953656553891,0.7506525013658502,False,False
65,1;2;5;10,4,5,37,0.15170676928835797,0.3700780998094487,0.7506525013658502,False,False
65,1;2;5;10,4,6,34,0.14605432594198672,0.40981778630782584,0.7506525013658502,False,False
65,1;2;5;10,4,7,0,,,,False,False
65,1;2;5;10,4,8,0,,,,False,False
65,1;2;5;10,4,9,0,,,,False,False
65,1;2;5;10,4,10,0,,,,False,False
65,1;2;6;7,4,0,44,0.10770930139425912,0.4864769610446526,0.7529422957161253,False,False
65,1;2;6;7,4,1,44,0.10770930139425912,0.4864769610446526,0.7529422957161253,False,False
65,1;2;6;7,4,2,42,0.08539419581250306,0.5907841079878475,0.7773945074295122,False,False
65,1;2;6;7,4,3,42,0.08539419581250306,0.5907841079878475,0.7773945074295122,False,False
65,1;2;6;7,4,4,39,0.12046470687778052,0.4650895153006954,0.7510354628300103,False,False
65,1;2;6;7,4,5,36,0.07876090095562452,0.6479598757672518,0.8023796636191541,False,False
65,1;2;6;7,4,6,34,0.007816128670557525,0.9650069553210467,0.9822763424253835,False,False
65,1;2;6;7,4,7,0,,,,False,False
65,1;2;6;7,4,8,0,,,,False,False
65,1;2;6;7,4,9,0,,,,False,False
65,1;2;6;7,4,10,0,,,,False,False
65,1;2;6;8,4,0,44,0.194484949989634,0.20585395011302612,0.7506525013658502,False,False
65,1;2;6;8,4,1,44,0.194484949989634,0.20585395011302612,0.7506525013658502,False,False
65,1;2;6;8,4,2,42,0.16655934573714884,0.2917737685023366,0.7506525013658502,False,False
65,1;2;6;8,4,3,42,0.16655934573714884,0.2917737685023366,0.7506525013658502,False,False
65,1;2;6;8,4,4,39,0.04448080223607672,0.7880237460504351,0.8771208320325825,False,False
65,1;2;6;8,4,5,35,0.037359697953902794,0.8312721986223419,0.9010907278337185,False,False
65,1;2;6;8,4,6,35,0.037359697953902794,0.8312721986223419,0.9010907278337185,False,False
65,1;2;6;8,4,7,0,,,,False,False
65,1;2;6;8,4,8,0,,,,False,False
65,1;2;6;8,4,9,0,,,,False,False
65,1;2;6;8,4,10,0,,,,False,False
65,1;2;6;9,4,0,44,0.11662024819378418,0.45092170252950875,0.7509923134248312,False,False
65,1;2;6;9,4,1,44,0.11662024819378418,0.45092170252950875,0.7509923134248312,False,False
65,1;2;6;9,4,2,42,0.08897261925607461,0.5752608888117475,0.7715780873298177,False,False
65,1;2;6;9,4,3,42,0.08897261925607461,0.5752608888117475,0.7715780873298177,False,False
65,1;2;6;9,4,4,41,0.05097750337165334,0.751602790357837,0.8547012108789693,False,False
65,1;2;6;9,4,5,36,0.06249225584020044,0.7172959864296024,0.8375798927824868,False,False
65,1;2;6;9,4,6,34,-0.013486653392334557,0.9396562874055135,0.9668576255980681,False,False
65,1;2;6;9,4,7,0,,,,False,False
65,1;2;6;9,4,8,0,,,,False,False
65,1;2;6;9,4,9,0,,,,False,False
65,1;2;6;9,4,10,0,,,,False,False
65,1;2;6;10,4,0,43,0.12364644935152777,0.4295568267065561,0.7508724417021384,False,False
65,1;2;6;10,4,1,43,0.12364644935152777,0.4295568267065561,0.7508724417021384,False,False
65,1;2;6;10,4,2,42,0.12256100294232583,0.4393818283896651,0.7509041397983071,False,False
65,1;2;6;10,4,3,42,0.12256100294232583,0.4393818283896651,0.7509041397983071,False,False
65,1;2;6;10,4,4,41,0.08333029281850024,0.60447526775942,0.7816886922645369,False,False
65,1;2;6;10,4,5,35,0.04522489752314549,0.7964307136482008,0.8818783032715294,False,False
65,1;2;6;10,4,6,34,0.036015494854529775,0.8397486779656287,0.905967005399167,False,False
65,1;2;6;10,4,7,0,,,,False,False
65,1;2;6;10,4,8,0,,,,False,False
65,1;2;6;10,4,9,0,,,,False,False
65,1;2;6;10,4,10,0,,,,False,False
65,1;2;7;8,4,0,44,0.08224945339561612,0.5955743502204494,0.7785811597048389,False,False
65,1;2;7;8,4,1,44,0.08224945339561612,0.5955743502204494,0.7785811597048389,False,False
65,1;2;7;8,4,2,42,0.06221577123482366,0.6954899761884316,0.8239913064080105,False,False
65,1;2;7;8,4,3,42,0.06221577123482366,0.6954899761884316,0.8239913064080105,False,False
65,1;2;7;8,4,4,41,0.06086623431196415,0.705406650483238,0.8306139647150721,False,False
65,1;2;7;8,4,5,35,0.06292159655394154,0.7195305719966858,0.8379928776424039,False,False
65,1;2;7;8,4,6,35,0.06292159655394154,0.7195305719966858,0.8379928776424039,False,False
65,1;2;7;8,4,7,0,,,,False,False
65,1;2;7;8,4,8,0,,,,False,False
65,1;2;7;8,4,9,0,,,,False,False
65,1;2;7;8,4,10,0,,,,False,False
65,1;2;7;9,4,0,44,0.024964795398669387,0.8722072932768382,0.9249040915932362,False,False
65,1;2;7;9,4,1,44,0.024964795398669387,0.8722072932768382,0.9249040915932362,False,False
65,1;2;7;9,4,2,42,0.0017078839162500614,0.991435414980053,0.9943459221403065,False,False
65,1;2;7;9,4,3,42,0.0017078839162500614,0.991435414980053,0.9943459221403065,False,False
65,1;2;7;9,4,4,42,0.0017078839162500614,0.991435414980053,0.9943459221403065,False,False
65,1;2;7;9,4,5,37,0.1394667418262681,0.41035982080661376,0.7506525013658502,False,False
65,1;2;7;9,4,6,34,0.025593989960453076,0.8857543093115061,0.9336288129891184,False,False
65,1;2;7;9,4,7,0,,,,False,False
65,1;2;7;9,4,8,0,,,,False,False
65,1;2;7;9,4,9,0,,,,False,False
65,1;2;7;9,4,10,0,,,,False,False
65,1;2;7;10,4,0,43,0.024395929345093104,0.876597575692304,0.9276380546904089,False,False
65,1;2;7;10,4,1,43,0.024395929345093104,0.876597575692304,0.9276380546904089,False,False
65,1;2;7;10,4,2,42,0.016021577690536287,0.9197849890089557,0.9557238138501378,False,False
65,1;2;7;10,4,3,42,0.016021577690536287,0.9197849890089557,0.9557238138501378,False,False
65,1;2;7;10,4,4,42,0.016021577690536287,0.9197849890089557,0.9557238138501378,False,False
65,1;2;7;10,4,5,36,0.0881863858240845,0.6090408110744036,0.783198179281989,False,False
65,1;2;7;10,4,6,34,0.02114952463797919,0.9054954494893562,0.9474280286554709,False,False
65,1;2;7;10,4,7,0,,,,False,False
65,1;2;7;10,4,8,0,,,,False,False
65,1;2;7;10,4,9,0,,,,False,False
65,1;2;7;10,4,10,0,,,,False,False
65,1;2;8;9,4,0,44,0.08140079179566136,0.5993881983145654,0.7803896167103407,False,False
65,1;2;8;9,4,1,44,0.08140079179566136,0.5993881983145654,0.7803896167103407,False,False
65,1;2;8;9,4,2,42,0.05237510676500188,0.7418441572109391,0.8500557093353476,False,False
65,1;2;8;9,4,3,42,0.05237510676500188,0.7418441572109391,0.8500557093353476,False,False
65,1;2;8;9,4,4,41,0.01817316368367989,0.9102084629376093,0.9496281568997509,False,False
65,1;2;8;9,4,5,37,0.00915526471865047,0.957111275708771,0.9758563596147685,False,False
65,1;2;8;9,4,6,35,0.011376449376940325,0.9482841315630788,0.9710658971541436,False,False
65,1;2;8;9,4,7,0,,,,False,False
65,1;2;8;9,4,8,0,,,,False,False
65,1;2;8;9,4,9,0,,,,False,False
65,1;2;8;9,4,10,0,,,,False,False
65,1;2;8;10,4,0,43,0.11410021612953483,0.46628177971613466,0.7510354628300103,False,False
65,1;2;8;10,4,1,43,0.11410021612953483,0.46628177971613466,0.7510354628300103,False,False
65,1;2;8;10,4,2,42,0.11361494433339694,0.4737363513640879,0.7510354628300103,False,False
65,1;2;8;10,4,3,42,0.11361494433339694,0.4737363513640879,0.7510354628300103,False,False
65,1;2;8;10,4,4,41,0.07976970405384491,0.6200561925013329,0.786902173962373,False,False
65,1;2;8;10,4,5,36,0.02090464763187935,0.9036796404912188,0.9463525454377015,False,False
65,1;2;8;10,4,6,35,0.07120814610010796,0.6843824031694797,0.8188860737573265,False,False
65,1;2;8;10,4,7,0,,,,False,False
65,1;2;8;10,4,8,0,,,,False,False
65,1;2;8;10,4,9,0,,,,False,False
65,1;2;8;10,4,10,0,,,,False,False
65,1;2;9;10,4,0,43,0.07046029282899562,0.6534440244356308,0.8045469226958312,False,False
65,1;2;9;10,4,1,43,0.07046029282899562,0.6534440244356308,0.8045469226958312,False,False
65,1;2;9;10,4,2,42,0.06872199567768103,0.6654211451030212,0.81185344476025,False,False
65,1;2;9;10,4,3,42,0.06872199567768103,0.6654211451030212,0.81185344476025,False,False
65,1;2;9;10,4,4,41,0.036258956388111316,0.8219290564115769,0.895713491083482,False,False
65,1;2;9;10,4,5,39,0.08571186549600171,0.6038921406968762,0.7816886922645369,False,False
65,1;2;9;10,4,6,34,0.026207019660104643,0.8830364159136802,0.9318833023462871,False,False
65,1;2;9;10,4,7,0,,,,False,False
65,1;2;9;10,4,8,0,,,,False,False
65,1;2;9;10,4,9,0,,,,False,False
65,1;2;9;10,4,10,0,,,,False,False
65,1;3;4;5,4,0,43,0.2122949911252653,0.171710789208702,0.7506525013658502,False,False
65,1;3;4;5,4,1,43,0.2122949911252653,0.171710789208702,0.7506525013658502,False,False
65,1;3;4;5,4,2,43,0.2122949911252653,0.171710789208702,0.7506525013658502,False,False
65,1;3;4;5,4,3,41,0.2786711891002731,0.07767797762420872,0.7506525013658502,False,False
65,1;3;4;5,4,4,39,0.2319383030179502,0.15537862871579772,0.7506525013658502,False,False
65,1;3;4;5,4,5,37,0.20271163137668521,0.22887319052290572,0.7506525013658502,False,False
65,1;3;4;5,4,6,35,0.15660174142331437,0.3689818155327699,0.7506525013658502,False,False
65,1;3;4;5,4,7,0,,,,False,False
65,1;3;4;5,4,8,0,,,,False,False
65,1;3;4;5,4,9,0,,,,False,False
65,1;3;4;5,4,10,0,,,,False,False
65,1;3;4;6,4,0,43,0.280432512375395,0.06853485100712838,0.7506525013658502,False,False
65,1;3;4;6,4,1,43,0.280432512375395,0.06853485100712838,0.7506525013658502,False,False
65,1;3;4;6,4,2,43,0.280432512375395,0.06853485100712838,0.7506525013658502,False,False
65,1;3;4;6,4,3,41,0.26074599494729034,0.0996445264432949,0.7506525013658502,False,False
65,1;3;4;6,4,4,39,0.20543396979216869,0.20961426898537322,0.7506525013658502,False,False
65,1;3;4;6,4,5,37,0.16276376736344988,0.33579296773731787,0.7506525013658502,False,False
65,1;3;4;6,4,6,34,0.18482845444494855,0.29534677005405646,0.7506525013658502,False,False
65,1;3;4;6,4,7,0,,,,False,False
65,1;3;4;6,4,8,0,,,,False,False
65,1;3;4;6,4,9,0,,,,False,False
65,1;3;4;6,4,10,0,,,,False,False
65,1;3;4;7,4,0,43,0.11884275119043766,0.44783091255376883,0.7509923134248312,False,False
65,1;3;4;7,4,1,43,0.11884275119043766,0.44783091255376883,0.7509923134248312,False,False
65,1;3;4;7,4,2,43,0.11884275119043766,0.44783091255376883,0.7509923134248312,False,False
65,1;3;4;7,4,3,42,0.09848797250375353,0.5349126553062109,0.760535689565614,False,False
65,1;3;4;7,4,4,40,0.1639836374979448,0.3119677120568056,0.7506525013658502,False,False
65,1;3;4;7,4,5,37,0.14171980328504913,0.40276387366310806,0.7506525013658502,False,False
65,1;3;4;7,4,6,34,0.1698092268034851,0.33699949641478094,0.7506525013658502,False,False
65,1;3;4;7,4,7,0,,,,False,False
65,1;3;4;7,4,8,0,,,,False,False
65,1;3;4;7,4,9,0,,,,False,False
65,1;3;4;7,4,10,0,,,,False,False
65,1;3;4;8,4,0,43,0.22063217392561482,0.15510221330558321,0.7506525013658502,False,False
65,1;3;4;8,4,1,43,0.22063217392561482,0.15510221330558321,0.7506525013658502,False,False
65,1;3;4;8,4,2,43,0.22063217392561482,0.15510221330558321,0.7506525013658502,False,False
65,1;3;4;8,4,3,42,0.20429544750572162,0.19436741816505523,0.7506525013658502,False,False
65,1;3;4;8,4,4,40,0.20193943228373626,0.211445924436921,0.7506525013658502,False,False
65,1;3;4;8,4,5,36,0.12180685721393554,0.47913754978260553,0.7519074874765345,False,False
65,1;3;4;8,4,6,35,0.2005625890156887,0.24799332897492327,0.7506525013658502,False,False
65,1;3;4;8,4,7,0,,,,False,False
65,1;3;4;8,4,8,0,,,,False,False
65,1;3;4;8,4,9,0,,,,False,False
65,1;3;4;8,4,10,0,,,,False,False
65,1;3;4;9,4,0,43,0.1728828542508854,0.267587207626114,0.7506525013658502,False,False
65,1;3;4;9,4,1,43,0.1728828542508854,0.267587207626114,0.7506525013658502,False,False
65,1;3;4;9,4,2,43,0.1728828542508854,0.267587207626114,0.7506525013658502,False,False
65,1;3;4;9,4,3,42,0.1559867310175056,0.32390884516251023,0.7506525013658502,False,False
65,1;3;4;9,4,4,41,0.1886080184779696,0.2376154487910881,0.7506525013658502,False,False
65,1;3;4;9,4,5,38,0.11476891981497123,0.4926361151398305,0.7551847635413256,False,False
65,1;3;4;9,4,6,34,0.1604605238837986,0.3646530765735362,0.7506525013658502,False,False
65,1;3;4;9,4,7,0,,,,False,False
65,1;3;4;9,4,8,0,,,,False,False
65,1;3;4;9,4,9,0,,,,False,False
65,1;3;4;9,4,10,0,,,,False,False
65,1;3;4;10,4,0,43,0.181220037051235,0.24483665246167677,0.7506525013658502,False,False
65,1;3;4;10,4,1,43,0.181220037051235,0.24483665246167677,0.7506525013658502,False,False
65,1;3;4;10,4,2,42,0.16249295546036296,0.30388044944147174,0.7506525013658502,False,False
65,1;3;4;10,4,3,42,0.16249295546036296,0.30388044944147174,0.7506525013658502,False,False
65,1;3;4;10,4,4,41,0.1829244203319019,0.2523100983242961,0.7506525013658502,False,False
65,1;3;4;10,4,5,37,0.08079870723907803,0.6345096615058463,0.7968433593796592,False,False
65,1;3;4;10,4,6,34,0.1802307316975618,0.30773262259721257,0.7506525013658502,False,False
65,1;3;4;10,4,7,0,,,,False,False
65,1;3;4;10,4,8,0,,,,False,False
65,1;3;4;10,4,9,0,,,,False,False
65,1;3;4;10,4,10,0,,,,False,False
65,1;3;5;6,4,0,43,0.2125981614089143,0.17108525338658648,0.7506525013658502,False,False
65,1;3;5;6,4,1,43,0.2125981614089143,0.17108525338658648,0.7506525013658502,False,False
65,1;3;5;6,4,2,43,0.2125981614089143,0.17108525338658648,0.7506525013658502,False,False
65,1;3;5;6,4,3,41,0.2757856700415003,0.0809319401526289,0.7506525013658502,False,False
65,1;3;5;6,4,4,39,0.22482986115662948,0.16879940357172832,0.7506525013658502,False,False
65,1;3;5;6,4,5,38,0.1895361546202909,0.25440408108757395,0.7506525013658502,False,False
65,1;3;5;6,4,6,34,0.175633008950175,0.32044082758826953,0.7506525013658502,False,False
65,1;3;5;6,4,7,0,,,,False,False
65,1;3;5;6,4,8,0,,,,False,False
65,1;3;5;6,4,9,0,,,,False,False
65,1;3;5;6,4,10,0,,,,False,False
65,1;3;5;7,4,0,43,0.07427671949402355,0.6359510498809722,0.7975120491167828,False,False
65,1;3;5;7,4,1,43,0.07427671949402355,0.6359510498809722,0.7975120491167828,False,False
65,1;3;5;7,4,2,43,0.07427671949402355,0.6359510498809722,0.7975120491167828,False,False
65,1;3;5;7,4,3,42,0.0571734472916092,0.7191173158351892,0.8379928776424039,False,False
65,1;3;5;7,4,4,40,0.19421841500330966,0.22980167815737781,0.7506525013658502,False,False
65,1;3;5;7,4,5,38,0.17031898946469937,0.30662086505457414,0.7506525013658502,False,False
65,1;3;5;7,4,6,34,0.16229961298275336,0.35910914066495603,0.7506525013658502,False,False
65,1;3;5;7,4,7,0,,,,False,False
65,1;3;5;7,4,8,0,,,,False,False
65,1;3;5;7,4,9,0,,,,False,False
65,1;3;5;7,4,10,0,,,,False,False
65,1;3;5;8,4,0,43,0.1900119752770582,0.22230122238691372,0.7506525013658502,False,False
65,1;3;5;8,4,1,43,0.1900119752770582,0.22230122238691372,0.7506525013658502,False,False
65,1;3;5;8,4,2,43,0.1900119752770582,0.22230122238691372,0.7506525013658502,False,False
65,1;3;5;8,4,3,42,0.17526142092947056,0.2669275199851746,0.7506525013658502,False,False
65,1;3;5;8,4,4,40,0.23336896181904285,0.14726778833801543,0.7506525013658502,False,False
65,1;3;5;8,4,5,37,0.1528956938125614,0.36629496776015125,0.7506525013658502,False,False
65,1;3;5;8,4,6,35,0.18595578981566652,0.2848269698092084,0.7506525013658502,False,False
65,1;3;5;8,4,7,0,,,,False,False
65,1;3;5;8,4,8,0,,,,False,False
65,1;3;5;8,4,9,0,,,,False,False
65,1;3;5;8,4,10,0,,,,False,False
65,1;3;5;9,4,0,43,0.17333760967635903,0.2663113634946493,0.7506525013658502,False,False
65,1;3;5;9,4,1,43,0.17333760967635903,0.2663113634946493,0.7506525013658502,False,False
65,1;3;5;9,4,2,43,0.17333760967635903,0.2663113634946493,0.7506525013658502,False,False
65,1;3;5;9,4,3,42,0.15948382665554142,0.31304302571975184,0.7506525013658502,False,False
65,1;3;5;9,4,4,41,0.23626280293346028,0.13696687852349984,0.7506525013658502,False,False
65,1;3;5;9,4,5,38,0.19278106320736568,0.2462111366178094,0.7506525013658502,False,False
65,1;3;5;9,4,6,35,0.24413362230463284,0.157552694840332,0.7506525013658502,False,False
65,1;3;5;9,4,7,0,,,,False,False
65,1;3;5;9,4,8,0,,,,False,False
65,1;3;5;9,4,9,0,,,,False,False
65,1;3;5;9,4,10,0,,,,False,False
65,1;3;5;10,4,0,43,0.19395318896449618,0.21267876150050422,0.7506525013658502,False,False
65,1;3;5;10,4,1,43,0.19395318896449618,0.21267876150050422,0.7506525013658502,False,False
65,1;3;5;10,4,2,42,0.1745294706796491,0.26896171928967394,0.7506525013658502,False,False
65,1;3;5;10,4,3,42,0.1745294706796491,0.26896171928967394,0.7506525013658502,False,False
65,1;3;5;10,4,4,41,0.25042807831289055,0.11428701453396202,0.7506525013658502,False,False
65,1;3;5;10,4,5,38,0.1980477057992573,0.2332942747843134,0.7506525013658502,False,False
65,1;3;5;10,4,6,34,0.21026918698048874,0.2326305439163536,0.7506525013658502,False,False
65,1;3;5;10,4,7,0,,,,False,False
65,1;3;5;10,4,8,0,,,,False,False
65,1;3;5;10,4,9,0,,,,False,False
65,1;3;5;10,4,10,0,,,,False,False
65,1;3;6;7,4,0,43,0.07238190522121683,0.6446124445894881,0.8015899285654302,False,False
65,1;3;6;7,4,1,43,0.07238190522121683,0.6446124445894881,0.8015899285654302,False,False
65,1;3;6;7,4,2,43,0.07238190522121683,0.6446124445894881,0.8015899285654302,False,False
65,1;3;6;7,4,3,42,0.057498758513752066,0.7175848748343175,0.837727838484837,False,False
65,1;3;6;7,4,4,40,0.1529634849492604,0.34603382388595383,0.7506525013658502,False,False
65,1;3;6;7,4,5,36,0.13040739338554225,0.44840516818633835,0.7509923134248312,False,False
65,1;3;6;7,4,6,35,0.12860233990140418,0.4615747358067231,0.7510354628300103,False,False
65,1;3;6;7,4,7,0,,,,False,False
65,1;3;6;7,4,8,0,,,,False,False
65,1;3;6;7,4,9,0,,,,False,False
65,1;3;6;7,4,10,0,,,,False,False
65,1;3;6;8,4,0,43,0.17788516393109516,0.2537746945065912,0.7506525013658502,False,False
65,1;3;6;8,4,1,43,0.17788516393109516,0.2537746945065912,0.7506525013658502,False,False
65,1;3;6;8,4,2,43,0.17788516393109516,0.2537746945065912,0.7506525013658502,False,False
65,1;3;6;8,4,3,42,0.1583452373780414,0.31655508834184115,0.7506525013658502,False,False
65,1;3;6;8,4,4,40,0.1467966050152044,0.36605199516824105,0.7506525013658502,False,False
65,1;3;6;8,4,5,36,0.14525575995914358,0.3979585218009238,0.7506525013658502,False,False
65,1;3;6;8,4,6,35,0.10477569426169732,0.5491714470390768,0.7642864066971112,False,False
65,1;3;6;8,4,7,0,,,,False,False
65,1;3;6;8,4,8,0,,,,False,False
65,1;3;6;8,4,9,0,,,,False,False
65,1;3;6;8,4,10,0,,,,False,False
65,1;3;6;9,4,0,43,0.14332375159510052,0.35920113164299694,0.7506525013658502,False,False
65,1;3;6;9,4,1,43,0.14332375159510052,0.35920113164299694,0.7506525013658502,False,False
65,1;3;6;9,4,2,43,0.14332375159510052,0.35920113164299694,0.7506525013658502,False,False
65,1;3;6;9,4,3,42,0.1224796751367901,0.43968780577153027,0.7509041397983071,False,False
65,1;3;6;9,4,4,41,0.1420899536516924,0.37551437300468393,0.7506525013658502,False,False
65,1;3;6;9,4,5,38,0.2172088724443426,0.1902158398115272,0.7506525013658502,False,False
65,1;3;6;9,4,6,34,0.0960924054203837,0.588779265562492,0.7773467911697347,False,False
65,1;3;6;9,4,7,0,,,,False,False
65,1;3;6;9,4,8,0,,,,False,False
65,1;3;6;9,4,9,0,,,,False,False
65,1;3;6;9,4,10,0,,,,False,False
65,1;3;6;10,4,0,43,0.19834915807740777,0.20229213794093034,0.7506525013658502,False,False
65,1;3;6;10,4,1,43,0.19834915807740777,0.20229213794093034,0.7506525013658502,False,False
65,1;3;6;10,4,2,42,0.17599337117929204,0.264903525419503,0.7506525013658502,False,False
65,1;3;6;10,4,3,42,0.17599337117929204,0.264903525419503,0.7506525013658502,False,False
65,1;3;6;10,4,4,41,0.1858973793621527,0.2445495119892987,0.7506525013658502,False,False
65,1;3;6;10,4,5,37,0.19438915970726117,0.24896055690510185,0.7506525013658502,False,False
65,1;3;6;10,4,6,34,0.1281232072271783,0.4702202910531577,0.7510354628300103,False,False
65,1;3;6;10,4,7,0,,,,False,False
65,1;3;6;10,4,8,0,,,,False,False
65,1;3;6;10,4,9,0,,,,False,False
65,1;3;6;10,4,10,0,,,,False,False
65,1;3;7;8,4,0,43,0.0790516514614965,0.6143379207906494,0.7848162741636515,False,False
65,1;3;7;8,4,1,43,0.0790516514614965,0.6143379207906494,0.7848162741636515,False,False
65,1;3;7;8,4,2,43,0.0790516514614965,0.6143379207906494,0.7848162741636515,False,False
65,1;3;7;8,4,3,42,0.06319170490125227,0.6909487983874327,0.8220992578915357,False,False
65,1;3;7;8,4,4,42,0.06319170490125227,0.6909487983874327,0.8220992578915357,False,False
65,1;3;7;8,4,5,36,0.14822543327386384,0.388277217469667,0.7506525013658502,False,False
65,1;3;7;8,4,6,35,0.10084309447707597,0.5643437438110039,0.7702983582744148,False,False
65,1;3;7;8,4,7,0,,,,False,False
65,1;3;7;8,4,8,0,,,,False,False
65,1;3;7;8,4,9,0,,,,False,False
65,1;3;7;8,4,10,0,,,,False,False
65,1;3;7;9,4,0,43,0.05062943736939564,0.7471320810788351,0.8528208988020998,False,False
65,1;3;7;9,4,1,43,0.05062943736939564,0.7471320810788351,0.8528208988020998,False,False
65,1;3;7;9,4,2,43,0.05062943736939564,0.7471320810788351,0.8528208988020998,False,False
65,1;3;7;9,4,3,42,0.033425728075179774,0.8335547418671931,0.9024544905340444,False,False
65,1;3;7;9,4,4,42,0.033425728075179774,0.8335547418671931,0.9024544905340444,False,False
65,1;3;7;9,4,5,39,0.20270601309223152,0.21586113471606075,0.7506525013658502,False,False
65,1;3;7;9,4,6,34,0.0836785540024394,0.6379965635347943,0.7978853603001306,False,False
65,1;3;7;9,4,7,0,,,,False,False
65,1;3;7;9,4,8,0,,,,False,False
65,1;3;7;9,4,9,0,,,,False,False
65,1;3;7;9,4,10,0,,,,False,False
65,1;3;7;10,4,0,43,0.01750808388073412,0.9112725444434545,0.9499666786279832,False,False
65,1;3;7;10,4,1,43,0.01750808388073412,0.9112725444434545,0.9499666786279832,False,False
65,1;3;7;10,4,2,42,-0.005611618581964487,0.9718643122883546,0.984850292046744,False,False
65,1;3;7;10,4,3,42,-0.005611618581964487,0.9718643122883546,0.984850292046744,False,False
65,1;3;7;10,4,4,42,-0.005611618581964487,0.9718643122883546,0.984850292046744,False,False
65,1;3;7;10,4,5,38,0.11310674348719557,0.49896430317373325,0.7558129676892907,False,False
65,1;3;7;10,4,6,34,0.04245230670087127,0.8115819385853293,0.8902028600610251,False,False
65,1;3;7;10,4,7,0,,,,False,False
65,1;3;7;10,4,8,0,,,,False,False
65,1;3;7;10,4,9,0,,,,False,False
65,1;3;7;10,4,10,0,,,,False,False
65,1;3;8;9,4,0,43,0.10936867982640404,0.4850872193757595,0.7526877465585478,False,False
65,1;3;8;9,4,1,43,0.10936867982640404,0.4850872193757595,0.7526877465585478,False,False
65,1;3;8;9,4,2,43,0.10936867982640404,0.4850872193757595,0.7526877465585478,False,False
65,1;3;8;9,4,3,42,0.08978589731143179,0.571758931129657,0.7712268365394804,False,False
65,1;3;8;9,4,4,42,0.08978589731143179,0.571758931129657,0.7712268365394804,False,False
65,1;3;8;9,4,5,38,0.12333399900817876,0.4606918721679308,0.7510354628300103,False,False
65,1;3;8;9,4,6,35,0.09297789490783326,0.5952518625125567,0.7785811597048389,False,False
65,1;3;8;9,4,7,0,,,,False,False
65,1;3;8;9,4,8,0,,,,False,False
65,1;3;8;9,4,9,0,,,,False,False
65,1;3;8;9,4,10,0,,,,False,False
65,1;3;8;10,4,0,43,0.16568256001421985,0.28832712288037804,0.7506525013658502,False,False
65,1;3;8;10,4,1,43,0.16568256001421985,0.28832712288037804,0.7506525013658502,False,False
65,1;3;8;10,4,2,42,0.1461460665476838,0.3557345086654224,0.7506525013658502,False,False
65,1;3;8;10,4,3,42,0.1461460665476838,0.3557345086654224,0.7506525013658502,False,False
65,1;3;8;10,4,4,42,0.1461460665476838,0.3557345086654224,0.7506525013658502,False,False
65,1;3;8;10,4,5,37,0.15091245536327563,0.37261847465120246,0.7506525013658502,False,False
65,1;3;8;10,4,6,35,0.17584339036949737,0.31229245666940963,0.7506525013658502,False,False
65,1;3;8;10,4,7,0,,,,False,False
65,1;3;8;10,4,8,0,,,,False,False
65,1;3;8;10,4,9,0,,,,False,False
65,1;3;8;10,4,10,0,,,,False,False
65,1;3;9;10,4,0,43,0.07094184637388372,0.6512263887336177,0.8036882209882894,False,False
65,1;3;9;10,4,1,43,0.07094184637388372,0.6512263887336177,0.8036882209882894,False,False
65,1;3;9;10,4,2,42,0.0487153555158946,0.759326147139416,0.8606163324497109,False,False
65,1;3;9;10,4,3,42,0.0487153555158946,0.759326147139416,0.8606163324497109,False,False
65,1;3;9;10,4,4,42,0.0487153555158946,0.759326147139416,0.8606163324497109,False,False
65,1;3;9;10,4,5,39,0.1340517327662586,0.41587563735054467,0.7506525013658502,False,False
65,1;3;9;10,4,6,35,0.07794974573088742,0.6562567057426976,0.8061157655223737,False,False
65,1;3;9;10,4,7,0,,,,False,False
65,1;3;9;10,4,8,0,,,,False,False
65,1;3;9;10,4,9,0,,,,False,False
65,1;3;9;10,4,10,0,,,,False,False
65,1;4;5;6,4,0,44,0.2548106453864187,0.09506888695246146,0.7506525013658502,False,False
65,1;4;5;6,4,1,44,0.2548106453864187,0.09506888695246146,0.7506525013658502,False,False
65,1;4;5;6,4,2,43,0.2567852302507671,0.0964649326335119,0.7506525013658502,False,False
65,1;4;5;6,4,3,41,0.2931862243656152,0.0628335549279912,0.7506525013658502,False,False
65,1;4;5;6,4,4,38,0.21896587040142523,0.18656769917827598,0.7506525013658502,False,False
65,1;4;5;6,4,5,37,0.18785007482414232,0.26554682741636493,0.7506525013658502,False,False
65,1;4;5;6,4,6,35,0.12935444291558074,0.4589368241176405,0.7510354628300103,False,False
65,1;4;5;6,4,7,0,,,,False,False
65,1;4;5;6,4,8,0,,,,False,False
65,1;4;5;6,4,9,0,,,,False,False
65,1;4;5;6,4,10,0,,,,False,False
65,1;4;5;7,4,0,44,0.12058066899357309,0.43558711178260845,0.7509041397983071,False,False
65,1;4;5;7,4,1,44,0.12058066899357309,0.43558711178260845,0.7509041397983071,False,False
65,1;4;5;7,4,2,43,0.11664476663398186,0.45633207770519785,0.7510354628300103,False,False
65,1;4;5;7,4,3,42,0.09206307586643186,0.5620056910564312,0.7692215166831052,False,False
65,1;4;5;7,4,4,39,0.2160232085361043,0.18655785821125953,0.7506525013658502,False,False
65,1;4;5;7,4,5,37,0.16835171262720602,0.31923646910964604,0.7506525013658502,False,False
65,1;4;5;7,4,6,35,0.11741619356940879,0.5017457449787298,0.7558559619392049,False,False
65,1;4;5;7,4,7,0,,,,False,False
65,1;4;5;7,4,8,0,,,,False,False
65,1;4;5;7,4,9,0,,,,False,False
65,1;4;5;7,4,10,0,,,,False,False
65,1;4;5;8,4,0,44,0.22496604578800938,0.14205240401969826,0.7506525013658502,False,False
65,1;4;5;8,4,1,44,0.22496604578800938,0.14205240401969826,0.7506525013658502,False,False
65,1;4;5;8,4,2,43,0.22449759504214054,0.14781360510798158,0.7506525013658502,False,False
65,1;4;5;8,4,3,42,0.20120499089536434,0.20134828867443325,0.7506525013658502,False,False
65,1;4;5;8,4,4,38,0.21451776517881624,0.19590057664125973,0.7506525013658502,False,False
65,1;4;5;8,4,5,37,0.18737450501446093,0.26678082456932456,0.7506525013658502,False,False
65,1;4;5;8,4,6,36,0.1405165969342964,0.41369280548117887,0.7506525013658502,False,False
65,1;4;5;8,4,7,0,,,,False,False
65,1;4;5;8,4,8,0,,,,False,False
65,1;4;5;8,4,9,0,,,,False,False
65,1;4;5;8,4,10,0,,,,False,False
65,1;4;5;9,4,0,44,0.1777238833905274,0.2484324394879176,0.7506525013658502,False,False
65,1;4;5;9,4,1,44,0.1777238833905274,0.2484324394879176,0.7506525013658502,False,False
65,1;4;5;9,4,2,43,0.1750808388073412,0.2614580149097214,0.7506525013658502,False,False
65,1;4;5;9,4,3,42,0.15118839049089827,0.3391973277890228,0.7506525013658502,False,False
65,1;4;5;9,4,4,40,0.19610520823826022,0.22521883258281408,0.7506525013658502,False,False
65,1;4;5;9,4,5,37,0.16205041264892783,0.33794393298073755,0.7506525013658502,False,False
65,1;4;5;9,4,6,36,0.15016217673998578,0.382037847366366,0.7506525013658502,False,False
65,1;4;5;9,4,7,0,,,,False,False
65,1;4;5;9,4,8,0,,,,False,False
65,1;4;5;9,4,9,0,,,,False,False
65,1;4;5;9,4,10,0,,,,False,False
65,1;4;5;10,4,0,44,0.18217935679028988,0.23657608238619102,0.7506525013658502,False,False
65,1;4;5;10,4,1,44,0.18217935679028988,0.23657608238619102,0.7506525013658502,False,False
65,1;4;5;10,4,2,42,0.15167635732411258,0.3376225500023824,0.7506525013658502,False,False
65,1;4;5;10,4,3,42,0.15167635732411258,0.3376225500023824,0.7506525013658502,False,False
65,1;4;5;10,4,4,40,0.19281169466420114,0.233259623943185,0.7506525013658502,False,False
65,1;4;5;10,4,5,37,0.16502272395943637,0.32903734558047765,0.7506525013658502,False,False
65,1;4;5;10,4,6,35,0.10309029435400247,0.555650311444496,0.7667025748435622,False,False
65,1;4;5;10,4,7,0,,,,False,False
65,1;4;5;10,4,8,0,,,,False,False
65,1;4;5;10,4,9,0,,,,False,False
65,1;4;5;10,4,10,0,,,,False,False
65,1;4;6;7,4,0,44,0.15084959939195977,0.3283588508504836,0.7506525013658502,False,False
65,1;4;6;7,4,1,44,0.15084959939195977,0.3283588508504836,0.7506525013658502,False,False
65,1;4;6;7,4,2,43,0.1415047298932061,0.3653954600964302,0.7506525013658502,False,False
65,1;4;6;7,4,3,42,0.11987718535964716,0.4495409815988696,0.7509923134248312,False,False
65,1;4;6;7,4,4,39,0.18938881764835871,0.24819714562054188,0.7506525013658502,False,False
65,1;4;6;7,4,5,37,0.10414978832022068,0.5395811726498871,0.7614490681021345,False,False
65,1;4;6;7,4,6,34,0.1167821577836242,0.5107071446432063,0.7560570109542406,False,False
65,1;4;6;7,4,7,0,,,,False,False
65,1;4;6;7,4,8,0,,,,False,False
65,1;4;6;7,4,9,0,,,,False,False
65,1;4;6;7,4,10,0,,,,False,False
65,1;4;6;8,4,0,44,0.27425914038538207,0.07161200325534893,0.7506525013658502,False,False
65,1;4;6;8,4,1,44,0.27425914038538207,0.07161200325534893,0.7506525013658502,False,False
65,1;4;6;8,4,2,43,0.2763397135461325,0.07284593614501822,0.7506525013658502,False,False
65,1;4;6;8,4,3,42,0.2611435835751879,0.09482906903265942,0.7506525013658502,False,False
65,1;4;6;8,4,4,39,0.1959998819991508,0.23176057270163897,0.7506525013658502,False,False
65,1;4;6;8,4,5,36,0.08529060658730021,0.6208922629478995,0.7870699899481937,False,False
65,1;4;6;8,4,6,35,0.15126464171561396,0.385722777341166,0.7506525013658502,False,False
65,1;4;6;8,4,7,0,,,,False,False
65,1;4;6;8,4,8,0,,,,False,False
65,1;4;6;8,4,9,0,,,,False,False
65,1;4;6;8,4,10,0,,,,False,False
65,1;4;6;9,4,0,44,0.2357157593874364,0.1234763338145039,0.7506525013658502,False,False
65,1;4;6;9,4,1,44,0.2357157593874364,0.1234763338145039,0.7506525013658502,False,False
65,1;4;6;9,4,2,43,0.23510855496985816,0.12910435654303484,0.7506525013658502,False,False
65,1;4;6;9,4,3,42,0.21568134028072203,0.17012569326019183,0.7506525013658502,False,False
65,1;4;6;9,4,4,41,0.20049985459897274,0.20877806105343424,0.7506525013658502,False,False
65,1;4;6;9,4,5,37,0.11056998075091921,0.514730958797494,0.756979384639706,False,False
65,1;4;6;9,4,6,34,0.11019208851236985,0.5350040637012373,0.760535689565614,False,False
65,1;4;6;9,4,7,0,,,,False,False
65,1;4;6;9,4,8,0,,,,False,False
65,1;4;6;9,4,9,0,,,,False,False
65,1;4;6;9,4,10,0,,,,False,False
65,1;4;6;10,4,0,44,0.234372045187508,0.12569282799519504,0.7506525013658502,False,False
65,1;4;6;10,4,1,44,0.234372045187508,0.12569282799519504,0.7506525013658502,False,False
65,1;4;6;10,4,2,42,0.20982573828215037,0.1823051266599411,0.7506525013658502,False,False
65,1;4;6;10,4,3,42,0.20982573828215037,0.1823051266599411,0.7506525013658502,False,False
65,1;4;6;10,4,4,41,0.19193073739413222,0.2292992953116844,0.7506525013658502,False,False
65,1;4;6;10,4,5,36,0.06051633054378789,0.725884536906596,0.8410096999454096,False,False
65,1;4;6;10,4,6,34,0.1255178310036591,0.4793691117415077,0.7519074874765345,False,False
65,1;4;6;10,4,7,0,,,,False,False
65,1;4;6;10,4,8,0,,,,False,False
65,1;4;6;10,4,9,0,,,,False,False
65,1;4;6;10,4,10,0,,,,False,False
65,1;4;7;8,4,0,44,0.09688886599483586,0.5315374266526772,0.760535689565614,False,False
65,1;4;7;8,4,1,44,0.09688886599483586,0.5315374266526772,0.760535689565614,False,False
65,1;4;7;8,4,2,43,0.0956502244912834,0.5417693077458484,0.7620995780816915,False,False
65,1;4;7;8,4,3,42,0.07099917423268111,0.6550152458178908,0.8052348719350216,False,False
65,1;4;7;8,4,4,41,0.10913945462834951,0.4969761546586153,0.7558129676892907,False,False
65,1;4;7;8,4,5,36,0.04967758477475125,0.7735580941744822,0.8687326092347063,False,False
65,1;4;7;8,4,6,35,0.12233194330018547,0.48387855179009603,0.7526877465585478,False,False
65,1;4;7;8,4,7,0,,,,False,False
65,1;4;7;8,4,8,0,,,,False,False
65,1;4;7;8,4,9,0,,,,False,False
65,1;4;7;8,4,10,0,,,,False,False
65,1;4;7;9,4,0,44,0.08062285199570284,0.6028935604094092,0.7816886922645369,False,False
65,1;4;7;9,4,1,44,0.08062285199570284,0.6028935604094092,0.7816886922645369,False,False
65,1;4;7;9,4,2,43,0.07283666064669043,0.6425294139797784,0.8004579578336601,False,False
65,1;4;7;9,4,3,42,0.04733278282178741,0.7659618975245169,0.8652636882113106,False,False
65,1;4;7;9,4,4,42,0.04733278282178741,0.7659618975245169,0.8652636882113106,False,False
65,1;4;7;9,4,5,38,0.11760905075221988,0.48191937452866973,0.7521975241439104,False,False
65,1;4;7;9,4,6,34,0.08858279159965197,0.6183549812191476,0.7861638587378955,False,False
65,1;4;7;9,4,7,0,,,,False,False
65,1;4;7;9,4,8,0,,,,False,False
65,1;4;7;9,4,9,0,,,,False,False
65,1;4;7;9,4,10,0,,,,False,False
65,1;4;7;10,4,0,44,0.09391855039499417,0.5442536592584705,0.7631477354085332,False,False
65,1;4;7;10,4,1,44,0.09391855039499417,0.5442536592584705,0.7631477354085332,False,False
65,1;4;7;10,4,2,42,0.06611950590053808,0.6773898597744432,0.8170155842762705,False,False
65,1;4;7;10,4,3,42,0.06611950590053808,0.6773898597744432,0.8170155842762705,False,False
65,1;4;7;10,4,4,42,0.06611950590053808,0.6773898597744432,0.8170155842762705,False,False
65,1;4;7;10,4,5,37,0.09273611288786772,0.5851282036012492,0.7753327339781004,False,False
65,1;4;7;10,4,6,34,0.11049860336219561,0.5338617980010006,0.760535689565614,False,False
65,1;4;7;10,4,7,0,,,,False,False
65,1;4;7;10,4,8,0,,,,False,False
65,1;4;7;10,4,9,0,,,,False,False
65,1;4;7;10,4,10,0,,,,False,False
65,1;4;8;9,4,0,44,0.15473929839175243,0.3158933935024012,0.7506525013658502,False,False
65,1;4;8;9,4,1,44,0.15473929839175243,0.3158933935024012,0.7506525013658502,False,False
65,1;4;8;9,4,2,43,0.15378312638099367,0.3248299432650513,0.7506525013658502,False,False
65,1;4;8;9,4,3,42,0.13028714446821896,0.41085520467214093,0.7506525013658502,False,False
65,1;4;8;9,4,4,41,0.10327249747168091,0.5205237418324229,0.7591589140732606,False,False
65,1;4;8;9,4,5,38,0.08964757757089149,0.5924811280320658,0.7778609894210258,False,False
65,1;4;8;9,4,6,35,0.11095549392324515,0.5257244794377762,0.7595331817189964,False,False
65,1;4;8;9,4,7,0,,,,False,False
65,1;4;8;9,4,8,0,,,,False,False
65,1;4;8;9,4,9,0,,,,False,False
65,1;4;8;9,4,10,0,,,,False,False
65,1;4;8;10,4,0,44,0.18437173259017303,0.230885915625745,0.7506525013658502,False,False
65,1;4;8;10,4,1,44,0.18437173259017303,0.230885915625745,0.7506525013658502,False,False
65,1;4;8;10,4,2,42,0.15842656518357712,0.31630340521977807,0.7506525013658502,False,False
65,1;4;8;10,4,3,42,0.15842656518357712,0.31630340521977807,0.7506525013658502,False,False
65,1;4;8;10,4,4,41,0.13507553391812072,0.3997729857549594,0.7506525013658502,False,False
65,1;4;8;10,4,5,37,0.09565710753341486,0.5733105023200691,0.7712268365394804,False,False
65,1;4;8;10,4,6,35,0.1712085406233365,0.3254184312988856,0.7506525013658502,False,False
65,1;4;8;10,4,7,0,,,,False,False
65,1;4;8;10,4,8,0,,,,False,False
65,1;4;8;10,4,9,0,,,,False,False
65,1;4;8;10,4,10,0,,,,False,False
65,1;4;9;10,4,0,44,0.14363597579234424,0.352277795228468,0.7506525013658502,False,False
65,1;4;9;10,4,1,44,0.14363597579234424,0.352277795228468,0.7506525013658502,False,False
65,1;4;9;10,4,2,42,0.1135336165278612,0.4740550383412448,0.7510354628300103,False,False
65,1;4;9;10,4,3,42,0.1135336165278612,0.4740550383412448,0.7510354628300103,False,False
65,1;4;9;10,4,4,41,0.09339957681660482,0.5613575605527319,0.7692215166831052,False,False
65,1;4;9;10,4,5,40,0.10162841885667995,0.5326330097581063,0.760535689565614,False,False
65,1;4;9;10,4,6,34,0.11877450430749181,0.5034713316928477,0.7558559619392049,False,False
65,1;4;9;10,4,7,0,,,,False,False
65,1;4;9;10,4,8,0,,,,False,False
65,1;4;9;10,4,9,0,,,,False,False
65,1;4;9;10,4,10,0,,,,False,False
65,1;5;6;7,4,0,44,0.09519154279492632,0.5387860420585826,0.7614490681021345,False,False
65,1;5;6;7,4,1,44,0.09519154279492632,0.5387860420585826,0.7614490681021345,False,False
65,1;5;6;7,4,2,43,0.08799517482914423,0.5747224930394005,0.7715780873298177,False,False
65,1;5;6;7,4,3,42,0.06026390390196645,0.7046037814332097,0.8299867745626475,False,False
65,1;5;6;7,4,4,39,0.14862396747283976,0.36653241279817045,0.7506525013658502,False,False
65,1;5;6;7,4,5,38,0.11354599297646624,0.497287994987908,0.7558129676892907,False,False
65,1;5;6;7,4,6,34,0.08275900945296204,0.6417069864626416,0.79992005232143,False,False
65,1;5;6;7,4,7,0,,,,False,False
65,1;5;6;7,4,8,0,,,,False,False
65,1;5;6;7,4,9,0,,,,False,False
65,1;5;6;7,4,10,0,,,,False,False
65,1;5;6;8,4,0,44,0.185792715312745,0.22724831772106252,0.7506525013658502,False,False
65,1;5;6;8,4,1,44,0.185792715312745,0.22724831772106252,0.7506525013658502,False,False
65,1;5;6;8,4,2,43,0.18660835473389853,0.23084926607361253,0.7506525013658502,False,False
65,1;5;6;8,4,3,42,0.16010027184786713,0.3111518938166144,0.7506525013658502,False,False
65,1;5;6;8,4,4,39,0.1417262582261023,0.38943641413197116,0.7506525013658502,False,False
65,1;5;6;8,4,5,37,0.11027928604437957,0.515843701575164,0.756979384639706,False,False
65,1;5;6;8,4,6,35,0.11861832540031406,0.4973458505893899,0.7558129676892907,False,False
65,1;5;6;8,4,7,0,,,,False,False
65,1;5;6;8,4,8,0,,,,False,False
65,1;5;6;8,4,9,0,,,,False,False
65,1;5;6;8,4,10,0,,,,False,False
65,1;5;6;9,4,0,44,0.16966159819095708,0.2708902071000806,0.7506525013658502,False,False
65,1;5;6;9,4,1,44,0.16966159819095708,0.2708902071000806,0.7506525013658502,False,False
65,1;5;6;9,4,2,43,0.16575835258513213,0.2881035196883417,0.7506525013658502,False,False
65,1;5;6;9,4,3,42,0.13955851429929073,0.3780621127266083,0.7506525013658502,False,False
65,1;5;6;9,4,4,41,0.19901337508384737,0.2122428789303044,0.7506525013658502,False,False
65,1;5;6;9,4,5,37,0.07965794312162996,0.6393157846602978,0.7987221609046592,False,False
65,1;5;6;9,4,6,35,0.13534869215852705,0.4382034047611286,0.7509041397983071,False,False
65,1;5;6;9,4,7,0,,,,False,False
65,1;5;6;9,4,8,0,,,,False,False
65,1;5;6;9,4,9,0,,,,False,False
65,1;5;6;9,4,10,0,,,,False,False
65,1;5;6;10,4,0,44,0.1683178839910287,0.27475947348721597,0.7506525013658502,False,False
65,1;5;6;10,4,1,44,0.1683178839910287,0.27475947348721597,0.7506525013658502,False,False
65,1;5;6;10,4,2,42,0.14053444796571932,0.3747029634548673,0.7506525013658502,False,False
65,1;5;6;10,4,3,42,0.14053444796571932,0.3747029634548673,0.7506525013658502,False,False
65,1;5;6;10,4,4,41,0.20084961448488461,0.20796856702010383,0.7506525013658502,False,False
65,1;5;6;10,4,5,37,0.11461232413321087,0.4993819959367404,0.7558129676892907,False,False
65,1;5;6;10,4,6,34,0.1167821577836242,0.5107071446432063,0.7560570109542406,False,False
65,1;5;6;10,4,7,0,,,,False,False
65,1;5;6;10,4,8,0,,,,False,False
65,1;5;6;10,4,9,0,,,,False,False
65,1;5;6;10,4,10,0,,,,False,False
65,1;5;7;8,4,0,44,0.08041068659571413,0.6038511091515161,0.7816886922645369,False,False
65,1;5;7;8,4,1,44,0.08041068659571413,0.6038511091515161,0.7816886922645369,False,False
65,1;5;7;8,4,2,43,0.07511043777405851,0.6321550819633242,0.7959271712442509,False,False
65,1;5;7;8,4,3,42,0.04603153793321593,0.7722224442840425,0.8673912004455793,False,False
65,1;5;7;8,4,4,41,0.011980853593015931,0.9407358325679681,0.9673485469476111,False,False
65,1;5;7;8,4,5,37,0.07359442804819245,0.6651015457753842,0.81185344476025,False,False
65,1;5;7;8,4,6,35,0.10196669441553921,0.5599892275223649,0.7692215166831052,False,False
65,1;5;7;8,4,7,0,,,,False,False
65,1;5;7;8,4,8,0,,,,False,False
65,1;5;7;8,4,9,0,,,,False,False
65,1;5;7;8,4,10,0,,,,False,False
65,1;5;7;9,4,0,44,0.04116008759780618,0.7907956410186346,0.8790911369485112,False,False
65,1;5;7;9,4,1,44,0.04116008759780618,0.7907956410186346,0.8790911369485112,False,False
65,1;5;7;9,4,2,43,0.033424523772310595,0.8314985329678503,0.9010907278337185,False,False
65,1;5;7;9,4,3,42,0.004473029304464447,0.9775713717620416,0.9883073075613905,False,False
65,1;5;7;9,4,4,42,0.004473029304464447,0.9775713717620416,0.9883073075613905,False,False
65,1;5;7;9,4,5,38,0.07368410182515363,0.6601945597359967,0.8094960440036383,False,False
65,1;5;7;9,4,6,35,0.08910806939616422,0.6107244555427532,0.7839889238399734,False,False
65,1;5;7;9,4,7,0,,,,False,False
65,1;5;7;9,4,8,0,,,,False,False
65,1;5;7;9,4,9,0,,,,False,False
65,1;5;7;9,4,10,0,,,,False,False
65,1;5;7;10,4,0,44,0.07510655159599684,0.6280002051323402,0.7929712764908461,False,False
65,1;5;7;10,4,1,44,0.07510655159599684,0.6280002051323402,0.7929712764908461,False,False
65,1;5;7;10,4,2,42,0.03911867446267998,0.8057122378510224,0.887005426006959,False,False
65,1;5;7;10,4,3,42,0.03911867446267998,0.8057122378510224,0.887005426006959,False,False
65,1;5;7;10,4,4,42,0.03911867446267998,0.8057122378510224,0.887005426006959,False,False
65,1;5;7;10,4,5,38,0.11519317856123124,0.491027517372016,0.7550319149425593,False,False
65,1;5;7;10,4,6,34,0.089962108423868,0.6128764919835029,0.7848162741636515,False,False
65,1;5;7;10,4,7,0,,,,False,False
65,1;5;7;10,4,8,0,,,,False,False
65,1;5;7;10,4,9,0,,,,False,False
65,1;5;7;10,4,10,0,,,,False,False
65,1;5;8;9,4,0,44,0.1289965631931245,0.40398349693797014,0.7506525013658502,False,False
65,1;5;8;9,4,1,44,0.1289965631931245,0.40398349693797014,0.7506525013658502,False,False
65,1;5;8;9,4,2,43,0.12733151913261181,0.4158257923391096,0.7506525013658502,False,False
65,1;5;8;9,4,3,42,0.09913859494803928,0.5322048351395927,0.760535689565614,False,False
65,1;5;8;9,4,4,41,0.08571093064274025,0.5941529493521348,0.7783642489957592,False,False
65,1;5;8;9,4,5,38,0.08866002775676908,0.5965804947930116,0.7789147671654558,False,False
65,1;5;8;9,4,6,36,0.1922540680703687,0.2612960586108969,0.7506525013658502,False,False
65,1;5;8;9,4,7,0,,,,False,False
65,1;5;8;9,4,8,0,,,,False,False
65,1;5;8;9,4,9,0,,,,False,False
65,1;5;8;9,4,10,0,,,,False,False
65,1;5;8;10,4,0,44,0.12729923999321496,0.41024849266054136,0.7506525013658502,False,False
65,1;5;8;10,4,1,44,0.12729923999321496,0.41024849266054136,0.7506525013658502,False,False
65,1;5;8;10,4,2,42,0.09596681053214628,0.5454681629202414,0.7638046329653619,False,False
65,1;5;8;10,4,3,42,0.09596681053214628,0.5454681629202414,0.7638046329653619,False,False
65,1;5;8;10,4,4,41,0.08483722085025565,0.5979323093211684,0.7795199864515996,False,False
65,1;5;8;10,4,5,38,0.08449037298602993,0.6140235145975078,0.7848162741636515,False,False
65,1;5;8;10,4,6,35,0.14030954231559734,0.4214405305170134,0.7506525013658502,False,False
65,1;5;8;10,4,7,0,,,,False,False
65,1;5;8;10,4,8,0,,,,False,False
65,1;5;8;10,4,9,0,,,,False,False
65,1;5;8;10,4,10,0,,,,False,False
65,1;5;9;10,4,0,44,0.07404572459605338,0.6328775279762042,0.7961247968617942,False,False
65,1;5;9;10,4,1,44,0.07404572459605338,0.6328775279762042,0.7961247968617942,False,False
65,1;5;9;10,4,2,42,0.034970956380358395,0.8259761072064902,0.8974126683002244,False,False
65,1;5;9;10,4,3,42,0.034970956380358395,0.8259761072064902,0.8974126683002244,False,False
65,1;5;9;10,4,4,41,0.04796666760740509,0.765848428978762,0.8652636882113106,False,False
65,1;5;9;10,4,5,40,0.11132075880319665,0.4940642028136423,0.7558129676892907,False,False
65,1;5;9;10,4,6,35,0.11581238041394211,0.507646266051508,0.7558559619392049,False,False
65,1;5;9;10,4,7,0,,,,False,False
65,1;5;9;10,4,8,0,,,,False,False
65,1;5;9;10,4,9,0,,,,False,False
65,1;5;9;10,4,10,0,,,,False,False
65,1;6;7;8,4,0,44,0.12560191679330546,0.41656876887099353,0.7506525013658502,False,False
65,1;6;7;8,4,1,44,0.12560191679330546,0.41656876887099353,0.7506525013658502,False,False
65,1;6;7;8,4,2,43,0.12051018775050759,0.4414400081653147,0.7509923134248312,False,False
65,1;6;7;8,4,3,42,0.09490954906018198,0.5499240511802495,0.7644678539036597,False,False
65,1;6;7;8,4,4,41,0.0667254838793515,0.6785071179397255,0.817118967387872,False,False
65,1;6;7;8,4,5,36,0.10226005501123707,0.5528693864999186,0.7667025748435622,False,False
65,1;6;7;8,4,6,35,0.05294964710008028,0.7625836539884444,0.8633526329618529,False,False
65,1;6;7;8,4,7,0,,,,False,False
65,1;6;7;8,4,8,0,,,,False,False
65,1;6;7;8,4,9,0,,,,False,False
65,1;6;7;8,4,10,0,,,,False,False
65,1;6;7;9,4,0,44,0.08861441539527687,0.567317292046823,0.7703040651288825,False,False
65,1;6;7;9,4,1,44,0.08861441539527687,0.567317292046823,0.7703040651288825,False,False
65,1;6;7;9,4,2,43,0.07882427374875968,0.615360027969261,0.7849082291222288,False,False
65,1;6;7;9,4,3,42,0.05302572920928761,0.7387493367642654,0.8492682073771566,False,False
65,1;6;7;9,4,4,42,0.05302572920928761,0.7387493367642654,0.8492682073771566,False,False
65,1;6;7;9,4,5,38,0.17865195228049077,0.28319985022108374,0.7506525013658502,False,False
65,1;6;7;9,4,6,34,0.007356356395818848,0.967064221177425,0.9827359836155648,False,False
65,1;6;7;9,4,7,0,,,,False,False
65,1;6;7;9,4,8,0,,,,False,False
65,1;6;7;9,4,9,0,,,,False,False
65,1;6;7;9,4,10,0,,,,False,False
65,1;6;7;10,4,0,44,0.06803437159637378,0.6608019961957637,0.8097648698395292,False,False
65,1;6;7;10,4,1,44,0.06803437159637378,0.6608019961957637,0.8097648698395292,False,False
65,1;6;7;10,4,2,42,0.030904566103572537,0.8459515831937078,0.9093054375431228,False,False
65,1;6;7;10,4,3,42,0.030904566103572537,0.8459515831937078,0.9093054375431228,False,False
65,1;6;7;10,4,4,42,0.030904566103572537,0.8459515831937078,0.9093054375431228,False,False
65,1;6;7;10,4,5,37,0.09186717123709809,0.5886645185117564,0.7773467911697347,False,False
65,1;6;7;10,4,6,34,-0.0292721681583625,0.8694672070997321,0.9238782888770809,False,False
65,1;6;7;10,4,7,0,,,,False,False
65,1;6;7;10,4,8,0,,,,False,False
65,1;6;7;10,4,9,0,,,,False,False
65,1;6;7;10,4,10,0,,,,False,False
65,1;6;8;9,4,0,44,0.1315425479929888,0.39469023717467616,0.7506525013658502,False,False
65,1;6;8;9,4,1,44,0.1315425479929888,0.39469023717467616,0.7506525013658502,False,False
65,1;6;8;9,4,2,43,0.1268009711362259,0.4177871552446707,0.7506525013658502,False,False
65,1;6;8;9,4,3,42,0.1007651510587536,0.5254646351378955,0.7595331817189964,False,False
65,1;6;8;9,4,4,42,0.1007651510587536,0.5254646351378955,0.7595331817189964,False,False
65,1;6;8;9,4,5,37,0.04874881213826873,0.7744797084600176,0.868988002214603,False,False
65,1;6;8;9,4,6,35,0.029775398369275913,0.8651724085202331,0.9214206146913648,False,False
65,1;6;8;9,4,7,0,,,,False,False
65,1;6;8;9,4,8,0,,,,False,False
65,1;6;8;9,4,9,0,,,,False,False
65,1;6;8;9,4,10,0,,,,False,False
65,1;6;8;10,4,0,44,0.1646403503912247,0.2855342040021331,0.7506525013658502,False,False
65,1;6;8;10,4,1,44,0.1646403503912247,0.2855342040021331,0.7506525013658502,False,False
65,1;6;8;10,4,2,42,0.13297096205089765,0.40119947158870856,0.7506525013658502,False,False
65,1;6;8;10,4,3,42,0.13297096205089765,0.40119947158870856,0.7506525013658502,False,False
65,1;6;8;10,4,4,42,0.13297096205089765,0.40119947158870856,0.7506525013658502,False,False
65,1;6;8;10,4,5,36,0.03277642283023059,0.8494902024281782,0.9124704167715157,False,False
65,1;6;8;10,4,6,35,0.06474744645394433,0.7117343407326472,0.8350236927273972,False,False
65,1;6;8;10,4,7,0,,,,False,False
65,1;6;8;10,4,8,0,,,,False,False
65,1;6;8;10,4,9,0,,,,False,False
65,1;6;8;10,4,10,0,,,,False,False
65,1;6;9;10,4,0,44,0.08875585899526935,0.5666964543186734,0.7703040651288825,False,False
65,1;6;9;10,4,1,44,0.08875585899526935,0.5666964543186734,0.7703040651288825,False,False
65,1;6;9;10,4,2,42,0.05278174579268046,0.7399094203512638,0.8492682073771566,False,False
65,1;6;9;10,4,3,42,0.05278174579268046,0.7399094203512638,0.8492682073771566,False,False
65,1;6;9;10,4,4,42,0.05278174579268046,0.7399094203512638,0.8492682073771566,False,False
65,1;6;9;10,4,5,39,0.10033569088868446,0.543355678984557,0.7631477354085332,False,False
65,1;6;9;10,4,6,34,-0.01716483159024398,0.9232421573914218,0.9583434560418223,False,False
65,1;6;9;10,4,7,0,,,,False,False
65,1;6;9;10,4,8,0,,,,False,False
65,1;6;9;10,4,9,0,,,,False,False
65,1;6;9;10,4,10,0,,,,False,False
65,1;7;8;9,4,0,44,0.032036975398292436,0.8364438241836815,0.9041482336724186,False,False
65,1;7;8;9,4,1,44,0.032036975398292436,0.8364438241836815,0.9041482336724186,False,False
65,1;7;8;9,4,2,43,0.02531471868469782,0.871987946583872,0.9249040915932362,False,False
65,1;7;8;9,4,3,42,0.0013012448885714753,0.9934745513203266,0.9947700356578266,False,False
65,1;7;8;9,4,4,42,0.0013012448885714753,0.9934745513203266,0.9947700356578266,False,False
65,1;7;8;9,4,5,39,0.03351805657934777,0.8394737610232327,0.905829494812176,False,False
65,1;7;8;9,4,6,35,0.022191098784649033,0.8993109559104028,0.9435454447223474,False,False
65,1;7;8;9,4,7,0,,,,False,False
65,1;7;8;9,4,8,0,,,,False,False
65,1;7;8;9,4,9,0,,,,False,False
65,1;7;8;9,4,10,0,,,,False,False
65,1;7;8;10,4,0,44,0.023691802998737233,0.8786736866718555,0.9291552760684832,False,False
65,1;7;8;10,4,1,44,0.023691802998737233,0.8786736866718555,0.9291552760684832,False,False
65,1;7;8;10,4,2,42,-0.012036515219286146,0.9396942939201026,0.9668576255980681,False,False
65,1;7;8;10,4,3,42,-0.012036515219286146,0.9396942939201026,0.9668576255980681,False,False
65,1;7;8;10,4,4,42,-0.012036515219286146,0.9396942939201026,0.9668576255980681,False,False
65,1;7;8;10,4,5,38,-0.029411893826041702,0.8608531232805761,0.918093877832045,False,False
65,1;7;8;10,4,6,35,0.02106749884618579,0.9043851665424082,0.9469299604687257,False,False
65,1;7;8;10,4,7,0,,,,False,False
65,1;7;8;10,4,8,0,,,,False,False
65,1;7;8;10,4,9,0,,,,False,False
65,1;7;8;10,4,10,0,,,,False,False
65,1;7;9;10,4,0,44,-0.017963337199042556,0.907863153972559,0.9478251792748862,False,False
65,1;7;9;10,4,1,44,-0.017963337199042556,0.907863153972559,0.9478251792748862,False,False
65,1;7;9;10,4,2,42,-0.05636016923625202,0.722953162090812,0.8392103693733669,False,False
65,1;7;9;10,4,3,42,-0.05636016923625202,0.722953162090812,0.8392103693733669,False,False
65,1;7;9;10,4,4,42,-0.05636016923625202,0.722953162090812,0.8392103693733669,False,False
65,1;7;9;10,4,5,40,-0.03058695714586073,0.851379679047366,0.9133820063548671,False,False
65,1;7;9;10,4,6,35,0.011525018439251522,0.9476096763765086,0.9710658971541436,False,False
65,1;7;9;10,4,7,0,,,,False,False
65,1;7;9;10,4,8,0,,,,False,False
65,1;7;9;10,4,9,0,,,,False,False
65,1;7;9;10,4,10,0,,,,False,False
65,1;8;9;10,4,0,44,0.074540777196027,0.630599512774315,0.7951093610370725,False,False
65,1;8;9;10,4,1,44,0.074540777196027,0.630599512774315,0.7951093610370725,False,False
65,1;8;9;10,4,2,42,0.03757344615750135,0.8132476125782104,0.8908309707681787,False,False
65,1;8;9;10,4,3,42,0.03757344615750135,0.8132476125782104,0.8908309707681787,False,False
65,1;8;9;10,4,4,41,0.033550456031409034,0.8350395268336189,0.9034251168261572,False,False
65,1;8;9;10,4,5,40,0.0944901691521359,0.5619427730842438,0.7692215166831052,False,False
65,1;8;9;10,4,6,36,0.013291226580762797,0.9386742803240004,0.9668576255980681,False,False
65,1;8;9;10,4,7,0,,,,False,False
65,1;8;9;10,4,8,0,,,,False,False
65,1;8;9;10,4,9,0,,,,False,False
65,1;8;9;10,4,10,0,,,,False,False
65,2;3;4;5,4,0,44,0.24540464598692,0.10835556540014425,0.7506525013658502,False,False
65,2;3;4;5,4,1,44,0.24540464598692,0.10835556540014425,0.7506525013658502,False,False
65,2;3;4;5,4,2,42,0.23129627894357974,0.14053464349204578,0.7506525013658502,False,False
65,2;3;4;5,4,3,41,0.2611831948046801,0.09905747048677664,0.7506525013658502,False,False
65,2;3;4;5,4,4,39,0.2620984063438395,0.106990188465626,0.7506525013658502,False,False
65,2;3;4;5,4,5,37,0.24349174255686296,0.14643835991165877,0.7506525013658502,False,False
65,2;3;4;5,4,6,35,0.20028168903107285,0.24867015630148573,0.7506525013658502,False,False
65,2;3;4;5,4,7,0,,,,False,False
65,2;3;4;5,4,8,0,,,,False,False
65,2;3;4;5,4,9,0,,,,False,False
65,2;3;4;5,4,10,0,,,,False,False
65,2;3;4;6,4,0,44,0.2927175301843982,0.05382515089406862,0.7506525013658502,False,False
65,2;3;4;6,4,1,44,0.2927175301843982,0.05382515089406862,0.7506525013658502,False,False
65,2;3;4;6,4,2,42,0.2928614277341176,0.05981121989192847,0.7506525013658502,False,False
65,2;3;4;6,4,3,41,0.2450942400527347,0.12246729576637362,0.7506525013658502,False,False
65,2;3;4;6,4,4,39,0.2500140551795943,0.12477589891440505,0.7506525013658502,False,False
65,2;3;4;6,4,5,37,0.2079428992831803,0.21682768806923824,0.7506525013658502,False,False
65,2;3;4;6,4,6,34,0.2280470482703843,0.1945745110924424,0.7506525013658502,False,False
65,2;3;4;6,4,7,0,,,,False,False
65,2;3;4;6,4,8,0,,,,False,False
65,2;3;4;6,4,9,0,,,,False,False
65,2;3;4;6,4,10,0,,,,False,False
65,2;3;4;7,4,0,44,0.18366451459021074,0.23271111601994116,0.7506525013658502,False,False
65,2;3;4;7,4,1,44,0.18366451459021074,0.23271111601994116,0.7506525013658502,False,False
65,2;3;4;7,4,2,42,0.1744481428741134,0.269188371612781,0.7506525013658502,False,False
65,2;3;4;7,4,3,42,0.1744481428741134,0.269188371612781,0.7506525013658502,False,False
65,2;3;4;7,4,4,40,0.21315047194592135,0.1866449228444461,0.7506525013658502,False,False
65,2;3;4;7,4,5,37,0.1820243446555455,0.2809230795720451,0.7506525013658502,False,False
65,2;3;4;7,4,6,34,0.19984768208641204,0.2571334103341703,0.7506525013658502,False,False
65,2;3;4;7,4,7,0,,,,False,False
65,2;3;4;7,4,8,0,,,,False,False
65,2;3;4;7,4,9,0,,,,False,False
65,2;3;4;7,4,10,0,,,,False,False
65,2;3;4;8,4,0,44,0.21627488520227414,0.1585228283808737,0.7506525013658502,False,False
65,2;3;4;8,4,1,44,0.21627488520227414,0.1585228283808737,0.7506525013658502,False,False
65,2;3;4;8,4,2,42,0.21064755097077767,0.18055927460495913,0.7506525013658502,False,False
65,2;3;4;8,4,3,42,0.21064755097077767,0.18055927460495913,0.7506525013658502,False,False
65,2;3;4;8,4,4,40,0.15117936418016645,0.3517551274708439,0.7506525013658502,False,False
65,2;3;4;8,4,5,36,0.11110429393114196,0.5188614915888998,0.7574539312810389,False,False
65,2;3;4;8,4,6,35,0.16616397744058206,0.340087538393729,0.7506525013658502,False,False
65,2;3;4;8,4,7,0,,,,False,False
65,2;3;4;8,4,8,0,,,,False,False
65,2;3;4;8,4,9,0,,,,False,False
65,2;3;4;8,4,10,0,,,,False,False
65,2;3;4;9,4,0,44,0.20848786638888767,0.1744263127777112,0.7506525013658502,False,False
65,2;3;4;9,4,1,44,0.20848786638888767,0.1744263127777112,0.7506525013658502,False,False
65,2;3;4;9,4,2,42,0.19925312356250716,0.2058468440598216,0.7506525013658502,False,False
65,2;3;4;9,4,3,42,0.19925312356250716,0.2058468440598216,0.7506525013658502,False,False
65,2;3;4;9,4,4,41,0.16797218520916993,0.2938254170445056,0.7506525013658502,False,False
65,2;3;4;9,4,5,38,0.14395489751170387,0.3885456730343474,0.7506525013658502,False,False
65,2;3;4;9,4,6,34,0.1759395238000008,0.31958359703908307,0.7506525013658502,False,False
65,2;3;4;9,4,7,0,,,,False,False
65,2;3;4;9,4,8,0,,,,False,False
65,2;3;4;9,4,9,0,,,,False,False
65,2;3;4;9,4,10,0,,,,False,False
65,2;3;4;10,4,0,43,0.20531977802857862,0.18656101898087352,0.7506525013658502,False,False
65,2;3;4;10,4,1,43,0.20531977802857862,0.18656101898087352,0.7506525013658502,False,False
65,2;3;4;10,4,2,42,0.20876847681018604,0.1845688295093987,0.7506525013658502,False,False
65,2;3;4;10,4,3,42,0.20876847681018604,0.1845688295093987,0.7506525013658502,False,False
65,2;3;4;10,4,4,41,0.17951426144426125,0.26141300666436434,0.7506525013658502,False,False
65,2;3;4;10,4,5,37,0.10385010312787381,0.5407550145374823,0.7614936820923571,False,False
65,2;3;4;10,4,6,34,0.19049897916672556,0.28051522377022986,0.7506525013658502,False,False
65,2;3;4;10,4,7,0,,,,False,False
65,2;3;4;10,4,8,0,,,,False,False
65,2;3;4;10,4,9,0,,,,False,False
65,2;3;4;10,4,10,0,,,,False,False
65,2;3;5;6,4,0,44,0.22489532398801315,0.1421811027686803,0.7506525013658502,False,False
65,2;3;5;6,4,1,44,0.22489532398801315,0.1421811027686803,0.7506525013658502,False,False
65,2;3;5;6,4,2,42,0.20876847681018604,0.1845688295093987,0.7506525013658502,False,False
65,2;3;5;6,4,3,41,0.21973664832412496,0.16745485457548365,0.7506525013658502,False,False
65,2;3;5;6,4,4,39,0.24534279338501214,0.1322132157163163,0.7506525013658502,False,False
65,2;3;5;6,4,5,38,0.20809444554197634,0.20994839920052127,0.7506525013658502,False,False
65,2;3;5;6,4,6,34,0.20337260285940856,0.24866206675620195,0.7506525013658502,False,False
65,2;3;5;6,4,7,0,,,,False,False
65,2;3;5;6,4,8,0,,,,False,False
65,2;3;5;6,4,9,0,,,,False,False
65,2;3;5;6,4,10,0,,,,False,False
65,2;3;5;7,4,0,44,0.13946338959256663,0.36658589554973275,0.7506525013658502,False,False
65,2;3;5;7,4,1,44,0.13946338959256663,0.36658589554973275,0.7506525013658502,False,False
65,2;3;5;7,4,2,42,0.12874191616304032,0.41647423825954083,0.7506525013658502,False,False
65,2;3;5;7,4,3,42,0.12874191616304032,0.41647423825954083,0.7506525013658502,False,False
65,2;3;5;7,4,4,40,0.2486598523805711,0.12181288794326256,0.7506525013658502,False,False
65,2;3;5;7,4,5,38,0.21973455700764888,0.1849873055096599,0.7506525013658502,False,False
65,2;3;5;7,4,6,34,0.17716558319930395,0.31616897709691816,0.7506525013658502,False,False
65,2;3;5;7,4,7,0,,,,False,False
65,2;3;5;7,4,8,0,,,,False,False
65,2;3;5;7,4,9,0,,,,False,False
65,2;3;5;7,4,10,0,,,,False,False
65,2;3;5;8,4,0,44,0.2002841375893249,0.19238964187924615,0.7506525013658502,False,False
65,2;3;5;8,4,1,44,0.2002841375893249,0.19238964187924615,0.7506525013658502,False,False
65,2;3;5;8,4,2,42,0.18648465809339954,0.23700985222476614,0.7506525013658502,False,False
65,2;3;5;8,4,3,42,0.18648465809339954,0.23700985222476614,0.7506525013658502,False,False
65,2;3;5;8,4,4,40,0.2057975481847769,0.20266572163269453,0.7506525013658502,False,False
65,2;3;5;8,4,5,37,0.18785007482414232,0.26554682741636493,0.7506525013658502,False,False
65,2;3;5;8,4,6,35,0.19677043922337525,0.2572344639867219,0.7506525013658502,False,False
65,2;3;5;8,4,7,0,,,,False,False
65,2;3;5;8,4,8,0,,,,False,False
65,2;3;5;8,4,9,0,,,,False,False
65,2;3;5;8,4,10,0,,,,False,False
65,2;3;5;9,4,0,44,0.1592654935915112,0.3017704730492365,0.7506525013658502,False,False
65,2;3;5;9,4,1,44,0.1592654935915112,0.3017704730492365,0.7506525013658502,False,False
65,2;3;5;9,4,2,42,0.14549544410339807,0.3579033773647351,0.7506525013658502,False,False
65,2;3;5;9,4,3,42,0.14549544410339807,0.3579033773647351,0.7506525013658502,False,False
65,2;3;5;9,4,4,41,0.20356025360070154,0.20176908764600515,0.7506525013658502,False,False
65,2;3;5;9,4,5,38,0.21670039831220667,0.19128093159641035,0.7506525013658502,False,False
65,2;3;5;9,4,6,35,0.25158271958853934,0.14486893897965714,0.7506525013658502,False,False
65,2;3;5;9,4,7,0,,,,False,False
65,2;3;5;9,4,8,0,,,,False,False
65,2;3;5;9,4,9,0,,,,False,False
65,2;3;5;9,4,10,0,,,,False,False
65,2;3;5;10,4,0,43,0.18796987796638506,0.22740327135107344,0.7506525013658502,False,False
65,2;3;5;10,4,1,43,0.18796987796638506,0.22740327135107344,0.7506525013658502,False,False
65,2;3;5;10,4,2,42,0.19168963764768543,0.223940592125065,0.7506525013658502,False,False
65,2;3;5;10,4,3,42,0.19168963764768543,0.223940592125065,0.7506525013658502,False,False
65,2;3;5;10,4,4,41,0.23101640464478235,0.14616215900841867,0.7506525013658502,False,False
65,2;3;5;10,4,5,38,0.26464879024255317,0.10834324271344753,0.7506525013658502,False,False
65,2;3;5;10,4,6,34,0.25655292930418233,0.14302045870735147,0.7506525013658502,False,False
65,2;3;5;10,4,7,0,,,,False,False
65,2;3;5;10,4,8,0,,,,False,False
65,2;3;5;10,4,9,0,,,,False,False
65,2;3;5;10,4,10,0,,,,False,False
65,2;3;6;7,4,0,44,0.1492937197920427,0.3334299240011449,0.7506525013658502,False,False
65,2;3;6;7,4,1,44,0.1492937197920427,0.3334299240011449,0.7506525013658502,False,False
65,2;3;6;7,4,2,42,0.14411287140929088,0.36253872664651016,0.7506525013658502,False,False
65,2;3;6;7,4,3,42,0.14411287140929088,0.36253872664651016,0.7506525013658502,False,False
65,2;3;6;7,4,4,40,0.18263312642648763,0.25933485696335645,0.7506525013658502,False,False
65,2;3;6;7,4,5,36,0.11452609696334254,0.505986952032034,0.7558559619392049,False,False
65,2;3;6;7,4,6,35,0.11820171350500645,0.49886845927233897,0.7558129676892907,False,False
65,2;3;6;7,4,7,0,,,,False,False
65,2;3;6;7,4,8,0,,,,False,False
65,2;3;6;7,4,9,0,,,,False,False
65,2;3;6;7,4,10,0,,,,False,False
65,2;3;6;8,4,0,44,0.19094885998982247,0.2143804779000248,0.7506525013658502,False,False
65,2;3;6;8,4,1,44,0.19094885998982247,0.2143804779000248,0.7506525013658502,False,False
65,2;3;6;8,4,2,42,0.18201162878893506,0.24864779994371944,0.7506525013658502,False,False
65,2;3;6;8,4,3,42,0.18201162878893506,0.24864779994371944,0.7506525013658502,False,False
65,2;3;6;8,4,4,40,0.09701749985299726,0.5514804450752193,0.7658933455800226,False,False
65,2;3;6;8,4,5,36,0.09257633768062751,0.5912603817729687,0.7773945074295122,False,False
65,2;3;6;8,4,6,35,0.03974734782313719,0.8206586177204207,0.8956919562321084,False,False
65,2;3;6;8,4,7,0,,,,False,False
65,2;3;6;8,4,8,0,,,,False,False
65,2;3;6;8,4,9,0,,,,False,False
65,2;3;6;8,4,10,0,,,,False,False
65,2;3;6;9,4,0,44,0.14596979519221984,0.34442570636802106,0.7506525013658502,False,False
65,2;3;6;9,4,1,44,0.14596979519221984,0.34442570636802106,0.7506525013658502,False,False
65,2;3;6;9,4,2,42,0.13549212402250485,0.39224950629874455,0.7506525013658502,False,False
65,2;3;6;9,4,3,42,0.13549212402250485,0.39224950629874455,0.7506525013658502,False,False
65,2;3;6;9,4,4,41,0.09653372851167288,0.5482350931801924,0.7642468984047789,False,False
65,2;3;6;9,4,5,38,0.1702091770923817,0.30693747974485974,0.7506525013658502,False,False
65,2;3;6;9,4,6,34,0.04122624730156813,0.8169302879271488,0.8931131444628004,False,False
65,2;3;6;9,4,7,0,,,,False,False
65,2;3;6;9,4,8,0,,,,False,False
65,2;3;6;9,4,9,0,,,,False,False
65,2;3;6;9,4,10,0,,,,False,False
65,2;3;6;10,4,0,43,0.21676010514382416,0.1626633506623426,0.7506525013658502,False,False
65,2;3;6;10,4,1,43,0.21676010514382416,0.1626633506623426,0.7506525013658502,False,False
65,2;3;6;10,4,2,42,0.2249527101117938,0.15205912913450642,0.7506525013658502,False,False
65,2;3;6;10,4,3,42,0.2249527101117938,0.15205912913450642,0.7506525013658502,False,False
65,2;3;6;10,4,4,41,0.18668433910545434,0.24252249044737448,0.7506525013658502,False,False
65,2;3;6;10,4,5,37,0.21911878981069258,0.19257395491310209,0.7506525013658502,False,False
65,2;3;6;10,4,6,34,0.15478999916202157,0.3820647592031873,0.7506525013658502,False,False
65,2;3;6;10,4,7,0,,,,False,False
65,2;3;6;10,4,8,0,,,,False,False
65,2;3;6;10,4,9,0,,,,False,False
65,2;3;6;10,4,10,0,,,,False,False
65,2;3;7;8,4,0,44,0.15176898279191076,0.32538509302737223,0.7506525013658502,False,False
65,2;3;7;8,4,1,44,0.15176898279191076,0.32538509302737223,0.7506525013658502,False,False
65,2;3;7;8,4,2,42,0.14655270557536237,0.35438302417046424,0.7506525013658502,False,False
65,2;3;7;8,4,3,42,0.14655270557536237,0.35438302417046424,0.7506525013658502,False,False
65,2;3;7;8,4,4,42,0.14655270557536237,0.35438302417046424,0.7506525013658502,False,False
65,2;3;7;8,4,5,36,0.162557334923166,0.34351483906531516,0.7506525013658502,False,False
65,2;3;7;8,4,6,35,0.11516899369248229,0.5100230457855841,0.756050089348659,False,False
65,2;3;7;8,4,7,0,,,,False,False
65,2;3;7;8,4,8,0,,,,False,False
65,2;3;7;8,4,9,0,,,,False,False
65,2;3;7;8,4,10,0,,,,False,False
65,2;3;7;9,4,0,44,0.11895406759365978,0.44184986899587003,0.7509923134248312,False,False
65,2;3;7;9,4,1,44,0.11895406759365978,0.44184986899587003,0.7509923134248312,False,False
65,2;3;7;9,4,2,42,0.10857262039018246,0.49370752412304497,0.7557551260124259,False,False
65,2;3;7;9,4,3,42,0.10857262039018246,0.49370752412304497,0.7557551260124259,False,False
65,2;3;7;9,4,4,42,0.10857262039018246,0.49370752412304497,0.7557551260124259,False,False
65,2;3;7;9,4,5,39,0.2216143974629211,0.1751365471515741,0.7506525013658502,False,False
65,2;3;7;9,4,6,34,0.08750998962526173,0.6226300601361611,0.7886219503951417,False,False
65,2;3;7;9,4,7,0,,,,False,False
65,2;3;7;9,4,8,0,,,,False,False
65,2;3;7;9,4,9,0,,,,False,False
65,2;3;7;9,4,10,0,,,,False,False
65,2;3;7;10,4,0,43,0.11394868861807463,0.46687791737037737,0.7510354628300103,False,False
65,2;3;7;10,4,1,43,0.11394868861807463,0.46687791737037737,0.7510354628300103,False,False
65,2;3;7;10,4,2,42,0.11491618922196839,0.4686528031360151,0.7510354628300103,False,False
65,2;3;7;10,4,3,42,0.11491618922196839,0.4686528031360151,0.7510354628300103,False,False
65,2;3;7;10,4,4,42,0.11491618922196839,0.4686528031360151,0.7510354628300103,False,False
65,2;3;7;10,4,5,38,0.18865765564174955,0.25665304575420794,0.7506525013658502,False,False
65,2;3;7;10,4,6,34,0.121379880531011,0.49408752946731865,0.7558129676892907,False,False
65,2;3;7;10,4,7,0,,,,False,False
65,2;3;7;10,4,8,0,,,,False,False
65,2;3;7;10,4,9,0,,,,False,False
65,2;3;7;10,4,10,0,,,,False,False
65,2;3;8;9,4,0,44,0.14398958479232538,0.35108111843530754,0.7506525013658502,False,False
65,2;3;8;9,4,1,44,0.14398958479232538,0.35108111843530754,0.7506525013658502,False,False
65,2;3;8;9,4,2,42,0.13345892888411193,0.39945807897609853,0.7506525013658502,False,False
65,2;3;8;9,4,3,42,0.13345892888411193,0.39945807897609853,0.7506525013658502,False,False
65,2;3;8;9,4,4,42,0.13345892888411193,0.39945807897609853,0.7506525013658502,False,False
65,2;3;8;9,4,5,38,0.08602656158577593,0.6075720835249966,0.7821132593760672,False,False
65,2;3;8;9,4,6,35,0.07640479581550046,0.6626629781624543,0.8099314083090171,False,False
65,2;3;8;9,4,7,0,,,,False,False
65,2;3;8;9,4,8,0,,,,False,False
65,2;3;8;9,4,9,0,,,,False,False
65,2;3;8;9,4,10,0,,,,False,False
65,2;3;8;10,4,0,43,0.18213606877516716,0.24241924156223865,0.7506525013658502,False,False
65,2;3;8;10,4,1,43,0.18213606877516716,0.24241924156223865,0.7506525013658502,False,False
65,2;3;8;10,4,2,42,0.1911203430089354,0.22534538449029673,0.7506525013658502,False,False
65,2;3;8;10,4,3,42,0.1911203430089354,0.22534538449029673,0.7506525013658502,False,False
65,2;3;8;10,4,4,42,0.1911203430089354,0.22534538449029673,0.7506525013658502,False,False
65,2;3;8;10,4,5,37,0.10159854278393754,0.5496130202693316,0.7643432503986614,False,False
65,2;3;8;10,4,6,35,0.14494439206175821,0.4061088531646713,0.7506525013658502,False,False
65,2;3;8;10,4,7,0,,,,False,False
65,2;3;8;10,4,8,0,,,,False,False
65,2;3;8;10,4,9,0,,,,False,False
65,2;3;8;10,4,10,0,,,,False,False
65,2;3;9;10,4,0,43,0.1375869804058667,0.3789529351721055,0.7506525013658502,False,False
65,2;3;9;10,4,1,43,0.1375869804058667,0.3789529351721055,0.7506525013658502,False,False
65,2;3;9;10,4,2,42,0.14289295432625512,0.3666586221750777,0.7506525013658502,False,False
65,2;3;9;10,4,3,42,0.14289295432625512,0.3666586221750777,0.7506525013658502,False,False
65,2;3;9;10,4,4,42,0.14289295432625512,0.3666586221750777,0.7506525013658502,False,False
65,2;3;9;10,4,5,39,0.15954187286044866,0.33196912541796486,0.7506525013658502,False,False
65,2;3;9;10,4,6,35,0.123034193261725,0.48135326274979695,0.7521975241439104,False,False
65,2;3;9;10,4,7,0,,,,False,False
65,2;3;9;10,4,8,0,,,,False,False
65,2;3;9;10,4,9,0,,,,False,False
65,2;3;9;10,4,10,0,,,,False,False
65,2;4;5;6,4,0,44,0.32786626478252484,0.02980590426443108,0.7506525013658502,True,False
65,2;4;5;6,4,1,44,0.32786626478252484,0.02980590426443108,0.7506525013658502,True,False
65,2;4;5;6,4,2,43,0.30828272206578833,0.04429822678067231,0.7506525013658502,True,False
65,2;4;5;6,4,3,41,0.2758731100129782,0.08083179764684251,0.7506525013658502,False,False
65,2;4;5;6,4,4,38,0.2474072748317006,0.13424594028580494,0.7506525013658502,False,False
65,2;4;5;6,4,5,37,0.2046139106154107,0.2244414132404202,0.7506525013658502,False,False
65,2;4;5;6,4,6,35,0.1551972415002353,0.3733449587194051,0.7506525013658502,False,False
65,2;4;5;6,4,7,0,,,,False,False
65,2;4;5;6,4,8,0,,,,False,False
65,2;4;5;6,4,9,0,,,,False,False
65,2;4;5;6,4,10,0,,,,False,False
65,2;4;5;7,4,0,44,0.16103921308226887,0.2963482734275137,0.7506525013658502,False,False
65,2;4;5;7,4,1,44,0.16103921308226887,0.2963482734275137,0.7506525013658502,False,False
65,2;4;5;7,4,2,43,0.13994094011580913,0.3707716358584353,0.7506525013658502,False,False
65,2;4;5;7,4,3,42,0.13297634974410097,0.4011802207855007,0.7506525013658502,False,False
65,2;4;5;7,4,4,39,0.2630025057015761,0.1057413902338506,0.7506525013658502,False,False
65,2;4;5;7,4,5,37,0.2194884765907544,0.19180569565554803,0.7506525013658502,False,False
65,2;4;5;7,4,6,35,0.1523989142206522,0.38212838137340965,0.7506525013658502,False,False
65,2;4;5;7,4,7,0,,,,False,False
65,2;4;5;7,4,8,0,,,,False,False
65,2;4;5;7,4,9,0,,,,False,False
65,2;4;5;7,4,10,0,,,,False,False
65,2;4;5;8,4,0,44,0.2863525681847375,0.05950544890655708,0.7506525013658502,False,False
65,2;4;5;8,4,1,44,0.2863525681847375,0.05950544890655708,0.7506525013658502,False,False
65,2;4;5;8,4,2,43,0.2647943262767093,0.08616444679182278,0.7506525013658502,False,False
65,2;4;5;8,4,3,42,0.2641527123800094,0.09094851945618065,0.7506525013658502,False,False
65,2;4;5;8,4,4,38,0.181599438041402,0.2752012848017252,0.7506525013658502,False,False
65,2;4;5;8,4,5,37,0.21602758604776365,0.19908264326999148,0.7506525013658502,False,False
65,2;4;5;8,4,6,36,0.1643876441637223,0.33803469081720056,0.7506525013658502,False,False
65,2;4;5;8,4,7,0,,,,False,False
65,2;4;5;8,4,8,0,,,,False,False
65,2;4;5;8,4,9,0,,,,False,False
65,2;4;5;8,4,10,0,,,,False,False
65,2;4;5;9,4,0,44,0.2308359551876965,0.13166835867248894,0.7506525013658502,False,False
65,2;4;5;9,4,1,44,0.2308359551876965,0.13166835867248894,0.7506525013658502,False,False
65,2;4;5;9,4,2,43,0.2079715094791322,0.18081148363271568,0.7506525013658502,False,False
65,2;4;5;9,4,3,42,0.20527138117215024,0.19219886299204067,0.7506525013658502,False,False
65,2;4;5;9,4,4,40,0.18302525432985417,0.25829582103479026,0.7506525013658502,False,False
65,2;4;5;9,4,5,37,0.20913182380738374,0.21415209359157267,0.7506525013658502,False,False
65,2;4;5;9,4,6,36,0.19767694977551006,0.24782388170335837,0.7506525013658502,False,False
65,2;4;5;9,4,7,0,,,,False,False
65,2;4;5;9,4,8,0,,,,False,False
65,2;4;5;9,4,9,0,,,,False,False
65,2;4;5;9,4,10,0,,,,False,False
65,2;4;5;10,4,0,43,0.20456214047127755,0.1882273691001185,0.7506525013658502,False,False
65,2;4;5;10,4,1,43,0.20456214047127755,0.1882273691001185,0.7506525013658502,False,False
65,2;4;5;10,4,2,43,0.20456214047127755,0.1882273691001185,0.7506525013658502,False,False
65,2;4;5;10,4,3,42,0.2055966923942931,0.1914798283263294,0.7506525013658502,False,False
65,2;4;5;10,4,4,40,0.1968580113409023,0.22340795202172684,0.7506525013658502,False,False
65,2;4;5;10,4,5,37,0.19272466537337637,0.2531151950312686,0.7506525013658502,False,False
65,2;4;5;10,4,6,35,0.12710724303865426,0.4668425070787448,0.7510354628300103,False,False
65,2;4;5;10,4,7,0,,,,False,False
65,2;4;5;10,4,8,0,,,,False,False
65,2;4;5;10,4,9,0,,,,False,False
65,2;4;5;10,4,10,0,,,,False,False
65,2;4;6;7,4,0,44,0.24130278158713866,0.11457471776991222,0.7506525013658502,False,False
65,2;4;6;7,4,1,44,0.24130278158713866,0.11457471776991222,0.7506525013658502,False,False
65,2;4;6;7,4,2,43,0.22554870080851608,0.1458759550876711,0.7506525013658502,False,False
65,2;4;6;7,4,3,42,0.22357013741768655,0.15466016747261724,0.7506525013658502,False,False
65,2;4;6;7,4,4,39,0.2768146808676762,0.08801190420724064,0.7506525013658502,False,False
65,2;4;6;7,4,5,37,0.18166766729828446,0.28188288028276104,0.7506525013658502,False,False
65,2;4;6;7,4,6,34,0.17762535547404262,0.31489439648973994,0.7506525013658502,False,False
65,2;4;6;7,4,7,0,,,,False,False
65,2;4;6;7,4,8,0,,,,False,False
65,2;4;6;7,4,9,0,,,,False,False
65,2;4;6;7,4,10,0,,,,False,False
65,2;4;6;8,4,0,44,0.295404958584255,0.05156171215499867,0.7506525013658502,False,False
65,2;4;6;8,4,1,44,0.295404958584255,0.05156171215499867,0.7506525013658502,False,False
65,2;4;6;8,4,2,43,0.27752263723936654,0.07157854098393415,0.7506525013658502,False,False
65,2;4;6;8,4,3,42,0.27586391637715274,0.0770038315739309,0.7506525013658502,False,False
65,2;4;6;8,4,4,39,0.15263617753612624,0.35358870809329984,0.7506525013658502,False,False
65,2;4;6;8,4,5,36,0.09754871192132973,0.5714012710638158,0.7712268365394804,False,False
65,2;4;6;8,4,6,35,0.13567469256943648,0.43709074617098,0.7509041397983071,False,False
65,2;4;6;8,4,7,0,,,,False,False
65,2;4;6;8,4,8,0,,,,False,False
65,2;4;6;8,4,9,0,,,,False,False
65,2;4;6;8,4,10,0,,,,False,False
65,2;4;6;9,4,0,44,0.23019945898773042,0.1327661151042479,0.7506525013658502,False,False
65,2;4;6;9,4,1,44,0.23019945898773042,0.1327661151042479,0.7506525013658502,False,False
65,2;4;6;9,4,2,43,0.21244157106720826,0.1714081431317154,0.7506525013658502,False,False
65,2;4;6;9,4,3,42,0.20950042706000752,0.18299953080993986,0.7506525013658502,False,False
65,2;4;6;9,4,4,41,0.15852866828954976,0.32219096996670366,0.7506525013658502,False,False
65,2;4;6;9,4,5,37,0.1237670429695773,0.46550071472412735,0.7510354628300103,False,False
65,2;4;6;9,4,6,34,0.10498133606533147,0.5546001602416563,0.7667025748435622,False,False
65,2;4;6;9,4,7,0,,,,False,False
65,2;4;6;9,4,8,0,,,,False,False
65,2;4;6;9,4,9,0,,,,False,False
65,2;4;6;9,4,10,0,,,,False,False
65,2;4;6;10,4,0,43,0.238807358061284,0.12301776662177527,0.7506525013658502,False,False
65,2;4;6;10,4,1,43,0.238807358061284,0.12301776662177527,0.7506525013658502,False,False
65,2;4;6;10,4,2,43,0.238807358061284,0.12301776662177527,0.7506525013658502,False,False
65,2;4;6;10,4,3,42,0.23747719216429422,0.12993985655566523,0.7506525013658502,False,False
65,2;4;6;10,4,4,41,0.18738385887727807,0.2407302510339779,0.7506525013658502,False,False
65,2;4;6;10,4,5,36,0.07535508963234995,0.6622592717033688,0.8097648698395292,False,False
65,2;4;6;10,4,6,34,0.11080511821202141,0.5327207066806797,0.760535689565614,False,False
65,2;4;6;10,4,7,0,,,,False,False
65,2;4;6;10,4,8,0,,,,False,False
65,2;4;6;10,4,9,0,,,,False,False
65,2;4;6;10,4,10,0,,,,False,False
65,2;4;7;8,4,0,44,0.19646516038952846,0.2011842030128273,0.7506525013658502,False,False
65,2;4;7;8,4,1,44,0.19646516038952846,0.2011842030128273,0.7506525013658502,False,False
65,2;4;7;8,4,2,43,0.17940857356888346,0.24966493080459135,0.7506525013658502,False,False
65,2;4;7;8,4,3,42,0.17257760334679192,0.2744361835177029,0.7506525013658502,False,False
65,2;4;7;8,4,4,41,0.205423540802879,0.19758339935317487,0.7506525013658502,False,False
65,2;4;7;8,4,5,36,0.1132906998239782,0.510616539205255,0.7560570109542406,False,False
65,2;4;7;8,4,6,35,0.1685399907694863,0.33312870305821074,0.7506525013658502,False,False
65,2;4;7;8,4,7,0,,,,False,False
65,2;4;7;8,4,8,0,,,,False,False
65,2;4;7;8,4,9,0,,,,False,False
65,2;4;7;8,4,10,0,,,,False,False
65,2;4;7;9,4,0,44,0.14823289279209922,0.3369152398020176,0.7506525013658502,False,False
65,2;4;7;9,4,1,44,0.14823289279209922,0.3369152398020176,0.7506525013658502,False,False
65,2;4;7;9,4,2,43,0.12917720351982528,0.4090434718934402,0.7506525013658502,False,False
65,2;4;7;9,4,3,42,0.12321162538661155,0.43693824730914327,0.7509041397983071,False,False
65,2;4;7;9,4,4,42,0.12321162538661155,0.43693824730914327,0.7509041397983071,False,False
65,2;4;7;9,4,5,38,0.1842651607490429,0.2680957612156192,0.7506525013658502,False,False
65,2;4;7;9,4,6,34,0.14957924671498327,0.39848458352928334,0.7506525013658502,False,False
65,2;4;7;9,4,7,0,,,,False,False
65,2;4;7;9,4,8,0,,,,False,False
65,2;4;7;9,4,9,0,,,,False,False
65,2;4;7;9,4,10,0,,,,False,False
65,2;4;7;10,4,0,43,0.12182811921400531,0.43642447831761305,0.7509041397983071,False,False
65,2;4;7;10,4,1,43,0.12182811921400531,0.43642447831761305,0.7509041397983071,False,False
65,2;4;7;10,4,2,43,0.12182811921400531,0.43642447831761305,0.7509041397983071,False,False
65,2;4;7;10,4,3,42,0.11442822238875411,0.4705557224127837,0.7510354628300103,False,False
65,2;4;7;10,4,4,42,0.11442822238875411,0.4705557224127837,0.7510354628300103,False,False
65,2;4;7;10,4,5,37,0.13363511652046578,0.43039422208519795,0.7508979569069499,False,False
65,2;4;7;10,4,6,34,0.1501922764146348,0.39653211556999807,0.7506525013658502,False,False
65,2;4;7;10,4,7,0,,,,False,False
65,2;4;7;10,4,8,0,,,,False,False
65,2;4;7;10,4,9,0,,,,False,False
65,2;4;7;10,4,10,0,,,,False,False
65,2;4;8;9,4,0,44,0.18875648418993932,0.21978852252355396,0.7506525013658502,False,False
65,2;4;8;9,4,1,44,0.18875648418993932,0.21978852252355396,0.7506525013658502,False,False
65,2;4;8;9,4,2,43,0.16577109753746494,0.2880659306001336,0.7506525013658502,False,False
65,2;4;8;9,4,3,42,0.16338756132125584,0.3011898374696225,0.7506525013658502,False,False
65,2;4;8;9,4,4,41,0.13053224299720076,0.41595702895869957,0.7506525013658502,False,False
65,2;4;8;9,4,5,38,0.0617767272612141,0.7125389662889606,0.8355320344203492,False,False
65,2;4;8;9,4,6,35,0.09789364463860996,0.5758476848415661,0.7720280069798648,False,False
65,2;4;8;9,4,7,0,,,,False,False
65,2;4;8;9,4,8,0,,,,False,False
65,2;4;8;9,4,9,0,,,,False,False
65,2;4;8;9,4,10,0,,,,False,False
65,2;4;8;10,4,0,43,0.17478698446934718,0.26227198540991914,0.7506525013658502,False,False
65,2;4;8;10,4,1,43,0.17478698446934718,0.26227198540991914,0.7506525013658502,False,False
65,2;4;8;10,4,2,43,0.17478698446934718,0.26227198540991914,0.7506525013658502,False,False
65,2;4;8;10,4,3,42,0.1711950306526847,0.2783579121696803,0.7506525013658502,False,False
65,2;4;8;10,4,4,41,0.14783169688839604,0.356323499637644,0.7506525013658502,False,False
65,2;4;8;10,4,5,37,0.041352389343637726,0.8079997975883643,0.8873721789486734,False,False
65,2;4;8;10,4,6,35,0.14269719218483173,0.4135023398172361,0.7506525013658502,False,False
65,2;4;8;10,4,7,0,,,,False,False
65,2;4;8;10,4,8,0,,,,False,False
65,2;4;8;10,4,9,0,,,,False,False
65,2;4;8;10,4,10,0,,,,False,False
65,2;4;9;10,4,0,43,0.12038860785513335,0.44190428914593116,0.7509923134248312,False,False
65,2;4;9;10,4,1,43,0.12038860785513335,0.44190428914593116,0.7509923134248312,False,False
65,2;4;9;10,4,2,43,0.12038860785513335,0.44190428914593116,0.7509923134248312,False,False
65,2;4;9;10,4,3,42,0.11532282824964699,0.46707017221222785,0.7510354628300103,False,False
65,2;4;9;10,4,4,41,0.09846709361301556,0.5402135586325252,0.7614936820923571,False,False
65,2;4;9;10,4,5,40,0.0653056691541999,0.688891358077858,0.8215725955270957,False,False
65,2;4;9;10,4,6,34,0.10988557366254403,0.5361475016470456,0.7606360514128871,False,False
65,2;4;9;10,4,7,0,,,,False,False
65,2;4;9;10,4,8,0,,,,False,False
65,2;4;9;10,4,9,0,,,,False,False
65,2;4;9;10,4,10,0,,,,False,False
65,2;5;6;7,4,0,44,0.2007084683893023,0.19142955492934396,0.7506525013658502,False,False
65,2;5;6;7,4,1,44,0.2007084683893023,0.19142955492934396,0.7506525013658502,False,False
65,2;5;6;7,4,2,43,0.1811511399506758,0.24501912839794396,0.7506525013658502,False,False
65,2;5;6;7,4,3,42,0.1801410892616136,0.2536266581311216,0.7506525013658502,False,False
65,2;5;6;7,4,4,39,0.2077889121166104,0.2043234502719151,0.7506525013658502,False,False
65,2;5;6;7,4,5,38,0.17504092147435898,0.2932025777577355,0.7506525013658502,False,False
65,2;5;6;7,4,6,34,0.12214616765557545,0.49134465080340267,0.7550319149425593,False,False
65,2;5;6;7,4,7,0,,,,False,False
65,2;5;6;7,4,8,0,,,,False,False
65,2;5;6;7,4,9,0,,,,False,False
65,2;5;6;7,4,10,0,,,,False,False
65,2;5;6;8,4,0,44,0.23953473658723284,0.11733737814244528,0.7506525013658502,False,False
65,2;5;6;8,4,1,44,0.23953473658723284,0.11733737814244528,0.7506525013658502,False,False
65,2;5;6;8,4,2,43,0.21448719247192102,0.16722456788365886,0.7506525013658502,False,False
65,2;5;6;8,4,3,42,0.21072034414304328,0.18040521126262357,0.7506525013658502,False,False
65,2;5;6;8,4,4,39,0.10256988643478879,0.5343690932261659,0.760535689565614,False,False
65,2;5;6;8,4,5,37,0.12911720332849275,0.44628131019486106,0.7509923134248312,False,False
65,2;5;6;8,4,6,35,0.11573079366171393,0.5079473540254271,0.7558559619392049,False,False
65,2;5;6;8,4,7,0,,,,False,False
65,2;5;6;8,4,8,0,,,,False,False
65,2;5;6;8,4,9,0,,,,False,False
65,2;5;6;8,4,10,0,,,,False,False
65,2;5;6;9,4,0,44,0.20742703938894416,0.17667862207047336,0.7506525013658502,False,False
65,2;5;6;9,4,1,44,0.20742703938894416,0.17667862207047336,0.7506525013658502,False,False
65,2;5;6;9,4,2,43,0.18145419497359622,0.24421716501496518,0.7506525013658502,False,False
65,2;5;6;9,4,3,42,0.18103569512250647,0.25123719874408706,0.7506525013658502,False,False
65,2;5;6;9,4,4,41,0.1670103455229123,0.2966384611957822,0.7506525013658502,False,False
65,2;5;6;9,4,5,37,0.12745270899460795,0.4522138956098989,0.7509923134248312,False,False
65,2;5;6;9,4,6,35,0.17779449177625822,0.3068678916895592,0.7506525013658502,False,False
65,2;5;6;9,4,7,0,,,,False,False
65,2;5;6;9,4,8,0,,,,False,False
65,2;5;6;9,4,9,0,,,,False,False
65,2;5;6;9,4,10,0,,,,False,False
65,2;5;6;10,4,0,43,0.18190877750797682,0.24301755064328975,0.7506525013658502,False,False
65,2;5;6;10,4,1,43,0.18190877750797682,0.24301755064328975,0.7506525013658502,False,False
65,2;5;6;10,4,2,43,0.18190877750797682,0.24301755064328975,0.7506525013658502,False,False
65,2;5;6;10,4,3,42,0.18160498976125652,0.24972452558850203,0.7506525013658502,False,False
65,2;5;6;10,4,4,41,0.17829010184356975,0.26473326078666687,0.7506525013658502,False,False
65,2;5;6;10,4,5,37,0.15051784476415453,0.373884350317892,0.7506525013658502,False,False
65,2;5;6;10,4,6,34,0.15402371203745716,0.384454327013924,0.7506525013658502,False,False
65,2;5;6;10,4,7,0,,,,False,False
65,2;5;6;10,4,8,0,,,,False,False
65,2;5;6;10,4,9,0,,,,False,False
65,2;5;6;10,4,10,0,,,,False,False
65,2;5;7;8,4,0,44,0.1583461101915602,0.30460587806461153,0.7506525013658502,False,False
65,2;5;7;8,4,1,44,0.1583461101915602,0.30460587806461153,0.7506525013658502,False,False
65,2;5;7;8,4,2,43,0.14228433326113307,0.3627328495942371,0.7506525013658502,False,False
65,2;5;7;8,4,3,42,0.13907054746607642,0.3797483562482808,0.7506525013658502,False,False
65,2;5;7;8,4,4,41,0.10004450007598704,0.533710978737463,0.760535689565614,False,False
65,2;5;7;8,4,5,37,0.14362208252377462,0.3964137836317372,0.7506525013658502,False,False
65,2;5;7;8,4,6,35,0.13679829250789974,0.43326774546797975,0.7509041397983071,False,False
65,2;5;7;8,4,7,0,,,,False,False
65,2;5;7;8,4,8,0,,,,False,False
65,2;5;7;8,4,9,0,,,,False,False
65,2;5;7;8,4,10,0,,,,False,False
65,2;5;7;9,4,0,44,0.09137578537650039,0.5552539913344523,0.7667025748435622,False,False
65,2;5;7;9,4,1,44,0.09137578537650039,0.5552539913344523,0.7667025748435622,False,False
65,2;5;7;9,4,2,43,0.0681899545772757,0.6639387966473888,0.8108501049313935,False,False
65,2;5;7;9,4,3,42,0.06197429877981954,0.6966152173728298,0.8248472012955462,False,False
65,2;5;7;9,4,4,42,0.06197429877981954,0.6966152173728298,0.8248472012955462,False,False
65,2;5;7;9,4,5,38,0.12848750543005347,0.4420200716022278,0.7509923134248312,False,False
65,2;5;7;9,4,6,35,0.1439322611282233,0.4094294907534985,0.7506525013658502,False,False
65,2;5;7;9,4,7,0,,,,False,False
65,2;5;7;9,4,8,0,,,,False,False
65,2;5;7;9,4,9,0,,,,False,False
65,2;5;7;9,4,10,0,,,,False,False
65,2;5;7;10,4,0,43,0.08841630293702997,0.5728861591553598,0.7712268365394804,False,False
65,2;5;7;10,4,1,43,0.08841630293702997,0.5728861591553598,0.7712268365394804,False,False
65,2;5;7;10,4,2,43,0.08841630293702997,0.5728861591553598,0.7712268365394804,False,False
65,2;5;7;10,4,3,42,0.0808398387025029,0.6108043284222876,0.7839889238399734,False,False
65,2;5;7;10,4,4,42,0.0808398387025029,0.6108043284222876,0.7839889238399734,False,False
65,2;5;7;10,4,5,38,0.1482467026288486,0.37440687662959155,0.7506525013658502,False,False
65,2;5;7;10,4,6,34,0.11080511821202141,0.5327207066806797,0.760535689565614,False,False
65,2;5;7;10,4,7,0,,,,False,False
65,2;5;7;10,4,8,0,,,,False,False
65,2;5;7;10,4,9,0,,,,False,False
65,2;5;7;10,4,10,0,,,,False,False
65,2;5;8;9,4,0,44,0.1789968757904595,0.24500479260014418,0.7506525013658502,False,False
65,2;5;8;9,4,1,44,0.1789968757904595,0.24500479260014418,0.7506525013658502,False,False
65,2;5;8;9,4,2,43,0.151072928925825,0.3335315047198405,0.7506525013658502,False,False
65,2;5;8;9,4,3,42,0.15395353587911267,0.3303334758950749,0.7506525013658502,False,False
65,2;5;8;9,4,4,41,0.1397935667975376,0.38335815095738934,0.7506525013658502,False,False
65,2;5;8;9,4,5,38,0.08953784981376679,0.5929360017256333,0.7782918501283259,False,False
65,2;5;8;9,4,6,36,0.22091787136897306,0.19539111833466966,0.7506525013658502,False,False
65,2;5;8;9,4,7,0,,,,False,False
65,2;5;8;9,4,8,0,,,,False,False
65,2;5;8;9,4,9,0,,,,False,False
65,2;5;8;9,4,10,0,,,,False,False
65,2;5;8;10,4,0,43,0.1681197739650981,0.28119326035776343,0.7506525013658502,False,False
65,2;5;8;10,4,1,43,0.1681197739650981,0.28119326035776343,0.7506525013658502,False,False
65,2;5;8;10,4,2,43,0.1681197739650981,0.28119326035776343,0.7506525013658502,False,False
65,2;5;8;10,4,3,42,0.1659900510983988,0.29344966029006375,0.7506525013658502,False,False
65,2;5;8;10,4,4,41,0.17238294205721358,0.28114639307999145,0.7506525013658502,False,False
65,2;5;8;10,4,5,38,0.13792779070576575,0.4089180147081571,0.7506525013658502,False,False
65,2;5;8;10,4,6,35,0.22134918787725866,0.20129099550045873,0.7506525013658502,False,False
65,2;5;8;10,4,7,0,,,,False,False
65,2;5;8;10,4,8,0,,,,False,False
65,2;5;8;10,4,9,0,,,,False,False
65,2;5;8;10,4,10,0,,,,False,False
65,2;5;9;10,4,0,43,0.07868363092055645,0.6159926050135545,0.7849082291222288,False,False
65,2;5;9;10,4,1,43,0.07868363092055645,0.6159926050135545,0.7849082291222288,False,False
65,2;5;9;10,4,2,43,0.07868363092055645,0.6159926050135545,0.7849082291222288,False,False
65,2;5;9;10,4,3,42,0.07624790696336065,0.6312771253522296,0.7953107836420726,False,False
65,2;5;9;10,4,4,41,0.09681126161748506,0.5470801412173051,0.7642468984047789,False,False
65,2;5;9;10,4,5,40,0.12553580567466047,0.4402076490137333,0.7509923134248312,False,False
65,2;5;9;10,4,6,35,0.18279678280981876,0.2932339711699636,0.7506525013658502,False,False
65,2;5;9;10,4,7,0,,,,False,False
65,2;5;9;10,4,8,0,,,,False,False
65,2;5;9;10,4,9,0,,,,False,False
65,2;5;9;10,4,10,0,,,,False,False
65,2;6;7;8,4,0,44,0.18253296579027106,0.2356519100803836,0.7506525013658502,False,False
65,2;6;7;8,4,1,44,0.18253296579027106,0.2356519100803836,0.7506525013658502,False,False
65,2;6;7;8,4,2,43,0.1645588774457833,0.2916554243944299,0.7506525013658502,False,False
65,2;6;7;8,4,3,42,0.1583452373780414,0.31655508834184115,0.7506525013658502,False,False
65,2;6;7;8,4,4,41,0.12365640131769727,0.4411431421194024,0.7509923134248312,False,False
65,2;6;7;8,4,5,36,0.07540387894767989,0.6620535805003823,0.8097648698395292,False,False
65,2;6;7;8,4,6,35,0.02485964863849923,0.8872757855351524,0.9347104119720536,False,False
65,2;6;7;8,4,7,0,,,,False,False
65,2;6;7;8,4,8,0,,,,False,False
65,2;6;7;8,4,9,0,,,,False,False
65,2;6;7;8,4,10,0,,,,False,False
65,2;6;7;9,4,0,44,0.15011230995481584,0.3307558556095759,0.7506525013658502,False,False
65,2;6;7;9,4,1,44,0.15011230995481584,0.3307558556095759,0.7506525013658502,False,False
65,2;6;7;9,4,2,43,0.13232639518801334,0.397618717192918,0.7506525013658502,False,False
65,2;6;7;9,4,3,42,0.13036847227375467,0.41056067098817683,0.7506525013658502,False,False
65,2;6;7;9,4,4,42,0.13036847227375467,0.41056067098817683,0.7506525013658502,False,False
65,2;6;7;9,4,5,38,0.19811127262119654,0.233141238470039,0.7506525013658502,False,False
65,2;6;7;9,4,6,34,0.028352623608885148,0.8735343064918112,0.9259781518607244,False,False
65,2;6;7;9,4,7,0,,,,False,False
65,2;6;7;9,4,8,0,,,,False,False
65,2;6;7;9,4,9,0,,,,False,False
65,2;6;7;9,4,10,0,,,,False,False
65,2;6;7;10,4,0,43,0.14213280574967285,0.3632494495819216,0.7506525013658502,False,False
65,2;6;7;10,4,1,43,0.14213280574967285,0.3632494495819216,0.7506525013658502,False,False
65,2;6;7;10,4,2,43,0.14213280574967285,0.3632494495819216,0.7506525013658502,False,False
65,2;6;7;10,4,3,42,0.13890789185500496,0.3803114243101514,0.7506525013658502,False,False
65,2;6;7;10,4,4,42,0.13890789185500496,0.3803114243101514,0.7506525013658502,False,False
65,2;6;7;10,4,5,37,0.15743557972367975,0.3520626512084593,0.7506525013658502,False,False
65,2;6;7;10,4,6,34,0.047816316572822516,0.7882842200560356,0.8771733486113465,False,False
65,2;6;7;10,4,7,0,,,,False,False
65,2;6;7;10,4,8,0,,,,False,False
65,2;6;7;10,4,9,0,,,,False,False
65,2;6;7;10,4,10,0,,,,False,False
65,2;6;8;9,4,0,44,0.1710760341908817,0.26685635882897524,0.7506525013658502,False,False
65,2;6;8;9,4,1,44,0.1710760341908817,0.26685635882897524,0.7506525013658502,False,False
65,2;6;8;9,4,2,43,0.14486030095595656,0.3540185414146826,0.7506525013658502,False,False
65,2;6;8;9,4,3,42,0.14297428213179086,0.36638309214745,0.7506525013658502,False,False
65,2;6;8;9,4,4,42,0.14297428213179086,0.36638309214745,0.7506525013658502,False,False
65,2;6;8;9,4,5,37,-0.0016645935852091763,0.9921985738807881,0.9944649762358756,False,False
65,2;6;8;9,4,6,35,0.0026685498538502,0.9878614512524061,0.9935100182161297,False,False
65,2;6;8;9,4,7,0,,,,False,False
65,2;6;8;9,4,8,0,,,,False,False
65,2;6;8;9,4,9,0,,,,False,False
65,2;6;8;9,4,10,0,,,,False,False
65,2;6;8;10,4,0,43,0.20585012431868935,0.1854008352902386,0.7506525013658502,False,False
65,2;6;8;10,4,1,43,0.20585012431868935,0.1854008352902386,0.7506525013658502,False,False
65,2;6;8;10,4,2,43,0.20585012431868935,0.1854008352902386,0.7506525013658502,False,False
65,2;6;8;10,4,3,42,0.20128631870090008,0.20116235790730974,0.7506525013658502,False,False
65,2;6;8;10,4,4,42,0.20128631870090008,0.20116235790730974,0.7506525013658502,False,False
65,2;6;8;10,4,5,36,0.01574300624129186,0.9273893197972347,0.9602144937661239,False,False
65,2;6;8;10,4,6,35,0.08061829558473763,0.6452481184037105,0.8021967633715933,False,False
65,2;6;8;10,4,7,0,,,,False,False
65,2;6;8;10,4,8,0,,,,False,False
65,2;6;8;10,4,9,0,,,,False,False
65,2;6;8;10,4,10,0,,,,False,False
65,2;6;9;10,4,0,43,0.11644889255716802,0.45709387662572504,0.7510354628300103,False,False
65,2;6;9;10,4,1,43,0.11644889255716802,0.45709387662572504,0.7510354628300103,False,False
65,2;6;9;10,4,2,43,0.11644889255716802,0.45709387662572504,0.7510354628300103,False,False
65,2;6;9;10,4,3,42,0.11304564969464691,0.47596953795751884,0.7513306618470189,False,False
65,2;6;9;10,4,4,42,0.11304564969464691,0.47596953795751884,0.7513306618470189,False,False
65,2;6;9;10,4,5,39,0.10906936438709221,0.5086424359748853,0.7558559619392049,False,False
65,2;6;9;10,4,6,34,0.01318013854250877,0.9410253266987874,0.9674842814913223,False,False
65,2;6;9;10,4,7,0,,,,False,False
65,2;6;9;10,4,8,0,,,,False,False
65,2;6;9;10,4,9,0,,,,False,False
65,2;6;9;10,4,10,0,,,,False,False
65,2;7;8;9,4,0,44,0.08401749839552189,0.5876633134567905,0.7773467911697347,False,False
65,2;7;8;9,4,1,44,0.08401749839552189,0.5876633134567905,0.7773467911697347,False,False
65,2;7;8;9,4,2,43,0.06591446748518943,0.6745214391611717,0.8163622566145243,False,False
65,2;7;8;9,4,3,42,0.06587552248393094,0.6785160105234471,0.817118967387872,False,False
65,2;7;8;9,4,4,42,0.06587552248393094,0.6785160105234471,0.817118967387872,False,False
65,2;7;8;9,4,5,39,0.07891978776410065,0.6329600370947425,0.7961247968617942,False,False
65,2;7;8;9,4,6,35,0.04030914779236881,0.8181657766224221,0.8938275592729039,False,False
65,2;7;8;9,4,7,0,,,,False,False
65,2;7;8;9,4,8,0,,,,False,False
65,2;7;8;9,4,9,0,,,,False,False
65,2;7;8;9,4,10,0,,,,False,False
65,2;7;8;10,4,0,43,0.13141719579364966,0.4008979676040303,0.7506525013658502,False,False
65,2;7;8;10,4,1,43,0.13141719579364966,0.4008979676040303,0.7506525013658502,False,False
65,2;7;8;10,4,2,43,0.13141719579364966,0.4008979676040303,0.7506525013658502,False,False
65,2;7;8;10,4,3,42,0.12691718273741256,0.423165475141205,0.7506525013658502,False,False
65,2;7;8;10,4,4,42,0.12691718273741256,0.423165475141205,0.7506525013658502,False,False
65,2;7;8;10,4,5,38,0.09905106920771822,0.5540830472676301,0.7667025748435622,False,False
65,2;7;8;10,4,6,35,0.09488061433737377,0.5877074312362394,0.7773467911697347,False,False
65,2;7;8;10,4,7,0,,,,False,False
65,2;7;8;10,4,8,0,,,,False,False
65,2;7;8;10,4,9,0,,,,False,False
65,2;7;8;10,4,10,0,,,,False,False
65,2;7;9;10,4,0,43,0.04083666433852541,0.7948626072364827,0.8813792412010313,False,False
65,2;7;9;10,4,1,43,0.04083666433852541,0.7948626072364827,0.8813792412010313,False,False
65,2;7;9;10,4,2,43,0.04083666433852541,0.7948626072364827,0.8813792412010313,False,False
65,2;7;9;10,4,3,42,0.03505228418589411,0.8255776571185948,0.8972971598866822,False,False
65,2;7;9;10,4,4,42,0.03505228418589411,0.8255776571185948,0.8972971598866822,False,False
65,2;7;9;10,4,5,40,0.08065545315077738,0.620782505502302,0.7870699899481937,False,False
65,2;7;9;10,4,6,35,0.05917113125518161,0.7356315557843649,0.8478395210475335,False,False
65,2;7;9;10,4,7,0,,,,False,False
65,2;7;9;10,4,8,0,,,,False,False
65,2;7;9;10,4,9,0,,,,False,False
65,2;7;9;10,4,10,0,,,,False,False
65,2;8;9;10,4,0,43,0.06167169716430368,0.694418478553133,0.8233666737453104,False,False
65,2;8;9;10,4,1,43,0.06167169716430368,0.694418478553133,0.8233666737453104,False,False
65,2;8;9;10,4,2,43,0.06167169716430368,0.694418478553133,0.8233666737453104,False,False
65,2;8;9;10,4,3,42,0.06522490003964519,0.6815224516065064,0.8176938320739783,False,False
65,2;8;9;10,4,4,41,0.07208105787998033,0.6542586234562968,0.8049490734812801,False,False
65,2;8;9;10,4,5,40,0.11783037029728503,0.4689908096005621,0.7510354628300103,False,False
65,2;8;9;10,4,6,36,-0.03238929972593652,0.8512479425944923,0.9133820063548671,False,False
65,2;8;9;10,4,7,0,,,,False,False
65,2;8;9;10,4,8,0,,,,False,False
65,2;8;9;10,4,9,0,,,,False,False
65,2;8;9;10,4,10,0,,,,False,False
65,3;4;5;6,4,0,44,0.29179814678444727,0.05461758487943002,0.7506525013658502,False,False
65,3;4;5;6,4,1,44,0.29179814678444727,0.05461758487943002,0.7506525013658502,False,False
65,3;4;5;6,4,2,43,0.2946057231359893,0.0551446391401996,0.7506525013658502,False,False
65,3;4;5;6,4,3,41,0.31845637612274696,0.042435273104236566,0.7506525013658502,True,False
65,3;4;5;6,4,4,39,0.27590909338869124,0.08909884349492966,0.7506525013658502,False,False
65,3;4;5;6,4,5,38,0.25399601717076054,0.12385498561447977,0.7506525013658502,False,False
65,3;4;5;6,4,6,35,0.1894670396233642,0.2756668864082868,0.7506525013658502,False,False
65,3;4;5;6,4,7,0,,,,False,False
65,3;4;5;6,4,8,0,,,,False,False
65,3;4;5;6,4,9,0,,,,False,False
65,3;4;5;6,4,10,0,,,,False,False
65,3;4;5;7,4,0,44,0.13529080339278904,0.3812376960141393,0.7506525013658502,False,False
65,3;4;5;7,4,1,44,0.13529080339278904,0.3812376960141393,0.7506525013658502,False,False
65,3;4;5;7,4,2,43,0.13551711679113684,0.3862344549792199,0.7506525013658502,False,False
65,3;4;5;7,4,3,42,0.11337096091678978,0.4746927521471217,0.7510354628300103,False,False
65,3;4;5;7,4,4,40,0.23406050498701483,0.14603840115248795,0.7506525013658502,False,False
65,3;4;5;7,4,5,38,0.23444941489821608,0.15654141563111465,0.7506525013658502,False,False
65,3;4;5;7,4,6,35,0.15842759132331713,0.3633551746782869,0.7506525013658502,False,False
65,3;4;5;7,4,7,0,,,,False,False
65,3;4;5;7,4,8,0,,,,False,False
65,3;4;5;7,4,9,0,,,,False,False
65,3;4;5;7,4,10,0,,,,False,False
65,3;4;5;8,4,0,44,0.2589832315861963,0.08959390999925375,0.7506525013658502,False,False
65,3;4;5;8,4,1,44,0.2589832315861963,0.08959390999925375,0.7506525013658502,False,False
65,3;4;5;8,4,2,43,0.2639855244874327,0.08716407075838906,0.7506525013658502,False,False
65,3;4;5;8,4,3,42,0.24699254541197313,0.11481150890526086,0.7506525013658502,False,False
65,3;4;5;8,4,4,40,0.29519291662352315,0.0644273562034475,0.7506525013658502,False,False
65,3;4;5;8,4,5,37,0.2375471199358458,0.15686155478869376,0.7506525013658502,False,False
65,3;4;5;8,4,6,36,0.18851675676860152,0.2708570234738712,0.7506525013658502,False,False
65,3;4;5;8,4,7,0,,,,False,False
65,3;4;5;8,4,8,0,,,,False,False
65,3;4;5;8,4,9,0,,,,False,False
65,3;4;5;8,4,10,0,,,,False,False
65,3;4;5;9,4,0,44,0.21775242218839388,0.15562873545201963,0.7506525013658502,False,False
65,3;4;5;9,4,1,44,0.21775242218839388,0.15562873545201963,0.7506525013658502,False,False
65,3;4;5;9,4,2,43,0.2246491801839651,0.14753300464414867,0.7506525013658502,False,False
65,3;4;5;9,4,3,42,0.2047020865334002,0.1934617642976675,0.7506525013658502,False,False
65,3;4;5;9,4,4,41,0.2620575945194598,0.09789131923603298,0.7506525013658502,False,False
65,3;4;5;9,4,5,38,0.21000737335167777,0.20569380190757172,0.7506525013658502,False,False
65,3;4;5;9,4,6,36,0.20464922625354895,0.2311962403696404,0.7506525013658502,False,False
65,3;4;5;9,4,7,0,,,,False,False
65,3;4;5;9,4,8,0,,,,False,False
65,3;4;5;9,4,9,0,,,,False,False
65,3;4;5;9,4,10,0,,,,False,False
65,3;4;5;10,4,0,44,0.23840318778729316,0.11913174135311726,0.7506525013658502,False,False
65,3;4;5;10,4,1,44,0.23840318778729316,0.11913174135311726,0.7506525013658502,False,False
65,3;4;5;10,4,2,42,0.21608797930840062,0.1693022391343222,0.7506525013658502,False,False
65,3;4;5;10,4,3,42,0.21608797930840062,0.1693022391343222,0.7506525013658502,False,False
65,3;4;5;10,4,4,41,0.2687030323517851,0.08936989618668167,0.7506525013658502,False,False
65,3;4;5;10,4,5,38,0.24500860224362406,0.13818475896401497,0.7506525013658502,False,False
65,3;4;5;10,4,6,35,0.1928378394387539,0.26705559221978903,0.7506525013658502,False,False
65,3;4;5;10,4,7,0,,,,False,False
65,3;4;5;10,4,8,0,,,,False,False
65,3;4;5;10,4,9,0,,,,False,False
65,3;4;5;10,4,10,0,,,,False,False
65,3;4;6;7,4,0,44,0.2093365279888424,0.1726393982732644,0.7506525013658502,False,False
65,3;4;6;7,4,1,44,0.2093365279888424,0.1726393982732644,0.7506525013658502,False,False
65,3;4;6;7,4,2,43,0.21130968770340577,0.1737551603103942,0.7506525013658502,False,False
65,3;4;6;7,4,3,42,0.19852117331268568,0.2075517711659867,0.7506525013658502,False,False
65,3;4;6;7,4,4,40,0.2400886226204832,0.13563953709006774,0.7506525013658502,False,False
65,3;4;6;7,4,5,37,0.1631204447207109,0.33472065321030164,0.7506525013658502,False,False
65,3;4;6;7,4,6,35,0.24132264219749833,0.16254156626352934,0.7506525013658502,False,False
65,3;4;6;7,4,7,0,,,,False,False
65,3;4;6;7,4,8,0,,,,False,False
65,3;4;6;7,4,9,0,,,,False,False
65,3;4;6;7,4,10,0,,,,False,False
65,3;4;6;8,4,0,44,0.29993115378401375,0.04792358651399545,0.7506525013658502,True,False
65,3;4;6;8,4,1,44,0.29993115378401375,0.04792358651399545,0.7506525013658502,True,False
65,3;4;6;8,4,2,43,0.30627777905647874,0.045770055796905545,0.7506525013658502,True,False
65,3;4;6;8,4,3,42,0.294487983844832,0.05834128907790209,0.7506525013658502,False,False
65,3;4;6;8,4,4,40,0.2418379967237662,0.13272713862567603,0.7506525013658502,False,False
65,3;4;6;8,4,5,37,0.1847588710612134,0.2736351656930177,0.7506525013658502,False,False
65,3;4;6;8,4,6,35,0.1946636893387567,0.2624656320227315,0.7506525013658502,False,False
65,3;4;6;8,4,7,0,,,,False,False
65,3;4;6;8,4,8,0,,,,False,False
65,3;4;6;8,4,9,0,,,,False,False
65,3;4;6;8,4,10,0,,,,False,False
65,3;4;6;9,4,0,44,0.24745557818681072,0.10534418749163454,0.7506525013658502,False,False
65,3;4;6;9,4,1,44,0.24745557818681072,0.10534418749163454,0.7506525013658502,False,False
65,3;4;6;9,4,2,43,0.25420828283974994,0.0999732615417817,0.7506525013658502,False,False
65,3;4;6;9,4,3,42,0.23942905949715143,0.12672132625443835,0.7506525013658502,False,False
65,3;4;6;9,4,4,41,0.2095061716612031,0.18862652314069525,0.7506525013658502,False,False
65,3;4;6;9,4,5,39,0.1986301754391903,0.22543208423740874,0.7506525013658502,False,False
65,3;4;6;9,4,6,34,0.1708820287778753,0.33391053641519264,0.7506525013658502,False,False
65,3;4;6;9,4,7,0,,,,False,False
65,3;4;6;9,4,8,0,,,,False,False
65,3;4;6;9,4,9,0,,,,False,False
65,3;4;6;9,4,10,0,,,,False,False
65,3;4;6;10,4,0,44,0.2891814401845867,0.056924400399300225,0.7506525013658502,False,False
65,3;4;6;10,4,1,44,0.2891814401845867,0.056924400399300225,0.7506525013658502,False,False
65,3;4;6;10,4,2,42,0.27114690365608113,0.08240372314659701,0.7506525013658502,False,False
65,3;4;6;10,4,3,42,0.27114690365608113,0.08240372314659701,0.7506525013658502,False,False
65,3;4;6;10,4,4,41,0.25331359737166337,0.1100375049815316,0.7506525013658502,False,False
65,3;4;6;10,4,5,38,0.18894080298411137,0.2559267474246257,0.7506525013658502,False,False
65,3;4;6;10,4,6,34,0.2076638107569696,0.2386027026663071,0.7506525013658502,False,False
65,3;4;6;10,4,7,0,,,,False,False
65,3;4;6;10,4,8,0,,,,False,False
65,3;4;6;10,4,9,0,,,,False,False
65,3;4;6;10,4,10,0,,,,False,False
65,3;4;7;8,4,0,44,0.15127393019193713,0.3269842429057256,0.7506525013658502,False,False
65,3;4;7;8,4,1,44,0.15127393019193713,0.3269842429057256,0.7506525013658502,False,False
65,3;4;7;8,4,2,43,0.154162089235555,0.32362465958311926,0.7506525013658502,False,False
65,3;4;7;8,4,3,42,0.13492282938375486,0.3942602153337671,0.7506525013658502,False,False
65,3;4;7;8,4,4,42,0.13492282938375486,0.3942602153337671,0.7506525013658502,False,False
65,3;4;7;8,4,5,37,0.13755856745033712,0.4168561975630267,0.7506525013658502,False,False
65,3;4;7;8,4,6,35,0.16488829096948077,0.3438601310883984,0.7506525013658502,False,False
65,3;4;7;8,4,7,0,,,,False,False
65,3;4;7;8,4,8,0,,,,False,False
65,3;4;7;8,4,9,0,,,,False,False
65,3;4;7;8,4,10,0,,,,False,False
65,3;4;7;9,4,0,44,0.15679023059164313,0.309442951394836,0.7506525013658502,False,False
65,3;4;7;9,4,1,44,0.15679023059164313,0.309442951394836,0.7506525013658502,False,False
65,3;4;7;9,4,2,43,0.15961915434123833,0.306580400587435,0.7506525013658502,False,False
65,3;4;7;9,4,3,42,0.1404531201601836,0.3749822126928415,0.7506525013658502,False,False
65,3;4;7;9,4,4,42,0.1404531201601836,0.3749822126928415,0.7506525013658502,False,False
65,3;4;7;9,4,5,40,0.2043908635097876,0.20583698496100594,0.7506525013658502,False,False
65,3;4;7;9,4,6,34,0.17961770199791022,0.3094084361942551,0.7506525013658502,False,False
65,3;4;7;9,4,7,0,,,,False,False
65,3;4;7;9,4,8,0,,,,False,False
65,3;4;7;9,4,9,0,,,,False,False
65,3;4;7;9,4,10,0,,,,False,False
65,3;4;7;10,4,0,44,0.15042526859198238,0.3297370650232817,0.7506525013658502,False,False
65,3;4;7;10,4,1,44,0.15042526859198238,0.3297370650232817,0.7506525013658502,False,False
65,3;4;7;10,4,2,42,0.12776598249661172,0.4200454549438685,0.7506525013658502,False,False
65,3;4;7;10,4,3,42,0.12776598249661172,0.4200454549438685,0.7506525013658502,False,False
65,3;4;7;10,4,4,42,0.12776598249661172,0.4200454549438685,0.7506525013658502,False,False
65,3;4;7;10,4,5,39,0.15516713091568649,0.3455680702235696,0.7506525013658502,False,False
65,3;4;7;10,4,6,34,0.20337260285940856,0.24866206675620195,0.7506525013658502,False,False
65,3;4;7;10,4,7,0,,,,False,False
65,3;4;7;10,4,8,0,,,,False,False
65,3;4;7;10,4,9,0,,,,False,False
65,3;4;7;10,4,10,0,,,,False,False
65,3;4;8;9,4,0,44,0.20530538538905727,0.18124574870437818,0.7506525013658502,False,False
65,3;4;8;9,4,1,44,0.20530538538905727,0.18124574870437818,0.7506525013658502,False,False
65,3;4;8;9,4,2,43,0.20911170314694996,0.17837864972320425,0.7506525013658502,False,False
65,3;4;8;9,4,3,42,0.19038839275911398,0.227160424059576,0.7506525013658502,False,False
65,3;4;8;9,4,4,42,0.19038839275911398,0.227160424059576,0.7506525013658502,False,False
65,3;4;8;9,4,5,39,0.12806375007921858,0.4371914687534207,0.7509041397983071,False,False
65,3;4;8;9,4,6,35,0.17907374019257918,0.3033437636852791,0.7506525013658502,False,False
65,3;4;8;9,4,7,0,,,,False,False
65,3;4;8;9,4,8,0,,,,False,False
65,3;4;8;9,4,9,0,,,,False,False
65,3;4;8;9,4,10,0,,,,False,False
65,3;4;8;10,4,0,44,0.21987407618828078,0.15154085438281628,0.7506525013658502,False,False
65,3;4;8;10,4,1,44,0.21987407618828078,0.15154085438281628,0.7506525013658502,False,False
65,3;4;8;10,4,2,42,0.1999037460067929,0.20433959030838986,0.7506525013658502,False,False
65,3;4;8;10,4,3,42,0.1999037460067929,0.20433959030838986,0.7506525013658502,False,False
65,3;4;8;10,4,4,42,0.1999037460067929,0.20433959030838986,0.7506525013658502,False,False
65,3;4;8;10,4,5,38,0.10944810244060829,0.5130376874861131,0.756979384639706,False,False
65,3;4;8;10,4,6,35,0.19789403916183848,0.25447292007939043,0.7506525013658502,False,False
65,3;4;8;10,4,7,0,,,,False,False
65,3;4;8;10,4,8,0,,,,False,False
65,3;4;8;10,4,9,0,,,,False,False
65,3;4;8;10,4,10,0,,,,False,False
65,3;4;9;10,4,0,44,0.1859276121900901,0.2269050511754609,0.7506525013658502,False,False
65,3;4;9;10,4,1,44,0.1859276121900901,0.2269050511754609,0.7506525013658502,False,False
65,3;4;9;10,4,2,42,0.1602971047108986,0.3105495796697178,0.7506525013658502,False,False
65,3;4;9;10,4,3,42,0.1602971047108986,0.3105495796697178,0.7506525013658502,False,False
65,3;4;9;10,4,4,42,0.1602971047108986,0.3105495796697178,0.7506525013658502,False,False
65,3;4;9;10,4,5,40,0.15799455116700523,0.33020905066942546,0.7506525013658502,False,False
65,3;4;9;10,4,6,35,0.1522477916617693,0.38260613912564534,0.7506525013658502,False,False
65,3;4;9;10,4,7,0,,,,False,False
65,3;4;9;10,4,8,0,,,,False,False
65,3;4;9;10,4,9,0,,,,False,False
65,3;4;9;10,4,10,0,,,,False,False
65,3;5;6;7,4,0,44,0.14787928379211807,0.33808201007219524,0.7506525013658502,False,False
65,3;5;6;7,4,1,44,0.14787928379211807,0.33808201007219524,0.7506525013658502,False,False
65,3;5;6;7,4,2,43,0.1548442223737654,0.3214622299697737,0.7506525013658502,False,False
65,3;5;6;7,4,3,42,0.13760664696643352,0.38483370841139003,0.7506525013658502,False,False
65,3;5;6;7,4,4,40,0.2658023119007468,0.09736869537023396,0.7506525013658502,False,False
65,3;5;6;7,4,5,38,0.20732575893575267,0.21167511612271597,0.7506525013658502,False,False
65,3;5;6;7,4,6,35,0.22768938867789595,0.18835377379245255,0.7506525013658502,False,False
65,3;5;6;7,4,7,0,,,,False,False
65,3;5;6;7,4,8,0,,,,False,False
65,3;5;6;7,4,9,0,,,,False,False
65,3;5;6;7,4,10,0,,,,False,False
65,3;5;6;8,4,0,44,0.23196750398763616,0.1297335522489154,0.7506525013658502,False,False
65,3;5;6;8,4,1,44,0.23196750398763616,0.1297335522489154,0.7506525013658502,False,False
65,3;5;6;8,4,2,43,0.23647282124627905,0.12683370156339033,0.7506525013658502,False,False
65,3;5;6;8,4,3,42,0.21625063491947205,0.16897366388788654,0.7506525013658502,False,False
65,3;5;6;8,4,4,40,0.23308666065555209,0.14777182443036824,0.7506525013658502,False,False
65,3;5;6;8,4,5,38,0.21413412601944795,0.19672058712994495,0.7506525013658502,False,False
65,3;5;6;8,4,6,35,0.20702328866185235,0.23276510004936757,0.7506525013658502,False,False
65,3;5;6;8,4,7,0,,,,False,False
65,3;5;6;8,4,8,0,,,,False,False
65,3;5;6;8,4,9,0,,,,False,False
65,3;5;6;8,4,10,0,,,,False,False
65,3;5;6;9,4,0,44,0.19420206278964908,0.20652720029830238,0.7506525013658502,False,False
65,3;5;6;9,4,1,44,0.19420206278964908,0.20652720029830238,0.7506525013658502,False,False
65,3;5;6;9,4,2,43,0.20304829747396844,0.1915885289116498,0.7506525013658502,False,False
65,3;5;6;9,4,3,42,0.18217428440000652,0.2482179854752249,0.7506525013658502,False,False
65,3;5;6;9,4,4,41,0.2430831207087415,0.12566317637959634,0.7506525013658502,False,False
65,3;5;6;9,4,5,39,0.25082644853517383,0.12351504137867851,0.7506525013658502,False,False
65,3;5;6;9,4,6,35,0.2683080512259897,0.1191349250032984,0.7506525013658502,False,False
65,3;5;6;9,4,7,0,,,,False,False
65,3;5;6;9,4,8,0,,,,False,False
65,3;5;6;9,4,9,0,,,,False,False
65,3;5;6;9,4,10,0,,,,False,False
65,3;5;6;10,4,0,44,0.22058129418824307,0.15019590094516028,0.7506525013658502,False,False
65,3;5;6;10,4,1,44,0.22058129418824307,0.15019590094516028,0.7506525013658502,False,False
65,3;5;6;10,4,2,42,0.19445478303589983,0.21720303026349033,0.7506525013658502,False,False
65,3;5;6;10,4,3,42,0.19445478303589983,0.21720303026349033,0.7506525013658502,False,False
65,3;5;6;10,4,4,41,0.246843039482294,0.1197382105982446,0.7506525013658502,False,False
65,3;5;6;10,4,5,39,0.24168702328490435,0.13825958166853952,0.7506525013658502,False,False
65,3;5;6;10,4,6,34,0.21134198895487902,0.2302010338094563,0.7506525013658502,False,False
65,3;5;6;10,4,7,0,,,,False,False
65,3;5;6;10,4,8,0,,,,False,False
65,3;5;6;10,4,9,0,,,,False,False
65,3;5;6;10,4,10,0,,,,False,False
65,3;5;7;8,4,0,44,0.116266639193803,0.452305029234533,0.7509923134248312,False,False
65,3;5;7;8,4,1,44,0.116266639193803,0.452305029234533,0.7509923134248312,False,False
65,3;5;7;8,4,2,43,0.11755427748492908,0.4528038040499704,0.7509923134248312,False,False
65,3;5;7;8,4,3,42,0.10092780666982505,0.5247929332487675,0.7595331817189964,False,False
65,3;5;7;8,4,4,42,0.10092780666982505,0.5247929332487675,0.7595331817189964,False,False
65,3;5;7;8,4,5,38,0.16394987187027477,0.32532688498274137,0.7506525013658502,False,False
65,3;5;7;8,4,6,35,0.16207929112332264,0.35225658738554666,0.7506525013658502,False,False
65,3;5;7;8,4,7,0,,,,False,False
65,3;5;7;8,4,8,0,,,,False,False
65,3;5;7;8,4,9,0,,,,False,False
65,3;5;7;8,4,10,0,,,,False,False
65,3;5;7;9,4,0,44,0.07899625059578952,0.610251517712443,0.783770661364737,False,False
65,3;5;7;9,4,1,44,0.07899625059578952,0.610251517712443,0.783770661364737,False,False
65,3;5;7;9,4,2,43,0.08450871656717984,0.5900271808337704,0.7773945074295122,False,False
65,3;5;7;9,4,3,42,0.06652614492821668,0.6755144832973776,0.8169053236599791,False,False
65,3;5;7;9,4,4,42,0.06652614492821668,0.6755144832973776,0.8169053236599791,False,False
65,3;5;7;9,4,5,40,0.20109423667898457,0.2134041092179446,0.7506525013658502,False,False
65,3;5;7;9,4,6,35,0.19986068561726417,0.2496868671787863,0.7506525013658502,False,False
65,3;5;7;9,4,7,0,,,,False,False
65,3;5;7;9,4,8,0,,,,False,False
65,3;5;7;9,4,9,0,,,,False,False
65,3;5;7;9,4,10,0,,,,False,False
65,3;5;7;10,4,0,44,0.11449859419389725,0.4592562147827851,0.7510354628300103,False,False
65,3;5;7;10,4,1,44,0.11449859419389725,0.4592562147827851,0.7510354628300103,False,False
65,3;5;7;10,4,2,42,0.08856598022839603,0.5770155164179129,0.7724136668893526,False,False
65,3;5;7;10,4,3,42,0.08856598022839603,0.5770155164179129,0.7724136668893526,False,False
65,3;5;7;10,4,4,42,0.08856598022839603,0.5770155164179129,0.7724136668893526,False,False
65,3;5;7;10,4,5,40,0.21126668518546246,0.19066100877537254,0.7506525013658502,False,False
65,3;5;7;10,4,6,34,0.18115027624703914,0.30522964877738096,0.7506525013658502,False,False
65,3;5;7;10,4,7,0,,,,False,False
65,3;5;7;10,4,8,0,,,,False,False
65,3;5;7;10,4,9,0,,,,False,False
65,3;5;7;10,4,10,0,,,,False,False
65,3;5;8;9,4,0,44,0.16251869639133779,0.2918739097472494,0.7506525013658502,False,False
65,3;5;8;9,4,1,44,0.16251869639133779,0.2918739097472494,0.7506525013658502,False,False
65,3;5;8;9,4,2,43,0.16750158171611432,0.28299172547612833,0.7506525013658502,False,False
65,3;5;8;9,4,3,42,0.1446821660480409,0.3606256914759041,0.7506525013658502,False,False
65,3;5;8;9,4,4,42,0.1446821660480409,0.3606256914759041,0.7506525013658502,False,False
65,3;5;8;9,4,5,39,0.1820494196847212,0.2673399108863907,0.7506525013658502,False,False
65,3;5;8;9,4,6,36,0.2439005605002864,0.1517121196848929,0.7506525013658502,False,False
65,3;5;8;9,4,7,0,,,,False,False
65,3;5;8;9,4,8,0,,,,False,False
65,3;5;8;9,4,9,0,,,,False,False
65,3;5;8;9,4,10,0,,,,False,False
65,3;5;8;10,4,0,44,0.20862930998888013,0.17412757319498212,0.7506525013658502,False,False
65,3;5;8;10,4,1,44,0.20862930998888013,0.17412757319498212,0.7506525013658502,False,False
65,3;5;8;10,4,2,42,0.19559337231339985,0.2144699344596208,0.7506525013658502,False,False
65,3;5;8;10,4,3,42,0.19559337231339985,0.2144699344596208,0.7506525013658502,False,False
65,3;5;8;10,4,4,42,0.19559337231339985,0.2144699344596208,0.7506525013658502,False,False
65,3;5;8;10,4,5,39,0.23309226143578848,0.1532754137051988,0.7506525013658502,False,False
65,3;5;8;10,4,6,35,0.26657408540040417,0.12163176388148628,0.7506525013658502,False,False
65,3;5;8;10,4,7,0,,,,False,False
65,3;5;8;10,4,8,0,,,,False,False
65,3;5;8;10,4,9,0,,,,False,False
65,3;5;8;10,4,10,0,,,,False,False
65,3;5;9;10,4,0,44,0.15629517799166953,0.31099221975365254,0.7506525013658502,False,False
65,3;5;9;10,4,1,44,0.15629517799166953,0.31099221975365254,0.7506525013658502,False,False
65,3;5;9;10,4,2,42,0.13110042252357612,0.40791530245729507,0.7506525013658502,False,False
65,3;5;9;10,4,3,42,0.13110042252357612,0.40791530245729507,0.7506525013658502,False,False
65,3;5;9;10,4,4,42,0.13110042252357612,0.40791530245729507,0.7506525013658502,False,False
65,3;5;9;10,4,5,40,0.23016954863281402,0.1530544842321619,0.7506525013658502,False,False
65,3;5;9;10,4,6,36,0.3200791368344151,0.05702679772144824,0.7506525013658502,False,False
65,3;5;9;10,4,7,0,,,,False,False
65,3;5;9;10,4,8,0,,,,False,False
65,3;5;9;10,4,9,0,,,,False,False
65,3;5;9;10,4,10,0,,,,False,False
65,3;6;7;8,4,0,44,0.16746922239107392,0.2772218668321504,0.7506525013658502,False,False
65,3;6;7;8,4,1,44,0.16746922239107392,0.2772218668321504,0.7506525013658502,False,False
65,3;6;7;8,4,2,43,0.17235230625449952,0.2690807971938277,0.7506525013658502,False,False
65,3;6;7;8,4,3,42,0.1578572705448271,0.3180678405180682,0.7506525013658502,False,False
65,3;6;7;8,4,4,42,0.1578572705448271,0.3180678405180682,0.7506525013658502,False,False
65,3;6;7;8,4,5,36,0.15106599035750934,0.3791463604506371,0.7506525013658502,False,False
65,3;6;7;8,4,6,36,0.15106599035750934,0.3791463604506371,0.7506525013658502,False,False
65,3;6;7;8,4,7,0,,,,False,False
65,3;6;7;8,4,8,0,,,,False,False
65,3;6;7;8,4,9,0,,,,False,False
65,3;6;7;8,4,10,0,,,,False,False
65,3;6;7;9,4,0,44,0.12472228909555606,0.41986586960789307,0.7506525013658502,False,False
65,3;6;7;9,4,1,44,0.12472228909555606,0.41986586960789307,0.7506525013658502,False,False
65,3;6;7;9,4,2,43,0.13154297304658039,0.4004433913119437,0.7506525013658502,False,False
65,3;6;7;9,4,3,42,0.11841808270789665,0.455117469274286,0.7510354628300103,False,False
65,3;6;7;9,4,4,42,0.11841808270789665,0.455117469274286,0.7510354628300103,False,False
65,3;6;7;9,4,5,39,0.24653307936850483,0.13028759596577913,0.7506525013658502,False,False
65,3;6;7;9,4,6,35,0.14561896731331966,0.4039042253008224,0.7506525013658502,False,False
65,3;6;7;9,4,7,0,,,,False,False
65,3;6;7;9,4,8,0,,,,False,False
65,3;6;7;9,4,9,0,,,,False,False
65,3;6;7;9,4,10,0,,,,False,False
65,3;6;7;10,4,0,44,0.14894011079206151,0.3345891959212515,0.7506525013658502,False,False
65,3;6;7;10,4,1,44,0.14894011079206151,0.3345891959212515,0.7506525013658502,False,False
65,3;6;7;10,4,2,42,0.1380946137996478,0.3831341586991255,0.7506525013658502,False,False
65,3;6;7;10,4,3,42,0.1380946137996478,0.3831341586991255,0.7506525013658502,False,False
65,3;6;7;10,4,4,42,0.1380946137996478,0.3831341586991255,0.7506525013658502,False,False
65,3;6;7;10,4,5,38,0.2117182538284593,0.20193972621903386,0.7506525013658502,False,False
65,3;6;7;10,4,6,35,0.15024688672633996,0.3889646418224295,0.7506525013658502,False,False
65,3;6;7;10,4,7,0,,,,False,False
65,3;6;7;10,4,8,0,,,,False,False
65,3;6;7;10,4,9,0,,,,False,False
65,3;6;7;10,4,10,0,,,,False,False
65,3;6;8;9,4,0,44,0.1787139885904746,0.2457637137261151,0.7506525013658502,False,False
65,3;6;8;9,4,1,44,0.1787139885904746,0.2457637137261151,0.7506525013658502,False,False
65,3;6;8;9,4,2,43,0.18720765015330423,0.22932808229715015,0.7506525013658502,False,False
65,3;6;8;9,4,3,42,0.16712864037589886,0.2901040761086044,0.7506525013658502,False,False
65,3;6;8;9,4,4,42,0.16712864037589886,0.2901040761086044,0.7506525013658502,False,False
65,3;6;8;9,4,5,39,0.1565967969133112,0.3410869883096816,0.7506525013658502,False,False
65,3;6;8;9,4,6,35,0.09761274465399417,0.5769487805727895,0.7724136668893526,False,False
65,3;6;8;9,4,7,0,,,,False,False
65,3;6;8;9,4,8,0,,,,False,False
65,3;6;8;9,4,9,0,,,,False,False
65,3;6;8;9,4,10,0,,,,False,False
65,3;6;8;10,4,0,44,0.23500854138747407,0.12463921487961802,0.7506525013658502,False,False
65,3;6;8;10,4,1,44,0.23500854138747407,0.12463921487961802,0.7506525013658502,False,False
65,3;6;8;10,4,2,42,0.2226755315567937,0.1563604239340486,0.7506525013658502,False,False
65,3;6;8;10,4,3,42,0.2226755315567937,0.1563604239340486,0.7506525013658502,False,False
65,3;6;8;10,4,4,42,0.2226755315567937,0.1563604239340486,0.7506525013658502,False,False
65,3;6;8;10,4,5,38,0.17435740607117087,0.295121185242132,0.7506525013658502,False,False
65,3;6;8;10,4,6,35,0.1633433410540938,0.348462984788194,0.7506525013658502,False,False
65,3;6;8;10,4,7,0,,,,False,False
65,3;6;8;10,4,8,0,,,,False,False
65,3;6;8;10,4,9,0,,,,False,False
65,3;6;8;10,4,10,0,,,,False,False
65,3;6;9;10,4,0,44,0.1995061977893664,0.19415865101057825,0.7506525013658502,False,False
65,3;6;9;10,4,1,44,0.1995061977893664,0.19415865101057825,0.7506525013658502,False,False
65,3;6;9;10,4,2,42,0.18087303951143505,0.25167051815813457,0.7506525013658502,False,False
65,3;6;9;10,4,3,42,0.18087303951143505,0.25167051815813457,0.7506525013658502,False,False
65,3;6;9;10,4,4,42,0.18087303951143505,0.25167051815813457,0.7506525013658502,False,False
65,3;6;9;10,4,5,40,0.2165515281681006,0.17954676501718406,0.7506525013658502,False,False
65,3;6;9;10,4,6,35,0.1816018400541215,0.29645501191108115,0.7506525013658502,False,False
65,3;6;9;10,4,7,0,,,,False,False
65,3;6;9;10,4,8,0,,,,False,False
65,3;6;9;10,4,9,0,,,,False,False
65,3;6;9;10,4,10,0,,,,False,False
65,3;7;8;9,4,0,44,0.09497937739493764,0.5396954651663184,0.7614490681021345,False,False
65,3;7;8;9,4,1,44,0.09497937739493764,0.5396954651663184,0.7614490681021345,False,False
65,3;7;8;9,4,2,43,0.10141045988061581,0.5175873697984653,0.756979384639706,False,False
65,3;7;8;9,4,3,42,0.08612614606232452,0.5875938623512279,0.7773467911697347,False,False
65,3;7;8;9,4,4,42,0.08612614606232452,0.5875938623512279,0.7773467911697347,False,False
65,3;7;8;9,4,5,41,0.1464812391846838,0.3607828518303958,0.7506525013658502,False,False
65,3;7;8;9,4,6,35,0.10000039452322854,0.5676197963510002,0.7703040651288825,False,False
65,3;7;8;9,4,7,0,,,,False,False
65,3;7;8;9,4,8,0,,,,False,False
65,3;7;8;9,4,9,0,,,,False,False
65,3;7;8;9,4,10,0,,,,False,False
65,3;7;8;10,4,0,44,0.11428642879390857,0.46009421419370194,0.7510354628300103,False,False
65,3;7;8;10,4,1,44,0.11428642879390857,0.46009421419370194,0.7510354628300103,False,False
65,3;7;8;10,4,2,42,0.09775602225393207,0.5379669198357586,0.7607575480089929,False,False
65,3;7;8;10,4,3,42,0.09775602225393207,0.5379669198357586,0.7607575480089929,False,False
65,3;7;8;10,4,4,42,0.09775602225393207,0.5379669198357586,0.7607575480089929,False,False
65,3;7;8;10,4,5,40,0.12121846401190343,0.45621340880254657,0.7510354628300103,False,False
65,3;7;8;10,4,6,35,0.13300614271558628,0.44624418600750837,0.7509923134248312,False,False
65,3;7;8;10,4,7,0,,,,False,False
65,3;7;8;10,4,8,0,,,,False,False
65,3;7;8;10,4,9,0,,,,False,False
65,3;7;8;10,4,10,0,,,,False,False
65,3;7;9;10,4,0,44,0.0618108531967055,0.6901990827997255,0.8218439553476863,False,False
65,3;7;9;10,4,1,44,0.0618108531967055,0.6901990827997255,0.8218439553476863,False,False
65,3;7;9;10,4,2,42,0.040582574962322884,0.7985894235670149,0.8823264080885201,False,False
65,3;7;9;10,4,3,42,0.040582574962322884,0.7985894235670149,0.8823264080885201,False,False
65,3;7;9;10,4,4,42,0.040582574962322884,0.7985894235670149,0.8823264080885201,False,False
65,3;7;9;10,4,5,41,0.10266804465839928,0.5229807572437272,0.7595331817189964,False,False
65,3;7;9;10,4,6,36,0.11246023726614585,0.5137404956946237,0.756979384639706,False,False
65,3;7;9;10,4,7,0,,,,False,False
65,3;7;9;10,4,8,0,,,,False,False
65,3;7;9;10,4,9,0,,,,False,False
65,3;7;9;10,4,10,0,,,,False,False
65,3;8;9;10,4,0,44,0.13352275839288327,0.38754909555888495,0.7506525013658502,False,False
65,3;8;9;10,4,1,44,0.13352275839288327,0.38754909555888495,0.7506525013658502,False,False
65,3;8;9;10,4,2,42,0.1124763550558969,0.4782082634435988,0.7519074874765345,False,False
65,3;8;9;10,4,3,42,0.1124763550558969,0.4782082634435988,0.7519074874765345,False,False
65,3;8;9;10,4,4,42,0.1124763550558969,0.4782082634435988,0.7519074874765345,False,False
65,3;8;9;10,4,5,40,0.1783454885889418,0.27087723129211466,0.7506525013658502,False,False
65,3;8;9;10,4,6,37,0.09637007976347758,0.5704425021900963,0.7709077668143348,False,False
65,3;8;9;10,4,7,0,,,,False,False
65,3;8;9;10,4,8,0,,,,False,False
65,3;8;9;10,4,9,0,,,,False,False
65,3;8;9;10,4,10,0,,,,False,False
65,4;5;6;7,4,0,44,0.22036912878825438,0.15059846252236514,0.7506525013658502,False,False
65,4;5;6;7,4,1,44,0.22036912878825438,0.15059846252236514,0.7506525013658502,False,False
65,4;5;6;7,4,2,44,0.22036912878825438,0.15059846252236514,0.7506525013658502,False,False
65,4;5;6;7,4,3,42,0.190957687397864,0.2257478630812586,0.7506525013658502,False,False
65,4;5;6;7,4,4,39,0.2500786319994431,0.12467532323313209,0.7506525013658502,False,False
65,4;5;6;7,4,5,38,0.22182099208168454,0.18074553166808602,0.7506525013658502,False,False
65,4;5;6;7,4,6,35,0.14396124211560288,0.4093341951792134,0.7506525013658502,False,False
65,4;5;6;7,4,7,0,,,,False,False
65,4;5;6;7,4,8,0,,,,False,False
65,4;5;6;7,4,9,0,,,,False,False
65,4;5;6;7,4,10,0,,,,False,False
65,4;5;6;8,4,0,44,0.32284501698279244,0.03256019263438907,0.7506525013658502,True,False
65,4;5;6;8,4,1,44,0.32284501698279244,0.03256019263438907,0.7506525013658502,True,False
65,4;5;6;8,4,2,44,0.32284501698279244,0.03256019263438907,0.7506525013658502,True,False
65,4;5;6;8,4,3,42,0.30408466489804664,0.050246275724921664,0.7506525013658502,False,False
65,4;5;6;8,4,4,39,0.25997911809213786,0.10996136087360185,0.7506525013658502,False,False
65,4;5;6;8,4,5,37,0.23635819541164235,0.15900915143316355,0.7506525013658502,False,False
65,4;5;6;8,4,6,36,0.18812965870542164,0.2718602314272809,0.7506525013658502,False,False
65,4;5;6;8,4,7,0,,,,False,False
65,4;5;6;8,4,8,0,,,,False,False
65,4;5;6;8,4,9,0,,,,False,False
65,4;5;6;8,4,10,0,,,,False,False
65,4;5;6;9,4,0,44,0.26478241918588713,0.08239476679355791,0.7506525013658502,False,False
65,4;5;6;9,4,1,44,0.26478241918588713,0.08239476679355791,0.7506525013658502,False,False
65,4;5;6;9,4,2,44,0.26478241918588713,0.08239476679355791,0.7506525013658502,False,False
65,4;5;6;9,4,3,42,0.2439834166071516,0.11944399162876047,0.7506525013658502,False,False
65,4;5;6;9,4,4,41,0.256636316287826,0.1052939560067794,0.7506525013658502,False,False
65,4;5;6;9,4,5,37,0.2018793842097428,0.23083069918500307,0.7506525013658502,False,False
65,4;5;6;9,4,6,36,0.18850969736919967,0.27087529697764207,0.7506525013658502,False,False
65,4;5;6;9,4,7,0,,,,False,False
65,4;5;6;9,4,8,0,,,,False,False
65,4;5;6;9,4,9,0,,,,False,False
65,4;5;6;9,4,10,0,,,,False,False
65,4;5;6;10,4,0,44,0.23408915798752314,0.12616324128308284,0.7506525013658502,False,False
65,4;5;6;10,4,1,44,0.23408915798752314,0.12616324128308284,0.7506525013658502,False,False
65,4;5;6;10,4,2,43,0.2066077618759904,0.18375235611017873,0.7506525013658502,False,False
65,4;5;6;10,4,3,42,0.2118589334205433,0.17800765312707634,0.7506525013658502,False,False
65,4;5;6;10,4,4,41,0.22769368572861978,0.1522159237907876,0.7506525013658502,False,False
65,4;5;6;10,4,5,37,0.18404551634669133,0.2755243295401288,0.7506525013658502,False,False
65,4;5;6;10,4,6,35,0.120084743423259,0.4920053093958261,0.7550319149425593,False,False
65,4;5;6;10,4,7,0,,,,False,False
65,4;5;6;10,4,8,0,,,,False,False
65,4;5;6;10,4,9,0,,,,False,False
65,4;5;6;10,4,10,0,,,,False,False
65,4;5;7;8,4,0,44,0.17234902659081386,0.26326011461574156,0.7506525013658502,False,False
65,4;5;7;8,4,1,44,0.17234902659081386,0.26326011461574156,0.7506525013658502,False,False
65,4;5;7;8,4,2,44,0.17234902659081386,0.26326011461574156,0.7506525013658502,False,False
65,4;5;7;8,4,3,42,0.1385012528273264,0.3817212516921381,0.7506525013658502,False,False
65,4;5;7;8,4,4,41,0.12776662116347645,0.425987885442252,0.7506525013658502,False,False
65,4;5;7;8,4,5,37,0.16478493905459574,0.3297444686364477,0.7506525013658502,False,False
65,4;5;7;8,4,6,36,0.12490364171937458,0.4679471219994572,0.7510354628300103,False,False
65,4;5;7;8,4,7,0,,,,False,False
65,4;5;7;8,4,8,0,,,,False,False
65,4;5;7;8,4,9,0,,,,False,False
65,4;5;7;8,4,10,0,,,,False,False
65,4;5;7;9,4,0,44,0.10410248959445136,0.5012723374324582,0.7558559619392049,False,False
65,4;5;7;9,4,1,44,0.10410248959445136,0.5012723374324582,0.7558559619392049,False,False
65,4;5;7;9,4,2,44,0.10410248959445136,0.5012723374324582,0.7558559619392049,False,False
65,4;5;7;9,4,3,42,0.06945394592750248,0.6620695088774899,0.8097648698395292,False,False
65,4;5;7;9,4,4,42,0.06945394592750248,0.6620695088774899,0.8097648698395292,False,False
65,4;5;7;9,4,5,38,0.1644989337318631,0.32368687851324385,0.7506525013658502,False,False
65,4;5;7;9,4,6,36,0.13234413685166416,0.44163532339542244,0.7509923134248312,False,False
65,4;5;7;9,4,7,0,,,,False,False
65,4;5;7;9,4,8,0,,,,False,False
65,4;5;7;9,4,9,0,,,,False,False
65,4;5;7;9,4,10,0,,,,False,False
65,4;5;7;10,4,0,44,0.13550296879277773,0.380484437068293,0.7506525013658502,False,False
65,4;5;7;10,4,1,44,0.13550296879277773,0.380484437068293,0.7506525013658502,False,False
65,4;5;7;10,4,2,43,0.10705418684663526,0.49442806300861913,0.7558129676892907,False,False
65,4;5;7;10,4,3,42,0.10263569058607512,0.5177656958989529,0.756979384639706,False,False
65,4;5;7;10,4,4,42,0.10263569058607512,0.5177656958989529,0.756979384639706,False,False
65,4;5;7;10,4,5,38,0.19118334020505584,0.2502227537987211,0.7506525013658502,False,False
65,4;5;7;10,4,6,35,0.1254218431309594,0.4728187094903743,0.7510354628300103,False,False
65,4;5;7;10,4,7,0,,,,False,False
65,4;5;7;10,4,8,0,,,,False,False
65,4;5;7;10,4,9,0,,,,False,False
65,4;5;7;10,4,10,0,,,,False,False
65,4;5;8;9,4,0,44,0.19752598738947189,0.1987134202983948,0.7506525013658502,False,False
65,4;5;8;9,4,1,44,0.19752598738947189,0.1987134202983948,0.7506525013658502,False,False
65,4;5;8;9,4,2,44,0.19752598738947189,0.1987134202983948,0.7506525013658502,False,False
65,4;5;8;9,4,3,42,0.16956847454197038,0.2830184507886807,0.7506525013658502,False,False
65,4;5;8;9,4,4,41,0.17281979695345587,0.279910354427556,0.7506525013658502,False,False
65,4;5;8;9,4,5,38,0.15866633680233672,0.3413721227067052,0.7506525013658502,False,False
65,4;5;8;9,4,6,37,0.16193152019650747,0.33830324822622415,0.7506525013658502,False,False
65,4;5;8;9,4,7,0,,,,False,False
65,4;5;8;9,4,8,0,,,,False,False
65,4;5;8;9,4,9,0,,,,False,False
65,4;5;8;9,4,10,0,,,,False,False
65,4;5;8;10,4,0,44,0.20997302418880853,0.17130789737884858,0.7506525013658502,False,False
65,4;5;8;10,4,1,44,0.20997302418880853,0.17130789737884858,0.7506525013658502,False,False
65,4;5;8;10,4,2,43,0.18334828886684876,0.23924511153873013,0.7506525013658502,False,False
65,4;5;8;10,4,3,42,0.1888431644539353,0.23102503155976964,0.7506525013658502,False,False
65,4;5;8;10,4,4,41,0.1924782672843596,0.22794827439379467,0.7506525013658502,False,False
65,4;5;8;10,4,5,38,0.19202357496824982,0.24810764873604038,0.7506525013658502,False,False
65,4;5;8;10,4,6,36,0.149290819699707,0.38483768993529377,0.7506525013658502,False,False
65,4;5;8;10,4,7,0,,,,False,False
65,4;5;8;10,4,8,0,,,,False,False
65,4;5;8;10,4,9,0,,,,False,False
65,4;5;8;10,4,10,0,,,,False,False
65,4;5;9;10,4,0,44,0.17369274079074223,0.2594992064006701,0.7506525013658502,False,False
65,4;5;9;10,4,1,44,0.17369274079074223,0.2594992064006701,0.7506525013658502,False,False
65,4;5;9;10,4,2,43,0.14463300968876627,0.35478228586313976,0.7506525013658502,False,False
65,4;5;9;10,4,3,42,0.14639004996429097,0.35492324317918544,0.7506525013658502,False,False
65,4;5;9;10,4,4,41,0.16993655463825666,0.28813391482333583,0.7506525013658502,False,False
65,4;5;9;10,4,5,40,0.2023158338350573,0.210577886875744,0.7506525013658502,False,False
65,4;5;9;10,4,6,36,0.1608788239191937,0.3485878298331468,0.7506525013658502,False,False
65,4;5;9;10,4,7,0,,,,False,False
65,4;5;9;10,4,8,0,,,,False,False
65,4;5;9;10,4,9,0,,,,False,False
65,4;5;9;10,4,10,0,,,,False,False
65,4;6;7;8,4,0,44,0.22150067758819406,0.14846060273411874,0.7506525013658502,False,False
65,4;6;7;8,4,1,44,0.22150067758819406,0.14846060273411874,0.7506525013658502,False,False
65,4;6;7;8,4,2,44,0.22150067758819406,0.14846060273411874,0.7506525013658502,False,False
65,4;6;7;8,4,3,42,0.19510540548018557,0.21563832586369522,0.7506525013658502,False,False
65,4;6;7;8,4,4,41,0.18443518414358098,0.24834604880676758,0.7506525013658502,False,False
65,4;6;7;8,4,5,37,0.13910416933180159,0.41158975022856625,0.7506525013658502,False,False
65,4;6;7;8,4,6,35,0.15575904146946692,0.3715960592982309,0.7506525013658502,False,False
65,4;6;7;8,4,7,0,,,,False,False
65,4;6;7;8,4,8,0,,,,False,False
65,4;6;7;8,4,9,0,,,,False,False
65,4;6;7;8,4,10,0,,,,False,False
65,4;6;7;9,4,0,44,0.17701666539056507,0.250350589487434,0.7506525013658502,False,False
65,4;6;7;9,4,1,44,0.17701666539056507,0.250350589487434,0.7506525013658502,False,False
65,4;6;7;9,4,2,44,0.17701666539056507,0.250350589487434,0.7506525013658502,False,False
65,4;6;7;9,4,3,42,0.14590208313107667,0.3565468981640428,0.7506525013658502,False,False
65,4;6;7;9,4,4,42,0.14590208313107667,0.3565468981640428,0.7506525013658502,False,False
65,4;6;7;9,4,5,39,0.18217110103374068,0.26701482063471066,0.7506525013658502,False,False
65,4;6;7;9,4,6,34,0.11478981125975661,0.5179943439258429,0.756979384639706,False,False
65,4;6;7;9,4,7,0,,,,False,False
65,4;6;7;9,4,8,0,,,,False,False
65,4;6;7;9,4,9,0,,,,False,False
65,4;6;7;9,4,10,0,,,,False,False
65,4;6;7;10,4,0,44,0.1930705139897094,0.20923560394884017,0.7506525013658502,False,False
65,4;6;7;10,4,1,44,0.1930705139897094,0.20923560394884017,0.7506525013658502,False,False
65,4;6;7;10,4,2,43,0.17152914297295277,0.2714090389746303,0.7506525013658502,False,False
65,4;6;7;10,4,3,42,0.16533942865411308,0.2953725569206563,0.7506525013658502,False,False
65,4;6;7;10,4,4,42,0.16533942865411308,0.2953725569206563,0.7506525013658502,False,False
65,4;6;7;10,4,5,38,0.15209013565996687,0.3620076148042669,0.7506525013658502,False,False
65,4;6;7;10,4,6,34,0.15754863281045367,0.37353441163605167,0.7506525013658502,False,False
65,4;6;7;10,4,7,0,,,,False,False
65,4;6;7;10,4,8,0,,,,False,False
65,4;6;7;10,4,9,0,,,,False,False
65,4;6;7;10,4,10,0,,,,False,False
65,4;6;8;9,4,0,44,0.2528304349865242,0.09775589835938388,0.7506525013658502,False,False
65,4;6;8;9,4,1,44,0.2528304349865242,0.09775589835938388,0.7506525013658502,False,False
65,4;6;8;9,4,2,44,0.2528304349865242,0.09775589835938388,0.7506525013658502,False,False
65,4;6;8;9,4,3,42,0.23048300088822254,0.1419749115352541,0.7506525013658502,False,False
65,4;6;8;9,4,4,42,0.23048300088822254,0.1419749115352541,0.7506525013658502,False,False
65,4;6;8;9,4,5,38,0.11126394572446019,0.5060281831484845,0.7558559619392049,False,False
65,4;6;8;9,4,6,35,0.1396072923540578,0.4237914088388464,0.7506525013658502,False,False
65,4;6;8;9,4,7,0,,,,False,False
65,4;6;8;9,4,8,0,,,,False,False
65,4;6;8;9,4,9,0,,,,False,False
65,4;6;8;9,4,10,0,,,,False,False
65,4;6;8;10,4,0,44,0.2615292163860606,0.08637545124158393,0.7506525013658502,False,False
65,4;6;8;10,4,1,44,0.2615292163860606,0.08637545124158393,0.7506525013658502,False,False
65,4;6;8;10,4,2,43,0.23895888557274425,0.12277310347129812,0.7506525013658502,False,False
65,4;6;8;10,4,3,42,0.2373958643587585,0.1300752740349778,0.7506525013658502,False,False
65,4;6;8;10,4,4,42,0.2373958643587585,0.1300752740349778,0.7506525013658502,False,False
65,4;6;8;10,4,5,37,0.09767719551859257,0.5652015550057167,0.7703040651288825,False,False
65,4;6;8;10,4,6,35,0.16221974111563056,0.3518338493107377,0.7506525013658502,False,False
65,4;6;8;10,4,7,0,,,,False,False
65,4;6;8;10,4,8,0,,,,False,False
65,4;6;8;10,4,9,0,,,,False,False
65,4;6;8;10,4,10,0,,,,False,False
65,4;6;9;10,4,0,44,0.2072148739889555,0.17713157884960773,0.7506525013658502,False,False
65,4;6;9;10,4,1,44,0.2072148739889555,0.17713157884960773,0.7506525013658502,False,False
65,4;6;9;10,4,2,43,0.17956010108034365,0.24925861177859424,0.7506525013658502,False,False
65,4;6;9;10,4,3,42,0.17786391070661353,0.2597774133386247,0.7506525013658502,False,False
65,4;6;9;10,4,4,42,0.17786391070661353,0.2597774133386247,0.7506525013658502,False,False
65,4;6;9;10,4,5,40,0.15432463604162514,0.34170740108403336,0.7506525013658502,False,False
65,4;6;9;10,4,6,34,0.12015382113170785,0.4984923038289197,0.7558129676892907,False,False
65,4;6;9;10,4,7,0,,,,False,False
65,4;6;9;10,4,8,0,,,,False,False
65,4;6;9;10,4,9,0,,,,False,False
65,4;6;9;10,4,10,0,,,,False,False
65,4;7;8;9,4,0,44,0.13903905879258924,0.36806025283572713,0.7506525013658502,False,False
65,4;7;8;9,4,1,44,0.13903905879258924,0.36806025283572713,0.7506525013658502,False,False
65,4;7;8;9,4,2,44,0.13903905879258924,0.36806025283572713,0.7506525013658502,False,False
65,4;7;8;9,4,3,42,0.10727137550161098,0.49893079625767706,0.7558129676892907,False,False
65,4;7;8;9,4,4,42,0.10727137550161098,0.49893079625767706,0.7558129676892907,False,False
65,4;7;8;9,4,5,40,0.0919490988661721,0.5725538691207783,0.7712268365394804,False,False
65,4;7;8;9,4,6,35,0.1311802928155835,0.45256653216533765,0.7509923134248312,False,False
65,4;7;8;9,4,7,0,,,,False,False
65,4;7;8;9,4,8,0,,,,False,False
65,4;7;8;9,4,9,0,,,,False,False
65,4;7;8;9,4,10,0,,,,False,False
65,4;7;8;10,4,0,44,0.13896833699259303,0.3683063244819729,0.7506525013658502,False,False
65,4;7;8;10,4,1,44,0.13896833699259303,0.3683063244819729,0.7506525013658502,False,False
65,4;7;8;10,4,2,43,0.11417597988526493,0.46598386354504484,0.7510354628300103,False,False
65,4;7;8;10,4,3,42,0.10930457064000393,0.49078185736215024,0.7550319149425593,False,False
65,4;7;8;10,4,4,42,0.10930457064000393,0.49078185736215024,0.7550319149425593,False,False
65,4;7;8;10,4,5,39,0.0708416340918299,0.6682499218111003,0.8126373888437242,False,False
65,4;7;8;10,4,6,35,0.15393319156946414,0.37729770917927313,0.7506525013658502,False,False
65,4;7;8;10,4,7,0,,,,False,False
65,4;7;8;10,4,8,0,,,,False,False
65,4;7;8;10,4,9,0,,,,False,False
65,4;7;8;10,4,10,0,,,,False,False
65,4;7;9;10,4,0,44,0.10035423419465116,0.5168877027981218,0.756979384639706,False,False
65,4;7;9;10,4,1,44,0.10035423419465116,0.5168877027981218,0.756979384639706,False,False
65,4;7;9;10,4,2,43,0.07144522165348695,0.6489114328477009,0.8028726952635301,False,False
65,4;7;9;10,4,3,42,0.06677012834482382,0.6743901857775105,0.8163622566145243,False,False
65,4;7;9;10,4,4,42,0.06677012834482382,0.6743901857775105,0.8163622566145243,False,False
65,4;7;9;10,4,5,41,0.0658777183533396,0.6823758403510789,0.8182742407111392,False,False
65,4;7;9;10,4,6,35,0.17905943282446876,0.30338303579918546,0.7506525013658502,False,False
65,4;7;9;10,4,7,0,,,,False,False
65,4;7;9;10,4,8,0,,,,False,False
65,4;7;9;10,4,9,0,,,,False,False
65,4;7;9;10,4,10,0,,,,False,False
65,4;8;9;10,4,0,44,0.14413102839231787,0.35060314379115787,0.7506525013658502,False,False
65,4;8;9;10,4,1,44,0.14413102839231787,0.35060314379115787,0.7506525013658502,False,False
65,4;8;9;10,4,2,43,0.11750958513738945,0.4529768321461137,0.7509923134248312,False,False
65,4;8;9;10,4,3,42,0.11947054633196855,0.4510913417402126,0.7509923134248312,False,False
65,4;8;9;10,4,4,41,0.13525027587661764,0.3991578837058278,0.7506525013658502,False,False
65,4;8;9;10,4,5,41,0.13525027587661764,0.3991578837058278,0.7506525013658502,False,False
65,4;8;9;10,4,6,36,0.10181337642933831,0.5546142280039241,0.7667025748435622,False,False
65,4;8;9;10,4,7,0,,,,False,False
65,4;8;9;10,4,8,0,,,,False,False
65,4;8;9;10,4,9,0,,,,False,False
65,4;8;9;10,4,10,0,,,,False,False
65,5;6;7;8,4,0,44,0.16612550819114555,0.2811502005631348,0.7506525013658502,False,False
65,5;6;7;8,4,1,44,0.16612550819114555,0.2811502005631348,0.7506525013658502,False,False
65,5;6;7;8,4,2,44,0.16612550819114555,0.2811502005631348,0.7506525013658502,False,False
65,5;6;7;8,4,3,42,0.1346788459671477,0.3951237808976687,0.7506525013658502,False,False
65,5;6;7;8,4,4,41,0.07512082654307069,0.6406478589526792,0.799086253308895,False,False
65,5;6;7;8,4,5,38,0.1479172655118956,0.37548123767219366,0.7506525013658502,False,False
65,5;6;7;8,4,6,35,0.11657349361556137,0.5048417629794761,0.7558559619392049,False,False
65,5;6;7;8,4,7,0,,,,False,False
65,5;6;7;8,4,8,0,,,,False,False
65,5;6;7;8,4,9,0,,,,False,False
65,5;6;7;8,4,10,0,,,,False,False
65,5;6;7;9,4,0,44,0.10247588819453805,0.5080190969644349,0.7558559619392049,False,False
65,5;6;7;9,4,1,44,0.10247588819453805,0.5080190969644349,0.7558559619392049,False,False
65,5;6;7;9,4,2,44,0.10247588819453805,0.5080190969644349,0.7558559619392049,False,False
65,5;6;7;9,4,3,42,0.06546888345625236,0.6803944629571418,0.8176938320739783,False,False
65,5;6;7;9,4,4,42,0.06546888345625236,0.6803944629571418,0.8176938320739783,False,False
65,5;6;7;9,4,5,39,0.13876314336554463,0.3995261453275792,0.7506525013658502,False,False
65,5;6;7;9,4,6,35,0.13394320210495975,0.4430181659328733,0.7509923134248312,False,False
65,5;6;7;9,4,7,0,,,,False,False
65,5;6;7;9,4,8,0,,,,False,False
65,5;6;7;9,4,9,0,,,,False,False
65,5;6;7;9,4,10,0,,,,False,False
65,5;6;7;10,4,0,44,0.1338056455928682,0.38653516780645525,0.7506525013658502,False,False
65,5;6;7;10,4,1,44,0.1338056455928682,0.38653516780645525,0.7506525013658502,False,False
65,5;6;7;10,4,2,43,0.10319023530440001,0.5102261044556483,0.7560570109542406,False,False
65,5;6;7;10,4,3,42,0.09808133347607495,0.53660842993373,0.7607575480089929,False,False
65,5;6;7;10,4,4,42,0.09808133347607495,0.53660842993373,0.7607575480089929,False,False
65,5;6;7;10,4,5,39,0.1517753648679547,0.35634213904248274,0.7506525013658502,False,False
65,5;6;7;10,4,6,34,0.12092010825627231,0.49573699244177666,0.7558129676892907,False,False
65,5;6;7;10,4,7,0,,,,False,False
65,5;6;7;10,4,8,0,,,,False,False
65,5;6;7;10,4,9,0,,,,False,False
65,5;6;7;10,4,10,0,,,,False,False
65,5;6;8;9,4,0,44,0.12560191679330546,0.41656876887099353,0.7506525013658502,False,False
65,5;6;8;9,4,1,44,0.12560191679330546,0.41656876887099353,0.7506525013658502,False,False
65,5;6;8;9,4,2,44,0.12560191679330546,0.41656876887099353,0.7506525013658502,False,False
65,5;6;8;9,4,3,42,0.09718672761518204,0.5403482657780725,0.7614936820923571,False,False
65,5;6;8;9,4,4,42,0.09718672761518204,0.5403482657780725,0.7614936820923571,False,False
65,5;6;8;9,4,5,38,0.047182935563627106,0.7784835731719906,0.8720322009473993,False,False
65,5;6;8;9,4,6,36,0.14951659558461178,0.38411107980800996,0.7506525013658502,False,False
65,5;6;8;9,4,7,0,,,,False,False
65,5;6;8;9,4,8,0,,,,False,False
65,5;6;8;9,4,9,0,,,,False,False
65,5;6;8;9,4,10,0,,,,False,False
65,5;6;8;10,4,0,44,0.16202364379136416,0.2933661878134555,0.7506525013658502,False,False
65,5;6;8;10,4,1,44,0.16202364379136416,0.2933661878134555,0.7506525013658502,False,False
65,5;6;8;10,4,2,43,0.13387455637509166,0.39207086535293906,0.7506525013658502,False,False
65,5;6;8;10,4,3,42,0.13419087913393338,0.396854208103341,0.7506525013658502,False,False
65,5;6;8;10,4,4,42,0.13419087913393338,0.396854208103341,0.7506525013658502,False,False
65,5;6;8;10,4,5,38,0.10610674113959863,0.5260613184325972,0.7595331817189964,False,False
65,5;6;8;10,4,6,35,0.15575904146946692,0.3715960592982309,0.7506525013658502,False,False
65,5;6;8;10,4,7,0,,,,False,False
65,5;6;8;10,4,8,0,,,,False,False
65,5;6;8;10,4,9,0,,,,False,False
65,5;6;8;10,4,10,0,,,,False,False
65,5;6;9;10,4,0,44,0.08925091159524295,0.5645259985270089,0.7702983582744148,False,False
65,5;6;9;10,4,1,44,0.08925091159524295,0.5645259985270089,0.7702983582744148,False,False
65,5;6;9;10,4,2,43,0.053868030324103096,0.731540752591949,0.8442334854729179,False,False
65,5;6;9;10,4,3,42,0.05115518968196611,0.7476577482888594,0.8528208988020998,False,False
65,5;6;9;10,4,4,42,0.05115518968196611,0.7476577482888594,0.8528208988020998,False,False
65,5;6;9;10,4,5,40,0.12327150805763959,0.4485632619114317,0.7509923134248312,False,False
65,5;6;9;10,4,6,35,0.117920615494293,0.4998971329515853,0.7558129676892907,False,False
65,5;6;9;10,4,7,0,,,,False,False
65,5;6;9;10,4,8,0,,,,False,False
65,5;6;9;10,4,9,0,,,,False,False
65,5;6;9;10,4,10,0,,,,False,False
65,5;7;8;9,4,0,44,0.06364961999660748,0.6814641954145711,0.8176938320739783,False,False
65,5;7;8;9,4,1,44,0.06364961999660748,0.6814641954145711,0.8176938320739783,False,False
65,5;7;8;9,4,2,44,0.06364961999660748,0.6814641954145711,0.8176938320739783,False,False
65,5;7;8;9,4,3,42,0.027570126076608133,0.8624034365053458,0.918790202992081,False,False
65,5;7;8;9,4,4,42,0.027570126076608133,0.8624034365053458,0.918790202992081,False,False
65,5;7;8;9,4,5,40,-0.01806983314463157,0.9118791084583051,0.9504026744586646,False,False
65,5;7;8;9,4,6,36,0.12124014097923186,0.48120040434847594,0.7521975241439104,False,False
65,5;7;8;9,4,7,0,,,,False,False
65,5;7;8;9,4,8,0,,,,False,False
65,5;7;8;9,4,9,0,,,,False,False
65,5;7;8;9,4,10,0,,,,False,False
65,5;7;8;10,4,0,44,0.10014206879466245,0.517778794312134,0.756979384639706,False,False
65,5;7;8;10,4,1,44,0.10014206879466245,0.517778794312134,0.756979384639706,False,False
65,5;7;8;10,4,2,43,0.06932383649304406,0.6586892694809723,0.8078115756481559,False,False
65,5;7;8;10,4,3,42,0.06351701612339514,0.6894374371167652,0.821705364476319,False,False
65,5;7;8;10,4,4,42,0.06351701612339514,0.6894374371167652,0.821705364476319,False,False
65,5;7;8;10,4,5,40,0.03228100400316994,0.8432481813442949,0.9073521769132954,False,False
65,5;7;8;10,4,6,35,0.15070284174638235,0.3875103331655725,0.7506525013658502,False,False
65,5;7;8;10,4,7,0,,,,False,False
65,5;7;8;10,4,8,0,,,,False,False
65,5;7;8;10,4,9,0,,,,False,False
65,5;7;8;10,4,10,0,,,,False,False
65,5;7;9;10,4,0,44,0.04561556099756871,0.7687413180654614,0.8666503793129252,False,False
65,5;7;9;10,4,1,44,0.04561556099756871,0.7687413180654614,0.8666503793129252,False,False
65,5;7;9;10,4,2,43,0.011970673405356243,0.9392706943820048,0.9668576255980681,False,False
65,5;7;9;10,4,3,42,0.0054489629708930525,0.9726795282210002,0.985101049858313,False,False
65,5;7;9;10,4,4,42,0.0054489629708930525,0.9726795282210002,0.985101049858313,False,False
65,5;7;9;10,4,5,41,0.03381256896915441,0.8337687849714553,0.9025271623047841,False,False
65,5;7;9;10,4,6,36,0.18533281421563008,0.2791806987001134,0.7506525013658502,False,False
65,5;7;9;10,4,7,0,,,,False,False
65,5;7;9;10,4,8,0,,,,False,False
65,5;7;9;10,4,9,0,,,,False,False
65,5;7;9;10,4,10,0,,,,False,False
65,5;8;9;10,4,0,44,0.07447005539603076,0.6309247370660731,0.7951929954445809,False,False
65,5;8;9;10,4,1,44,0.07447005539603076,0.6309247370660731,0.7951929954445809,False,False
65,5;8;9;10,4,2,43,0.04083666433852541,0.7948626072364827,0.8813792412010313,False,False
65,5;8;9;10,4,3,42,0.03594689004678701,0.8211975793306218,0.895713491083482,False,False
65,5;8;9;10,4,4,41,0.08160449461806257,0.612006210077523,0.7841665053262773,False,False
65,5;8;9;10,4,5,41,0.08160449461806257,0.612006210077523,0.7841665053262773,False,False
65,5;8;9;10,4,6,37,0.11343016287782533,0.5038465235632156,0.7558559619392049,False,False
65,5;8;9;10,4,7,0,,,,False,False
65,5;8;9;10,4,8,0,,,,False,False
65,5;8;9;10,4,9,0,,,,False,False
65,5;8;9;10,4,10,0,,,,False,False
65,6;7;8;9,4,0,44,0.096323091594866,0.5339483279721525,0.760535689565614,False,False
65,6;7;8;9,4,1,44,0.096323091594866,0.5339483279721525,0.760535689565614,False,False
65,6;7;8;9,4,2,44,0.096323091594866,0.5339483279721525,0.760535689565614,False,False
65,6;7;8;9,4,3,42,0.07457759767625267,0.6387931796030162,0.7982315911922963,False,False
65,6;7;8;9,4,4,42,0.07457759767625267,0.6387931796030162,0.7982315911922963,False,False
65,6;7;8;9,4,5,40,0.07979346312248352,0.624532256132377,0.7902938711451004,False,False
65,6;7;8;9,4,6,35,0.020927048853877882,0.9050197089175471,0.9471100633527244,False,False
65,6;7;8;9,4,7,0,,,,False,False
65,6;7;8;9,4,8,0,,,,False,False
65,6;7;8;9,4,9,0,,,,False,False
65,6;7;8;9,4,10,0,,,,False,False
65,6;7;8;10,4,0,44,0.17164180859085154,0.26525402808866577,0.7506525013658502,False,False
65,6;7;8;10,4,1,44,0.17164180859085154,0.26525402808866577,0.7506525013658502,False,False
65,6;7;8;10,4,2,43,0.14637557607055862,0.3489525103450793,0.7506525013658502,False,False
65,6;7;8;10,4,3,42,0.14549544410339807,0.3579033773647351,0.7506525013658502,False,False
65,6;7;8;10,4,4,42,0.14549544410339807,0.3579033773647351,0.7506525013658502,False,False
65,6;7;8;10,4,5,39,0.10512481381704528,0.524181409210991,0.7595331817189964,False,False
65,6;7;8;10,4,6,35,0.080056495615506,0.6475596615867719,0.8023796636191541,False,False
65,6;7;8;10,4,7,0,,,,False,False
65,6;7;8;10,4,8,0,,,,False,False
65,6;7;8;10,4,9,0,,,,False,False
65,6;7;8;10,4,10,0,,,,False,False
65,6;7;9;10,4,0,44,0.07708676199589129,0.6189377599186441,0.7864333987845702,False,False
65,6;7;9;10,4,1,44,0.07708676199589129,0.6189377599186441,0.7864333987845702,False,False
65,6;7;9;10,4,2,43,0.047200819819854044,0.7637473826005544,0.8638740878871674,False,False
65,6;7;9;10,4,3,42,0.04107054179553719,0.796218700363825,0.8818783032715294,False,False
65,6;7;9;10,4,4,42,0.04107054179553719,0.796218700363825,0.8818783032715294,False,False
65,6;7;9;10,4,5,41,0.10004450007598704,0.533710978737463,0.760535689565614,False,False
65,6;7;9;10,4,6,35,0.06746352257122842,0.7001901160063033,0.8274402033540069,False,False
65,6;7;9;10,4,7,0,,,,False,False
65,6;7;9;10,4,8,0,,,,False,False
65,6;7;9;10,4,9,0,,,,False,False
65,6;7;9;10,4,10,0,,,,False,False
65,6;8;9;10,4,0,44,0.1120940529940254,0.46880164755459586,0.7510354628300103,False,False
65,6;8;9;10,4,1,44,0.1120940529940254,0.46880164755459586,0.7510354628300103,False,False
65,6;8;9;10,4,2,43,0.08220367496716154,0.6002439062060153,0.7806019544294912,False,False
65,6;8;9;10,4,3,42,0.08425560653500301,0.5957618844582669,0.7785811597048389,False,False
65,6;8;9;10,4,4,42,0.08425560653500301,0.5957618844582669,0.7785811597048389,False,False
65,6;8;9;10,4,5,40,0.14879378230032558,0.359494441909836,0.7506525013658502,False,False
65,6;8;9;10,4,6,36,-0.012387939337409986,0.9428349805011057,0.9691826113149753,False,False
65,6;8;9;10,4,7,0,,,,False,False
65,6;8;9;10,4,8,0,,,,False,False
65,6;8;9;10,4,9,0,,,,False,False
65,6;8;9;10,4,10,0,,,,False,False
65,7;8;9;10,4,0,44,0.06096219159675073,0.6942441064021465,0.8233666737453104,False,False
65,7;8;9;10,4,1,44,0.06096219159675073,0.6942441064021465,0.8233666737453104,False,False
65,7;8;9;10,4,2,43,0.03204806867383349,0.8383433896047556,0.9049276827169238,False,False
65,7;8;9;10,4,3,42,0.026756848021250963,0.8664250828940985,0.9217901220301834,False,False
65,7;8;9;10,4,4,42,0.026756848021250963,0.8664250828940985,0.9217901220301834,False,False
65,7;8;9;10,4,5,40,0.09609010229515018,0.5553088764474275,0.7667025748435622,False,False
65,7;8;9;10,4,6,38,0.026339009396455254,0.8752701995448106,0.9271917288849406,False,False
65,7;8;9;10,4,7,0,,,,False,False
65,7;8;9;10,4,8,0,,,,False,False
65,7;8;9;10,4,9,0,,,,False,False
65,7;8;9;10,4,10,0,,,,False,False
65,1;2;3;4;5,5,0,43,0.19198258212077718,0.21745314103053404,0.7506525013658502,False,False
65,1;2;3;4;5,5,1,43,0.19198258212077718,0.21745314103053404,0.7506525013658502,False,False
65,1;2;3;4;5,5,2,41,0.24815463905446344,0.11772162308699273,0.7506525013658502,False,False
65,1;2;3;4;5,5,3,39,0.22026014853149475,0.17785584849504982,0.7506525013658502,False,False
65,1;2;3;4;5,5,4,37,0.20972628606948546,0.21282287208629197,0.7506525013658502,False,False
65,1;2;3;4;5,5,5,35,0.1577253413617776,0.36551317895248514,0.7506525013658502,False,False
65,1;2;3;4;5,5,6,0,,,,False,False
65,1;2;3;4;5,5,7,0,,,,False,False
65,1;2;3;4;5,5,8,0,,,,False,False
65,1;2;3;4;5,5,9,0,,,,False,False
65,1;2;3;4;5,5,10,0,,,,False,False
65,1;2;3;4;6,5,0,43,0.274520691844238,0.0748292761153285,0.7506525013658502,False,False
65,1;2;3;4;6,5,1,43,0.274520691844238,0.0748292761153285,0.7506525013658502,False,False
65,1;2;3;4;6,5,2,41,0.21422793012101318,0.1786308942756513,0.7506525013658502,False,False
65,1;2;3;4;6,5,3,39,0.16989176048556512,0.3011384243994449,0.7506525013658502,False,False
65,1;2;3;4;6,5,4,37,0.13577518066403196,0.422979824064993,0.7506525013658502,False,False
65,1;2;3;4;6,5,5,34,0.15785514766027947,0.37259357827578476,0.7506525013658502,False,False
65,1;2;3;4;6,5,6,0,,,,False,False
65,1;2;3;4;6,5,7,0,,,,False,False
65,1;2;3;4;6,5,8,0,,,,False,False
65,1;2;3;4;6,5,9,0,,,,False,False
65,1;2;3;4;6,5,10,0,,,,False,False
65,1;2;3;4;7,5,0,43,0.13043901454001483,0.40444342200382505,0.7506525013658502,False,False
65,1;2;3;4;7,5,1,43,0.13043901454001483,0.40444342200382505,0.7506525013658502,False,False
65,1;2;3;4;7,5,2,42,0.11955187413750427,0.45078103705881145,0.7509923134248312,False,False
65,1;2;3;4;7,5,3,40,0.1592741705967976,0.3262570515186346,0.7506525013658502,False,False
65,1;2;3;4;7,5,4,37,0.14944781269237145,0.377329700723019,0.7506525013658502,False,False
65,1;2;3;4;7,5,5,34,0.1606137813087115,0.3641891469319868,0.7506525013658502,False,False
65,1;2;3;4;7,5,6,0,,,,False,False
65,1;2;3;4;7,5,7,0,,,,False,False
65,1;2;3;4;7,5,8,0,,,,False,False
65,1;2;3;4;7,5,9,0,,,,False,False
65,1;2;3;4;7,5,10,0,,,,False,False
65,1;2;3;4;8,5,0,43,0.20850536257965183,0.17966946354601604,0.7506525013658502,False,False
65,1;2;3;4;8,5,1,43,0.20850536257965183,0.17966946354601604,0.7506525013658502,False,False
65,1;2;3;4;8,5,2,42,0.19225893228643548,0.22254183445367043,0.7506525013658502,False,False
65,1;2;3;4;8,5,3,40,0.14933731548662138,0.35772214122644175,0.7506525013658502,False,False
65,1;2;3;4;8,5,4,36,0.07161314168827777,0.6781065040635508,0.817118967387872,False,False
65,1;2;3;4;8,5,5,35,0.14073089229252106,0.42003351305840136,0.7506525013658502,False,False
65,1;2;3;4;8,5,6,0,,,,False,False
65,1;2;3;4;8,5,7,0,,,,False,False
65,1;2;3;4;8,5,8,0,,,,False,False
65,1;2;3;4;8,5,9,0,,,,False,False
65,1;2;3;4;8,5,10,0,,,,False,False
65,1;2;3;4;9,5,0,43,0.20721688887414322,0.182434608787961,0.7506525013658502,False,False
65,1;2;3;4;9,5,1,43,0.20721688887414322,0.182434608787961,0.7506525013658502,False,False
65,1;2;3;4;9,5,2,42,0.19087635959232824,0.22594928736319767,0.7506525013658502,False,False
65,1;2;3;4;9,5,3,41,0.1638625065497056,0.3059654054170669,0.7506525013658502,False,False
65,1;2;3;4;9,5,4,38,0.10752728625112029,0.5205047513274189,0.7591589140732606,False,False
65,1;2;3;4;9,5,5,34,0.15816166251010522,0.37165414443806544,0.7506525013658502,False,False
65,1;2;3;4;9,5,6,0,,,,False,False
65,1;2;3;4;9,5,7,0,,,,False,False
65,1;2;3;4;9,5,8,0,,,,False,False
65,1;2;3;4;9,5,9,0,,,,False,False
65,1;2;3;4;9,5,10,0,,,,False,False
65,1;2;3;4;10,5,0,42,0.19827718989607857,0.2081222634647726,0.7506525013658502,False,False
65,1;2;3;4;10,5,1,42,0.19827718989607857,0.2081222634647726,0.7506525013658502,False,False
65,1;2;3;4;10,5,2,42,0.19827718989607857,0.2081222634647726,0.7506525013658502,False,False
65,1;2;3;4;10,5,3,41,0.17933938150130532,0.26188562722073944,0.7506525013658502,False,False
65,1;2;3;4;10,5,4,37,0.08353160468981154,0.6230558341949421,0.7889985548257121,False,False
65,1;2;3;4;10,5,5,34,0.2076638107569696,0.2386027026663071,0.7506525013658502,False,False
65,1;2;3;4;10,5,6,0,,,,False,False
65,1;2;3;4;10,5,7,0,,,,False,False
65,1;2;3;4;10,5,8,0,,,,False,False
65,1;2;3;4;10,5,9,0,,,,False,False
65,1;2;3;4;10,5,10,0,,,,False,False
65,1;2;3;5;6,5,0,43,0.16136238347222054,0.3012587264015655,0.7506525013658502,False,False
65,1;2;3;5;6,5,1,43,0.16136238347222054,0.3012587264015655,0.7506525013658502,False,False
65,1;2;3;5;6,5,2,41,0.21693856923683008,0.17306675432962976,0.7506525013658502,False,False
65,1;2;3;5;6,5,3,39,0.1924356761028965,0.24052741771292313,0.7506525013658502,False,False
65,1;2;3;5;6,5,4,38,0.14967426346897825,0.36977238658034295,0.7506525013658502,False,False
65,1;2;3;5;6,5,5,34,0.13731865272195184,0.4386775776651085,0.7509041397983071,False,False
65,1;2;3;5;6,5,6,0,,,,False,False
65,1;2;3;5;6,5,7,0,,,,False,False
65,1;2;3;5;6,5,8,0,,,,False,False
65,1;2;3;5;6,5,9,0,,,,False,False
65,1;2;3;5;6,5,10,0,,,,False,False
65,1;2;3;5;7,5,0,43,0.023040941557329754,0.8834029603081275,0.9319499201739355,False,False
65,1;2;3;5;7,5,1,43,0.023040941557329754,0.8834029603081275,0.9319499201739355,False,False
65,1;2;3;5;7,5,2,42,0.010084647886428932,0.9494597864817466,0.9711613424591744,False,False
65,1;2;3;5;7,5,3,40,0.1462760419496314,0.3677729116022714,0.7506525013658502,False,False
65,1;2;3;5;7,5,4,38,0.1590083151159798,0.3403191520237288,0.7506525013658502,False,False
65,1;2;3;5;7,5,5,34,0.12475154387909464,0.482077430010512,0.7521975241439104,False,False
65,1;2;3;5;7,5,6,0,,,,False,False
65,1;2;3;5;7,5,7,0,,,,False,False
65,1;2;3;5;7,5,8,0,,,,False,False
65,1;2;3;5;7,5,9,0,,,,False,False
65,1;2;3;5;7,5,10,0,,,,False,False
65,1;2;3;5;8,5,0,43,0.12581566771436642,0.42144357400133536,0.7506525013658502,False,False
65,1;2;3;5;8,5,1,43,0.12581566771436642,0.42144357400133536,0.7506525013658502,False,False
65,1;2;3;5;8,5,2,42,0.10507552475214663,0.5078086908035101,0.7558559619392049,False,False
65,1;2;3;5;8,5,3,40,0.17427391826164007,0.2821460727870987,0.7506525013658502,False,False
65,1;2;3;5;8,5,4,37,0.1185357750630822,0.48471007256176846,0.7526877465585478,False,False
65,1;2;3;5;8,5,5,35,0.1314611928001993,0.4515907345816249,0.7509923134248312,False,False
65,1;2;3;5;8,5,6,0,,,,False,False
65,1;2;3;5;8,5,7,0,,,,False,False
65,1;2;3;5;8,5,8,0,,,,False,False
65,1;2;3;5;8,5,9,0,,,,False,False
65,1;2;3;5;8,5,10,0,,,,False,False
65,1;2;3;5;9,5,0,43,0.11952488432864809,0.4452103538509814,0.7509923134248312,False,False
65,1;2;3;5;9,5,1,43,0.11952488432864809,0.4452103538509814,0.7509923134248312,False,False
65,1;2;3;5;9,5,2,42,0.10247303497500368,0.5184329329118136,0.7572758958219277,False,False
65,1;2;3;5;9,5,3,41,0.17304370355489188,0.2792782099855138,0.7506525013658502,False,False
65,1;2;3;5;9,5,4,38,0.16162009453867365,0.3323431978309231,0.7506525013658502,False,False
65,1;2;3;5;9,5,5,35,0.2102613120136619,0.2253761282548218,0.7506525013658502,False,False
65,1;2;3;5;9,5,6,0,,,,False,False
65,1;2;3;5;9,5,7,0,,,,False,False
65,1;2;3;5;9,5,8,0,,,,False,False
65,1;2;3;5;9,5,9,0,,,,False,False
65,1;2;3;5;9,5,10,0,,,,False,False
65,1;2;3;5;10,5,0,42,0.14655270557536237,0.35438302417046424,0.7506525013658502,False,False
65,1;2;3;5;10,5,1,42,0.14655270557536237,0.35438302417046424,0.7506525013658502,False,False
65,1;2;3;5;10,5,2,42,0.14655270557536237,0.35438302417046424,0.7506525013658502,False,False
65,1;2;3;5;10,5,3,41,0.21798784889456568,0.17094667623558354,0.7506525013658502,False,False
65,1;2;3;5;10,5,4,38,0.1964018799892911,0.237280338624744,0.7506525013658502,False,False
65,1;2;3;5;10,5,5,34,0.2119550186545306,0.22882048280188724,0.7506525013658502,False,False
65,1;2;3;5;10,5,6,0,,,,False,False
65,1;2;3;5;10,5,7,0,,,,False,False
65,1;2;3;5;10,5,8,0,,,,False,False
65,1;2;3;5;10,5,9,0,,,,False,False
65,1;2;3;5;10,5,10,0,,,,False,False
65,1;2;3;6;7,5,0,43,0.07768738518507565,0.6204813193453029,0.786902173962373,False,False
65,1;2;3;6;7,5,1,43,0.07768738518507565,0.6204813193453029,0.786902173962373,False,False
65,1;2;3;6;7,5,2,42,0.06538755565071662,0.6807703829014966,0.8176938320739783,False,False
65,1;2;3;6;7,5,3,40,0.09428352736096653,0.5628022568515321,0.769655891326572,False,False
65,1;2;3;6;7,5,4,36,0.06262137207127523,0.716735943462538,0.8375798927824868,False,False
65,1;2;3;6;7,5,5,35,0.06268485638909975,0.7205434937578079,0.8380740568294672,False,False
65,1;2;3;6;7,5,6,0,,,,False,False
65,1;2;3;6;7,5,7,0,,,,False,False
65,1;2;3;6;7,5,8,0,,,,False,False
65,1;2;3;6;7,5,9,0,,,,False,False
65,1;2;3;6;7,5,10,0,,,,False,False
65,1;2;3;6;8,5,0,43,0.179249430207516,0.25009215113395683,0.7506525013658502,False,False
65,1;2;3;6;8,5,1,43,0.179249430207516,0.25009215113395683,0.7506525013658502,False,False
65,1;2;3;6;8,5,2,42,0.16468880620982734,0.2973035518735117,0.7506525013658502,False,False
65,1;2;3;6;8,5,3,40,0.08760746106997135,0.5908920301905654,0.7773945074295122,False,False
65,1;2;3;6;8,5,4,36,0.07295067055725878,0.672425972197715,0.8145755762592317,False,False
65,1;2;3;6;8,5,5,35,0.019101198953875114,0.913273884012599,0.9512108290080359,False,False
65,1;2;3;6;8,5,6,0,,,,False,False
65,1;2;3;6;8,5,7,0,,,,False,False
65,1;2;3;6;8,5,8,0,,,,False,False
65,1;2;3;6;8,5,9,0,,,,False,False
65,1;2;3;6;8,5,10,0,,,,False,False
65,1;2;3;6;9,5,0,43,0.12369347572882289,0.42938001875333515,0.7508724417021384,False,False
65,1;2;3;6;9,5,1,43,0.12369347572882289,0.42938001875333515,0.7508724417021384,False,False
65,1;2;3;6;9,5,2,42,0.10507552475214663,0.5078086908035101,0.7558559619392049,False,False
65,1;2;3;6;9,5,3,41,0.06759109795246662,0.6745653287604307,0.8163622566145243,False,False
65,1;2;3;6;9,5,4,38,0.13495940557841105,0.41917099092512466,0.7506525013658502,False,False
65,1;2;3;6;9,5,5,34,0.006743326696167278,0.9698075648164683,0.9839022082027358,False,False
65,1;2;3;6;9,5,6,0,,,,False,False
65,1;2;3;6;9,5,7,0,,,,False,False
65,1;2;3;6;9,5,8,0,,,,False,False
65,1;2;3;6;9,5,9,0,,,,False,False
65,1;2;3;6;9,5,10,0,,,,False,False
65,1;2;3;6;10,5,0,42,0.14980581779679109,0.3436837612257903,0.7506525013658502,False,False
65,1;2;3;6;10,5,1,42,0.14980581779679109,0.3436837612257903,0.7506525013658502,False,False
65,1;2;3;6;10,5,2,42,0.14980581779679109,0.3436837612257903,0.7506525013658502,False,False
65,1;2;3;6;10,5,3,41,0.11716956178047253,0.46565416686003624,0.7510354628300103,False,False
65,1;2;3;6;10,5,4,37,0.14160091083262877,0.40316268013998374,0.7506525013658502,False,False
65,1;2;3;6;10,5,5,34,0.0816862074785718,0.6460466003944628,0.8021967633715933,False,False
65,1;2;3;6;10,5,6,0,,,,False,False
65,1;2;3;6;10,5,7,0,,,,False,False
65,1;2;3;6;10,5,8,0,,,,False,False
65,1;2;3;6;10,5,9,0,,,,False,False
65,1;2;3;6;10,5,10,0,,,,False,False
65,1;2;3;7;8,5,0,43,0.08594877541451297,0.5836837773461379,0.7751190144410416,False,False
65,1;2;3;7;8,5,1,43,0.08594877541451297,0.5836837773461379,0.7751190144410416,False,False
65,1;2;3;7;8,5,2,42,0.07352033620428836,0.6435692171153354,0.8007789549806573,False,False
65,1;2;3;7;8,5,3,42,0.07352033620428836,0.6435692171153354,0.8007789549806573,False,False
65,1;2;3;7;8,5,4,36,0.1447392950348444,0.39965628894869704,0.7506525013658502,False,False
65,1;2;3;7;8,5,5,35,0.09044979504629098,0.6053406126013028,0.7816886922645369,False,False
65,1;2;3;7;8,5,6,0,,,,False,False
65,1;2;3;7;8,5,7,0,,,,False,False
65,1;2;3;7;8,5,8,0,,,,False,False
65,1;2;3;7;8,5,9,0,,,,False,False
65,1;2;3;7;8,5,10,0,,,,False,False
65,1;2;3;7;9,5,0,43,0.0224346009900316,0.8864510024087576,0.9340426256941677,False,False
65,1;2;3;7;9,5,1,43,0.0224346009900316,0.8864510024087576,0.9340426256941677,False,False
65,1;2;3;7;9,5,2,42,0.007888797136964568,0.9604546305771378,0.9784531999395286,False,False
65,1;2;3;7;9,5,3,42,0.007888797136964568,0.9604546305771378,0.9784531999395286,False,False
65,1;2;3;7;9,5,4,39,0.15482510428258203,0.3466454114321634,0.7506525013658502,False,False
65,1;2;3;7;9,5,5,34,0.03218405923170746,0.8566102147015685,0.9151946746725005,False,False
65,1;2;3;7;9,5,6,0,,,,False,False
65,1;2;3;7;9,5,7,0,,,,False,False
65,1;2;3;7;9,5,8,0,,,,False,False
65,1;2;3;7;9,5,9,0,,,,False,False
65,1;2;3;7;9,5,10,0,,,,False,False
65,1;2;3;7;10,5,0,42,0.038874691046072815,0.8069008992967042,0.8870270941770478,False,False
65,1;2;3;7;10,5,1,42,0.038874691046072815,0.8069008992967042,0.8870270941770478,False,False
65,1;2;3;7;10,5,2,42,0.038874691046072815,0.8069008992967042,0.8870270941770478,False,False
65,1;2;3;7;10,5,3,42,0.038874691046072815,0.8069008992967042,0.8870270941770478,False,False
65,1;2;3;7;10,5,4,38,0.12639404053763312,0.44955444673843287,0.7509923134248312,False,False
65,1;2;3;7;10,5,5,34,0.06544092043780517,0.7130935208230228,0.8356141604337286,False,False
65,1;2;3;7;10,5,6,0,,,,False,False
65,1;2;3;7;10,5,7,0,,,,False,False
65,1;2;3;7;10,5,8,0,,,,False,False
65,1;2;3;7;10,5,9,0,,,,False,False
65,1;2;3;7;10,5,10,0,,,,False,False
65,1;2;3;8;9,5,0,43,0.1143709895066138,0.46521752042582337,0.7510354628300103,False,False
65,1;2;3;8;9,5,1,43,0.1143709895066138,0.46521752042582337,0.7510354628300103,False,False
65,1;2;3;8;9,5,2,42,0.09425892661589624,0.5526746826991866,0.7667025748435622,False,False
65,1;2;3;8;9,5,3,42,0.09425892661589624,0.5526746826991866,0.7667025748435622,False,False
65,1;2;3;8;9,5,4,38,0.07977207942966723,0.6340165552021949,0.7966381056672291,False,False
65,1;2;3;8;9,5,5,35,0.07120814610010796,0.6843824031694797,0.8188860737573265,False,False
65,1;2;3;8;9,5,6,0,,,,False,False
65,1;2;3;8;9,5,7,0,,,,False,False
65,1;2;3;8;9,5,8,0,,,,False,False
65,1;2;3;8;9,5,9,0,,,,False,False
65,1;2;3;8;9,5,10,0,,,,False,False
65,1;2;3;8;10,5,0,42,0.13410955132839764,0.3971430396167898,0.7506525013658502,False,False
65,1;2;3;8;10,5,1,42,0.13410955132839764,0.3971430396167898,0.7506525013658502,False,False
65,1;2;3;8;10,5,2,42,0.13410955132839764,0.3971430396167898,0.7506525013658502,False,False
65,1;2;3;8;10,5,3,42,0.13410955132839764,0.3971430396167898,0.7506525013658502,False,False
65,1;2;3;8;10,5,4,37,0.06440515811566566,0.7049042278039139,0.8301814937498933,False,False
65,1;2;3;8;10,5,5,35,0.12120834336172223,0.4879332251850825,0.7538666504808756,False,False
65,1;2;3;8;10,5,6,0,,,,False,False
65,1;2;3;8;10,5,7,0,,,,False,False
65,1;2;3;8;10,5,8,0,,,,False,False
65,1;2;3;8;10,5,9,0,,,,False,False
65,1;2;3;8;10,5,10,0,,,,False,False
65,1;2;3;9;10,5,0,42,0.06034523170750216,0.7042232134368708,0.8298681041381645,False,False
65,1;2;3;9;10,5,1,42,0.06034523170750216,0.7042232134368708,0.8298681041381645,False,False
65,1;2;3;9;10,5,2,42,0.06034523170750216,0.7042232134368708,0.8298681041381645,False,False
65,1;2;3;9;10,5,3,42,0.06034523170750216,0.7042232134368708,0.8298681041381645,False,False
65,1;2;3;9;10,5,4,39,0.0982030496855849,0.5520005043182625,0.7661407812984833,False,False
65,1;2;3;9;10,5,5,35,0.028089998461581046,0.8727402403895569,0.9253095092704605,False,False
65,1;2;3;9;10,5,6,0,,,,False,False
65,1;2;3;9;10,5,7,0,,,,False,False
65,1;2;3;9;10,5,8,0,,,,False,False
65,1;2;3;9;10,5,9,0,,,,False,False
65,1;2;3;9;10,5,10,0,,,,False,False
65,1;2;4;5;6,5,0,44,0.33352400878222327,0.026936646812680494,0.7506525013658502,True,False
65,1;2;4;5;6,5,1,44,0.33352400878222327,0.026936646812680494,0.7506525013658502,True,False
65,1;2;4;5;6,5,2,41,0.293710864194483,0.06234256785052339,0.7506525013658502,False,False
65,1;2;4;5;6,5,3,38,0.2191854951460606,0.18611518675410993,0.7506525013658502,False,False
65,1;2;4;5;6,5,4,37,0.16811392772236533,0.3199304079523163,0.7506525013658502,False,False
65,1;2;4;5;6,5,5,35,0.11811844353094832,0.4991730725269411,0.7558129676892907,False,False
65,1;2;4;5;6,5,6,0,,,,False,False
65,1;2;4;5;6,5,7,0,,,,False,False
65,1;2;4;5;6,5,8,0,,,,False,False
65,1;2;4;5;6,5,9,0,,,,False,False
65,1;2;4;5;6,5,10,0,,,,False,False
65,1;2;4;5;7,5,0,44,0.09879835459473409,0.5234401046879852,0.7595331817189964,False,False
65,1;2;4;5;7,5,1,44,0.09879835459473409,0.5234401046879852,0.7595331817189964,False,False
65,1;2;4;5;7,5,2,42,0.06449294978982374,0.6849105203316889,0.8193583887823884,False,False
65,1;2;4;5;7,5,3,39,0.1976231140678526,0.22784094635665347,0.7506525013658502,False,False
65,1;2;4;5;7,5,4,37,0.16002924095778198,0.34408416520165847,0.7506525013658502,False,False
65,1;2;4;5;7,5,5,35,0.10266894437707874,0.5572755692523893,0.7680825267932303,False,False
65,1;2;4;5;7,5,6,0,,,,False,False
65,1;2;4;5;7,5,7,0,,,,False,False
65,1;2;4;5;7,5,8,0,,,,False,False
65,1;2;4;5;7,5,9,0,,,,False,False
65,1;2;4;5;7,5,10,0,,,,False,False
65,1;2;4;5;8,5,0,44,0.20473961098908744,0.18247778411233173,0.7506525013658502,False,False
65,1;2;4;5;8,5,1,44,0.20473961098908744,0.18247778411233173,0.7506525013658502,False,False
65,1;2;4;5;8,5,2,42,0.18127967853911364,0.2505881589844208,0.7506525013658502,False,False
65,1;2;4;5;8,5,3,38,0.20958001610820412,0.20663905393267226,0.7506525013658502,False,False
65,1;2;4;5;8,5,4,37,0.17905203334503692,0.28898635460353406,0.7506525013658502,False,False
65,1;2;4;5;8,5,5,36,0.12387138021756156,0.47166181908128474,0.7510354628300103,False,False
65,1;2;4;5;8,5,6,0,,,,False,False
65,1;2;4;5;8,5,7,0,,,,False,False
65,1;2;4;5;8,5,8,0,,,,False,False
65,1;2;4;5;8,5,9,0,,,,False,False
65,1;2;4;5;8,5,10,0,,,,False,False
65,1;2;4;5;9,5,0,44,0.18210863499029367,0.23676121277499465,0.7506525013658502,False,False
65,1;2;4;5;9,5,1,44,0.18210863499029367,0.23676121277499465,0.7506525013658502,False,False
65,1;2;4;5;9,5,2,42,0.15541743637875555,0.32569979627138673,0.7506525013658502,False,False
65,1;2;4;5;9,5,3,40,0.15780635039134472,0.33079279172151704,0.7506525013658502,False,False
65,1;2;4;5;9,5,4,37,0.17596082958210799,0.29752877149148726,0.7506525013658502,False,False
65,1;2;4;5;9,5,5,36,0.15674710452480026,0.3612675551070348,0.7506525013658502,False,False
65,1;2;4;5;9,5,6,0,,,,False,False
65,1;2;4;5;9,5,7,0,,,,False,False
65,1;2;4;5;9,5,8,0,,,,False,False
65,1;2;4;5;9,5,9,0,,,,False,False
65,1;2;4;5;9,5,10,0,,,,False,False
65,1;2;4;5;10,5,0,43,0.15827048572018476,0.31073845973630804,0.7506525013658502,False,False
65,1;2;4;5;10,5,1,43,0.15827048572018476,0.31073845973630804,0.7506525013658502,False,False
65,1;2;4;5;10,5,2,42,0.1546854861289341,0.3280115298889664,0.7506525013658502,False,False
65,1;2;4;5;10,5,3,40,0.16138216512889456,0.3198113273479999,0.7506525013658502,False,False
65,1;2;4;5;10,5,4,37,0.17643639939178937,0.29620415800383887,0.7506525013658502,False,False
65,1;2;4;5;10,5,5,35,0.10196669441553921,0.5599892275223649,0.7692215166831052,False,False
65,1;2;4;5;10,5,6,0,,,,False,False
65,1;2;4;5;10,5,7,0,,,,False,False
65,1;2;4;5;10,5,8,0,,,,False,False
65,1;2;4;5;10,5,9,0,,,,False,False
65,1;2;4;5;10,5,10,0,,,,False,False
65,1;2;4;6;7,5,0,44,0.1558708471916921,0.31232408224553804,0.7506525013658502,False,False
65,1;2;4;6;7,5,1,44,0.1558708471916921,0.31232408224553804,0.7506525013658502,False,False
65,1;2;4;6;7,5,2,42,0.1370373523276835,0.38682211007983247,0.7506525013658502,False,False
65,1;2;4;6;7,5,3,39,0.20494248866295822,0.21073035914683144,0.7506525013658502,False,False
65,1;2;4;6;7,5,4,37,0.11199669017996332,0.5092870448229253,0.7558559619392049,False,False
65,1;2;4;6;7,5,5,34,0.09762497966951264,0.5828207363953292,0.7751190144410416,False,False
65,1;2;4;6;7,5,6,0,,,,False,False
65,1;2;4;6;7,5,7,0,,,,False,False
65,1;2;4;6;7,5,8,0,,,,False,False
65,1;2;4;6;7,5,9,0,,,,False,False
65,1;2;4;6;7,5,10,0,,,,False,False
65,1;2;4;6;8,5,0,44,0.2612463291860756,0.08672854941120035,0.7506525013658502,False,False
65,1;2;4;6;8,5,1,44,0.2612463291860756,0.08672854941120035,0.7506525013658502,False,False
65,1;2;4;6;8,5,2,42,0.24276349952411586,0.12136163486243973,0.7506525013658502,False,False
65,1;2;4;6;8,5,3,39,0.14623825392682757,0.37436140668539064,0.7506525013658502,False,False
65,1;2;4;6;8,5,4,36,0.022322654976706408,0.8971795841448776,0.9424374462041696,False,False
65,1;2;4;6;8,5,5,35,0.07289354600780282,0.6773099142836237,0.8170155842762705,False,False
65,1;2;4;6;8,5,6,0,,,,False,False
65,1;2;4;6;8,5,7,0,,,,False,False
65,1;2;4;6;8,5,8,0,,,,False,False
65,1;2;4;6;8,5,9,0,,,,False,False
65,1;2;4;6;8,5,10,0,,,,False,False
65,1;2;4;6;9,5,0,44,0.21266045258866526,0.16576766654457592,0.7506525013658502,False,False
65,1;2;4;6;9,5,1,44,0.21266045258866526,0.16576766654457592,0.7506525013658502,False,False
65,1;2;4;6;9,5,2,42,0.1862406746767924,0.23763493102185343,0.7506525013658502,False,False
65,1;2;4;6;9,5,3,41,0.13185947698877057,0.41119118296783125,0.7506525013658502,False,False
65,1;2;4;6;9,5,4,37,0.0789445884071079,0.6423285931586455,0.8003700908262799,False,False
65,1;2;4;6;9,5,5,34,0.06590069271254385,0.7111637303162647,0.8349921244902168,False,False
65,1;2;4;6;9,5,6,0,,,,False,False
65,1;2;4;6;9,5,7,0,,,,False,False
65,1;2;4;6;9,5,8,0,,,,False,False
65,1;2;4;6;9,5,9,0,,,,False,False
65,1;2;4;6;9,5,10,0,,,,False,False
65,1;2;4;6;10,5,0,43,0.21372955491462,0.16876533925061407,0.7506525013658502,False,False
65,1;2;4;6;10,5,1,43,0.21372955491462,0.16876533925061407,0.7506525013658502,False,False
65,1;2;4;6;10,5,2,42,0.21096432755965044,0.17988951678805037,0.7506525013658502,False,False
65,1;2;4;6;10,5,3,41,0.15922818806137348,0.3200328443501986,0.7506525013658502,False,False
65,1;2;4;6;10,5,4,36,0.02800009323667798,0.8712246368898546,0.9248007314297118,False,False
65,1;2;4;6;10,5,5,34,0.07908083125505261,0.6566332986405331,0.8063558539631402,False,False
65,1;2;4;6;10,5,6,0,,,,False,False
65,1;2;4;6;10,5,7,0,,,,False,False
65,1;2;4;6;10,5,8,0,,,,False,False
65,1;2;4;6;10,5,9,0,,,,False,False
65,1;2;4;6;10,5,10,0,,,,False,False
65,1;2;4;7;8,5,0,44,0.11411364528249489,0.46077727391472395,0.7510354628300103,False,False
65,1;2;4;7;8,5,1,44,0.11411364528249489,0.46077727391472395,0.7510354628300103,False,False
65,1;2;4;7;8,5,2,42,0.09381542472771895,0.5545533853884936,0.7667025748435622,False,False
65,1;2;4;7;8,5,3,41,0.15081665655842694,0.3465859727743104,0.7506525013658502,False,False
65,1;2;4;7;8,5,4,36,0.056129219161082586,0.7450702791928286,0.8526391067588573,False,False
65,1;2;4;7;8,5,5,35,0.1148880937078665,0.5110624762993206,0.7560570109542406,False,False
65,1;2;4;7;8,5,6,0,,,,False,False
65,1;2;4;7;8,5,7,0,,,,False,False
65,1;2;4;7;8,5,8,0,,,,False,False
65,1;2;4;7;8,5,9,0,,,,False,False
65,1;2;4;7;8,5,10,0,,,,False,False
65,1;2;4;7;9,5,0,44,0.10063712139463608,0.515700772980947,0.756979384639706,False,False
65,1;2;4;7;9,5,1,44,0.10063712139463608,0.515700772980947,0.756979384639706,False,False
65,1;2;4;7;9,5,2,42,0.08002656064714572,0.6144095966368447,0.7848162741636515,False,False
65,1;2;4;7;9,5,3,42,0.08002656064714572,0.6144095966368447,0.7848162741636515,False,False
65,1;2;4;7;9,5,4,38,0.12650385290995078,0.4491575077850608,0.7509923134248312,False,False
65,1;2;4;7;9,5,5,34,0.10145641529233496,0.5680429501295767,0.7703040651288825,False,False
65,1;2;4;7;9,5,6,0,,,,False,False
65,1;2;4;7;9,5,7,0,,,,False,False
65,1;2;4;7;9,5,8,0,,,,False,False
65,1;2;4;7;9,5,9,0,,,,False,False
65,1;2;4;7;9,5,10,0,,,,False,False
65,1;2;4;7;10,5,0,43,0.061898988431493995,0.6933472647741244,0.8233582539159958,False,False
65,1;2;4;7;10,5,1,43,0.061898988431493995,0.6933472647741244,0.8233582539159958,False,False
65,1;2;4;7;10,5,2,42,0.055465563375359135,0.7271803378271142,0.8410096999454096,False,False
65,1;2;4;7;10,5,3,42,0.055465563375359135,0.7271803378271142,0.8410096999454096,False,False
65,1;2;4;7;10,5,4,37,0.04874590549234072,0.7744928067922761,0.868988002214603,False,False
65,1;2;4;7;10,5,5,34,0.07065167288484352,0.6913276277071297,0.8222314844152755,False,False
65,1;2;4;7;10,5,6,0,,,,False,False
65,1;2;4;7;10,5,7,0,,,,False,False
65,1;2;4;7;10,5,8,0,,,,False,False
65,1;2;4;7;10,5,9,0,,,,False,False
65,1;2;4;7;10,5,10,0,,,,False,False
65,1;2;4;8;9,5,0,44,0.17093459059088922,0.26725794192543556,0.7506525013658502,False,False
65,1;2;4;8;9,5,1,44,0.17093459059088922,0.26725794192543556,0.7506525013658502,False,False
65,1;2;4;8;9,5,2,42,0.14728465582518385,0.3519582260074818,0.7506525013658502,False,False
65,1;2;4;8;9,5,3,41,0.10397146530566859,0.5176896807542852,0.756979384639706,False,False
65,1;2;4;8;9,5,4,38,0.08295418438628394,0.6205036839774923,0.786902173962373,False,False
65,1;2;4;8;9,5,5,35,0.11207909386170839,0.521514506307529,0.7595331817189964,False,False
65,1;2;4;8;9,5,6,0,,,,False,False
65,1;2;4;8;9,5,7,0,,,,False,False
65,1;2;4;8;9,5,8,0,,,,False,False
65,1;2;4;8;9,5,9,0,,,,False,False
65,1;2;4;8;9,5,10,0,,,,False,False
65,1;2;4;8;10,5,0,43,0.16569533378173484,0.2882894298287373,0.7506525013658502,False,False
65,1;2;4;8;10,5,1,43,0.16569533378173484,0.2882894298287373,0.7506525013658502,False,False
65,1;2;4;8;10,5,2,42,0.1649327896264345,0.2965784797227657,0.7506525013658502,False,False
65,1;2;4;8;10,5,3,41,0.12275622584408771,0.4445014400801711,0.7509923134248312,False,False
65,1;2;4;8;10,5,4,37,0.04503607919896178,0.7912594033558823,0.8794475329862828,False,False
65,1;2;4;8;10,5,5,35,0.12584319310788308,0.4713209051446711,0.7510354628300103,False,False
65,1;2;4;8;10,5,6,0,,,,False,False
65,1;2;4;8;10,5,7,0,,,,False,False
65,1;2;4;8;10,5,8,0,,,,False,False
65,1;2;4;8;10,5,9,0,,,,False,False
65,1;2;4;8;10,5,10,0,,,,False,False
65,1;2;4;9;10,5,0,43,0.11076661087741031,0.47949035601262846,0.7519074874765345,False,False
65,1;2;4;9;10,5,1,43,0.11076661087741031,0.47949035601262846,0.7519074874765345,False,False
65,1;2;4;9;10,5,2,42,0.10694606427946814,0.5002410131990147,0.7558559619392049,False,False
65,1;2;4;9;10,5,3,41,0.07312950963096186,0.649551335802833,0.8030174795405117,False,False
65,1;2;4;9;10,5,4,40,0.04526228654635468,0.7815278624076641,0.8724197090260369,False,False
65,1;2;4;9;10,5,5,34,0.0836785540024394,0.6379965635347943,0.7978853603001306,False,False
65,1;2;4;9;10,5,6,0,,,,False,False
65,1;2;4;9;10,5,7,0,,,,False,False
65,1;2;4;9;10,5,8,0,,,,False,False
65,1;2;4;9;10,5,9,0,,,,False,False
65,1;2;4;9;10,5,10,0,,,,False,False
65,1;2;5;6;7,5,0,44,0.08974596419521658,0.5623594060595516,0.7692215166831052,False,False
65,1;2;5;6;7,5,1,44,0.08974596419521658,0.5623594060595516,0.7692215166831052,False,False
65,1;2;5;6;7,5,2,42,0.058637347791252105,0.7122299701532026,0.8354456189900943,False,False
65,1;2;5;6;7,5,3,39,0.11954978505339231,0.46851119470715846,0.7510354628300103,False,False
65,1;2;5;6;7,5,4,38,0.08763027310949716,0.6008681738017704,0.7811831387804313,False,False
65,1;2;5;6;7,5,5,34,0.014712712791637696,0.934181866641857,0.9649033104681313,False,False
65,1;2;5;6;7,5,6,0,,,,False,False
65,1;2;5;6;7,5,7,0,,,,False,False
65,1;2;5;6;7,5,8,0,,,,False,False
65,1;2;5;6;7,5,9,0,,,,False,False
65,1;2;5;6;7,5,10,0,,,,False,False
65,1;2;5;6;8,5,0,44,0.18649338659005996,0.2254692306191067,0.7506525013658502,False,False
65,1;2;5;6;8,5,1,44,0.18649338659005996,0.2254692306191067,0.7506525013658502,False,False
65,1;2;5;6;8,5,2,42,0.15566141979536272,0.3249314887746836,0.7506525013658502,False,False
65,1;2;5;6;8,5,3,39,0.09414087596539523,0.5686437024808605,0.770610691449355,False,False
65,1;2;5;6;8,5,4,37,0.06218075261583951,0.714661303950724,0.8357442204776885,False,False
65,1;2;5;6;8,5,5,35,0.05014064725392218,0.7748452254851879,0.869224656712109,False,False
65,1;2;5;6;8,5,6,0,,,,False,False
65,1;2;5;6;8,5,7,0,,,,False,False
65,1;2;5;6;8,5,8,0,,,,False,False
65,1;2;5;6;8,5,9,0,,,,False,False
65,1;2;5;6;8,5,10,0,,,,False,False
65,1;2;5;6;9,5,0,44,0.10940662459416865,0.4795940275258847,0.7519074874765345,False,False
65,1;2;5;6;9,5,1,44,0.10940662459416865,0.4795940275258847,0.7519074874765345,False,False
65,1;2;5;6;9,5,2,42,0.07994523284161001,0.6147706187978986,0.7848162741636515,False,False
65,1;2;5;6;9,5,3,41,0.12390243958427581,0.4402276806692893,0.7509923134248312,False,False
65,1;2;5;6;9,5,4,37,0.04066121872775739,0.811150427904735,0.8902028600610251,False,False
65,1;2;5;6;9,5,5,35,0.09065410845508819,0.6045225618971981,0.7816886922645369,False,False
65,1;2;5;6;9,5,6,0,,,,False,False
65,1;2;5;6;9,5,7,0,,,,False,False
65,1;2;5;6;9,5,8,0,,,,False,False
65,1;2;5;6;9,5,9,0,,,,False,False
65,1;2;5;6;9,5,10,0,,,,False,False
65,1;2;5;6;10,5,0,43,0.16092221717073837,0.3025968273221364,0.7506525013658502,False,False
65,1;2;5;6;10,5,1,43,0.16092221717073837,0.3025968273221364,0.7506525013658502,False,False
65,1;2;5;6;10,5,2,42,0.16281826668250582,0.3029002736700507,0.7506525013658502,False,False
65,1;2;5;6;10,5,3,41,0.18799593867762382,0.2391694131114707,0.7506525013658502,False,False
65,1;2;5;6;10,5,4,37,0.08619702800474885,0.6119681621598434,0.7841665053262773,False,False
65,1;2;5;6;10,5,5,34,0.081379692628746,0.6472886078181882,0.8023796636191541,False,False
65,1;2;5;6;10,5,6,0,,,,False,False
65,1;2;5;6;10,5,7,0,,,,False,False
65,1;2;5;6;10,5,8,0,,,,False,False
65,1;2;5;6;10,5,9,0,,,,False,False
65,1;2;5;6;10,5,10,0,,,,False,False
65,1;2;5;7;8,5,0,44,0.06654921379645294,0.6677735647226665,0.8126253977993939,False,False
65,1;2;5;7;8,5,1,44,0.06654921379645294,0.6677735647226665,0.8126253977993939,False,False
65,1;2;5;7;8,5,2,42,0.038874691046072815,0.8069008992967042,0.8870270941770478,False,False
65,1;2;5;7;8,5,3,41,0.012243208051257155,0.9394404490012453,0.9668576255980681,False,False
65,1;2;5;7;8,5,4,37,0.08477031857570472,0.6178926458777388,0.7861638587378955,False,False
65,1;2;5;7;8,5,5,35,0.0880621451770566,0.6149353471427845,0.7848634609387337,False,False
65,1;2;5;7;8,5,6,0,,,,False,False
65,1;2;5;7;8,5,7,0,,,,False,False
65,1;2;5;7;8,5,8,0,,,,False,False
65,1;2;5;7;8,5,9,0,,,,False,False
65,1;2;5;7;8,5,10,0,,,,False,False
65,1;2;5;7;9,5,0,44,-0.0057991875996909045,0.9701977083882148,0.9839730101748067,False,False
65,1;2;5;7;9,5,1,44,-0.0057991875996909045,0.9701977083882148,0.9839730101748067,False,False
65,1;2;5;7;9,5,2,42,-0.04090788618446575,0.7970087415602899,0.8820076922004794,False,False
65,1;2;5;7;9,5,3,42,-0.04090788618446575,0.7970087415602899,0.8820076922004794,False,False
65,1;2;5;7;9,5,4,38,0.02833159205795773,0.8659167686018051,0.9217808165254123,False,False
65,1;2;5;7;9,5,5,35,0.055516857115906725,0.7514269201236443,0.8546594279428896,False,False
65,1;2;5;7;9,5,6,0,,,,False,False
65,1;2;5;7;9,5,7,0,,,,False,False
65,1;2;5;7;9,5,8,0,,,,False,False
65,1;2;5;7;9,5,9,0,,,,False,False
65,1;2;5;7;9,5,10,0,,,,False,False
65,1;2;5;7;10,5,0,43,0.011819145893896037,0.9400380157144194,0.9668576255980681,False,False
65,1;2;5;7;10,5,1,43,0.011819145893896037,0.9400380157144194,0.9668576255980681,False,False
65,1;2;5;7;10,5,2,42,0.002358506360535799,0.9881729140974366,0.9935100182161297,False,False
65,1;2;5;7;10,5,3,42,0.002358506360535799,0.9881729140974366,0.9935100182161297,False,False
65,1;2;5;7;10,5,4,38,0.07445278843137729,0.6568663621659274,0.8063558539631402,False,False
65,1;2;5;7;10,5,5,34,0.057318276917421855,0.747465045920594,0.8528208988020998,False,False
65,1;2;5;7;10,5,6,0,,,,False,False
65,1;2;5;7;10,5,7,0,,,,False,False
65,1;2;5;7;10,5,8,0,,,,False,False
65,1;2;5;7;10,5,9,0,,,,False,False
65,1;2;5;7;10,5,10,0,,,,False,False
65,1;2;5;8;9,5,0,44,0.09618164799487355,0.5345518838594961,0.760535689565614,False,False
65,1;2;5;8;9,5,1,44,0.09618164799487355,0.5345518838594961,0.760535689565614,False,False
65,1;2;5;8;9,5,2,42,0.06465560540089517,0.6841570862074463,0.8188860737573265,False,False
65,1;2;5;8;9,5,3,41,0.03555998855412363,0.8253079816355658,0.8972971598866822,False,False
65,1;2;5;8;9,5,4,38,0.02370119553893827,0.8876779332258858,0.934854370616598,False,False
65,1;2;5;8;9,5,5,36,0.13415176408671128,0.43536757224217437,0.7509041397983071,False,False
65,1;2;5;8;9,5,6,0,,,,False,False
65,1;2;5;8;9,5,7,0,,,,False,False
65,1;2;5;8;9,5,8,0,,,,False,False
65,1;2;5;8;9,5,9,0,,,,False,False
65,1;2;5;8;9,5,10,0,,,,False,False
65,1;2;5;8;10,5,0,43,0.11076661087741031,0.47949035601262846,0.7519074874765345,False,False
65,1;2;5;8;10,5,1,43,0.11076661087741031,0.47949035601262846,0.7519074874765345,False,False
65,1;2;5;8;10,5,2,42,0.11174440480607545,0.4810947394389458,0.7521975241439104,False,False
65,1;2;5;8;10,5,3,41,0.08518670476724949,0.5964193062794064,0.7788698551178558,False,False
65,1;2;5;8;10,5,4,38,0.0957923319698755,0.5672569322813251,0.7703040651288825,False,False
65,1;2;5;8;10,5,5,35,0.15112419172330604,0.3861692153116924,0.7506525013658502,False,False
65,1;2;5;8;10,5,6,0,,,,False,False
65,1;2;5;8;10,5,7,0,,,,False,False
65,1;2;5;8;10,5,8,0,,,,False,False
65,1;2;5;8;10,5,9,0,,,,False,False
65,1;2;5;8;10,5,10,0,,,,False,False
65,1;2;5;9;10,5,0,43,0.06545988495080883,0.6766431036309808,0.8170155842762705,False,False
65,1;2;5;9;10,5,1,43,0.06545988495080883,0.6766431036309808,0.8170155842762705,False,False
65,1;2;5;9;10,5,2,42,0.06408631076214515,0.6867954239577301,0.8204577022321184,False,False
65,1;2;5;9;10,5,3,41,0.045782393126193574,0.7762313632055219,0.8701440263086717,False,False
65,1;2;5;9;10,5,4,40,0.10285172389847333,0.527685751915949,0.760535689565614,False,False
65,1;2;5;9;10,5,5,35,0.17470241365841024,0.3154924085348523,0.7506525013658502,False,False
65,1;2;5;9;10,5,6,0,,,,False,False
65,1;2;5;9;10,5,7,0,,,,False,False
65,1;2;5;9;10,5,8,0,,,,False,False
65,1;2;5;9;10,5,9,0,,,,False,False
65,1;2;5;9;10,5,10,0,,,,False,False
65,1;2;6;7;8,5,0,44,0.11775179699372386,0.4465106056821579,0.7509923134248312,False,False
65,1;2;6;7;8,5,1,44,0.11775179699372386,0.4465106056821579,0.7509923134248312,False,False
65,1;2;6;7;8,5,2,42,0.09336432075500335,0.5564673676370611,0.7674034743810524,False,False
65,1;2;6;7;8,5,3,41,0.07031099480864823,0.6622357515858384,0.8097648698395292,False,False
65,1;2;6;7;8,5,4,36,0.03860575309136349,0.8231129797323893,0.8960451948424716,False,False
65,1;2;6;7;8,5,5,35,-0.022893348746188556,0.89614155374924,0.9416691010402978,False,False
65,1;2;6;7;8,5,6,0,,,,False,False
65,1;2;6;7;8,5,7,0,,,,False,False
65,1;2;6;7;8,5,8,0,,,,False,False
65,1;2;6;7;8,5,9,0,,,,False,False
65,1;2;6;7;8,5,10,0,,,,False,False
65,1;2;6;7;9,5,0,44,0.03960420799788911,0.798536308435472,0.8823264080885201,False,False
65,1;2;6;7;9,5,1,44,0.03960420799788911,0.798536308435472,0.8823264080885201,False,False
65,1;2;6;7;9,5,2,42,0.0151269718296434,0.9242506470018255,0.9590661696844957,False,False
65,1;2;6;7;9,5,3,42,0.0151269718296434,0.9242506470018255,0.9590661696844957,False,False
65,1;2;6;7;9,5,4,38,0.10993966294184049,0.5111354006988379,0.7560570109542406,False,False
65,1;2;6;7;9,5,5,34,-0.0754026530571432,0.6716912540174733,0.8141672007555916,False,False
65,1;2;6;7;9,5,6,0,,,,False,False
65,1;2;6;7;9,5,7,0,,,,False,False
65,1;2;6;7;9,5,8,0,,,,False,False
65,1;2;6;7;9,5,9,0,,,,False,False
65,1;2;6;7;9,5,10,0,,,,False,False
65,1;2;6;7;10,5,0,43,0.07061182034045582,0.6527458955727911,0.8045469226958312,False,False
65,1;2;6;7;10,5,1,43,0.07061182034045582,0.6527458955727911,0.8045469226958312,False,False
65,1;2;6;7;10,5,2,42,0.06465560540089517,0.6841570862074463,0.8188860737573265,False,False
65,1;2;6;7;10,5,3,42,0.06465560540089517,0.6841570862074463,0.8188860737573265,False,False
65,1;2;6;7;10,5,4,37,0.09424714976655658,0.5790013626051954,0.7729429135419033,False,False
65,1;2;6;7;10,5,5,34,-0.03432966318048796,0.8471595847871181,0.9104445992559947,False,False
65,1;2;6;7;10,5,6,0,,,,False,False
65,1;2;6;7;10,5,7,0,,,,False,False
65,1;2;6;7;10,5,8,0,,,,False,False
65,1;2;6;7;10,5,9,0,,,,False,False
65,1;2;6;7;10,5,10,0,,,,False,False
65,1;2;6;8;9,5,0,44,0.1053047601943873,0.49631517005304954,0.7558129676892907,False,False
65,1;2;6;8;9,5,1,44,0.1053047601943873,0.49631517005304954,0.7558129676892907,False,False
65,1;2;6;8;9,5,2,42,0.07083651862160968,0.6557564199238282,0.8056623375184153,False,False
65,1;2;6;8;9,5,3,42,0.07083651862160968,0.6557564199238282,0.8056623375184153,False,False
65,1;2;6;8;9,5,4,37,-0.04232823688103334,0.8035565736400483,0.8862693037479475,False,False
65,1;2;6;8;9,5,5,35,-0.054354147023159334,0.7564739073424653,0.8583338036211239,False,False
65,1;2;6;8;9,5,6,0,,,,False,False
65,1;2;6;8;9,5,7,0,,,,False,False
65,1;2;6;8;9,5,8,0,,,,False,False
65,1;2;6;8;9,5,9,0,,,,False,False
65,1;2;6;8;9,5,10,0,,,,False,False
65,1;2;6;8;10,5,0,43,0.11758534889311954,0.4526835311123962,0.7509923134248312,False,False
65,1;2;6;8;10,5,1,43,0.11758534889311954,0.4526835311123962,0.7509923134248312,False,False
65,1;2;6;8;10,5,2,42,0.11556681166625413,0.46612196405405304,0.7510354628300103,False,False
65,1;2;6;8;10,5,3,42,0.11556681166625413,0.46612196405405304,0.7510354628300103,False,False
65,1;2;6;8;10,5,4,36,-0.09329666813486895,0.5883647713615856,0.7773467911697347,False,False
65,1;2;6;8;10,5,5,35,-0.040449597784676716,0.817542839227407,0.8936237831626266,False,False
65,1;2;6;8;10,5,6,0,,,,False,False
65,1;2;6;8;10,5,7,0,,,,False,False
65,1;2;6;8;10,5,8,0,,,,False,False
65,1;2;6;8;10,5,9,0,,,,False,False
65,1;2;6;8;10,5,10,0,,,,False,False
65,1;2;6;9;10,5,0,43,0.07788514089054568,0.6195892150704959,0.786716938441103,False,False
65,1;2;6;9;10,5,1,43,0.07788514089054568,0.6195892150704959,0.786716938441103,False,False
65,1;2;6;9;10,5,2,42,0.07718008745339563,0.6270983296925826,0.7921581409215577,False,False
65,1;2;6;9;10,5,3,42,0.07718008745339563,0.6270983296925826,0.7921581409215577,False,False
65,1;2;6;9;10,5,4,39,0.05788597551270258,0.7263161634211646,0.8410096999454096,False,False
65,1;2;6;9;10,5,5,34,-0.04674351459843226,0.7929300476321761,0.8803486865361391,False,False
65,1;2;6;9;10,5,6,0,,,,False,False
65,1;2;6;9;10,5,7,0,,,,False,False
65,1;2;6;9;10,5,8,0,,,,False,False
65,1;2;6;9;10,5,9,0,,,,False,False
65,1;2;6;9;10,5,10,0,,,,False,False
65,1;2;7;8;9,5,0,44,0.02821799819849599,0.8557203722934861,0.9151946746725005,False,False
65,1;2;7;8;9,5,1,44,0.02821799819849599,0.8557203722934861,0.9151946746725005,False,False
65,1;2;7;8;9,5,2,42,0.006912863470535962,0.9653436715208392,0.982293552120675,False,False
65,1;2;7;8;9,5,3,42,0.006912863470535962,0.9653436715208392,0.982293552120675,False,False
65,1;2;7;8;9,5,4,39,0.032502357895125115,0.8442775609830967,0.9082194365912512,False,False
65,1;2;7;8;9,5,5,35,0.009269699492321747,0.9578516768798144,0.9762871828559316,False,False
65,1;2;7;8;9,5,6,0,,,,False,False
65,1;2;7;8;9,5,7,0,,,,False,False
65,1;2;7;8;9,5,8,0,,,,False,False
65,1;2;7;8;9,5,9,0,,,,False,False
65,1;2;7;8;9,5,10,0,,,,False,False
65,1;2;7;8;10,5,0,43,0.04136701062863613,0.7922569061012418,0.8802376874986306,False,False
65,1;2;7;8;10,5,1,43,0.04136701062863613,0.7922569061012418,0.8802376874986306,False,False
65,1;2;7;8;10,5,2,42,0.03586556224125128,0.821595548801412,0.895713491083482,False,False
65,1;2;7;8;10,5,3,42,0.03586556224125128,0.821595548801412,0.895713491083482,False,False
65,1;2;7;8;10,5,4,38,0.004280089026923979,0.9796537917124757,0.9885252446861921,False,False
65,1;2;7;8;10,5,5,35,0.034831598092360506,0.842542147598028,0.9067512986500851,False,False
65,1;2;7;8;10,5,6,0,,,,False,False
65,1;2;7;8;10,5,7,0,,,,False,False
65,1;2;7;8;10,5,8,0,,,,False,False
65,1;2;7;8;10,5,9,0,,,,False,False
65,1;2;7;8;10,5,10,0,,,,False,False
65,1;2;7;9;10,5,0,43,0.006439919237058739,0.967307549583299,0.9827359836155648,False,False
65,1;2;7;9;10,5,1,43,0.006439919237058739,0.967307549583299,0.9827359836155648,False,False
65,1;2;7;9;10,5,2,42,-0.0016265561107143439,0.9918432383529817,0.9943459221403065,False,False
65,1;2;7;9;10,5,3,42,-0.0016265561107143439,0.9918432383529817,0.9943459221403065,False,False
65,1;2;7;9;10,5,4,40,0.019293311430466,0.9059383544769423,0.9474280286554709,False,False
65,1;2;7;9;10,5,5,35,0.042586348623087945,0.8080794788849682,0.8873721789486734,False,False
65,1;2;7;9;10,5,6,0,,,,False,False
65,1;2;7;9;10,5,7,0,,,,False,False
65,1;2;7;9;10,5,8,0,,,,False,False
65,1;2;7;9;10,5,9,0,,,,False,False
65,1;2;7;9;10,5,10,0,,,,False,False
65,1;2;8;9;10,5,0,43,0.03144195862799266,0.8413612330333521,0.9067512986500851,False,False
65,1;2;8;9;10,5,1,43,0.03144195862799266,0.8413612330333521,0.9067512986500851,False,False
65,1;2;8;9;10,5,2,42,0.029765976826072498,0.8515623907795874,0.9134185029786983,False,False
65,1;2;8;9;10,5,3,41,0.010571888489063782,0.9476951387929653,0.9710658971541436,False,False
65,1;2;8;9;10,5,4,40,0.06145625543460634,0.7063855839500802,0.831447909983779,False,False
65,1;2;8;9;10,5,5,36,-0.05664901426169775,0.7427889475162224,0.8509795793719048,False,False
65,1;2;8;9;10,5,6,0,,,,False,False
65,1;2;8;9;10,5,7,0,,,,False,False
65,1;2;8;9;10,5,8,0,,,,False,False
65,1;2;8;9;10,5,9,0,,,,False,False
65,1;2;8;9;10,5,10,0,,,,False,False
65,1;3;4;5;6,5,0,43,0.26747198274939704,0.08291855872042662,0.7506525013658502,False,False
65,1;3;4;5;6,5,1,43,0.26747198274939704,0.08291855872042662,0.7506525013658502,False,False
65,1;3;4;5;6,5,2,42,0.3494841113005072,0.02329096836488416,0.7506525013658502,True,False
65,1;3;4;5;6,5,3,39,0.264738684749473,0.10337439184627337,0.7506525013658502,False,False
65,1;3;4;5;6,5,4,38,0.24488159026839432,0.13839567464978028,0.7506525013658502,False,False
65,1;3;4;5;6,5,5,35,0.16376469103101754,0.34720397429334393,0.7506525013658502,False,False
65,1;3;4;5;6,5,6,0,,,,False,False
65,1;3;4;5;6,5,7,0,,,,False,False
65,1;3;4;5;6,5,8,0,,,,False,False
65,1;3;4;5;6,5,9,0,,,,False,False
65,1;3;4;5;6,5,10,0,,,,False,False
65,1;3;4;5;7,5,0,43,0.12733151913261181,0.4158257923391096,0.7506525013658502,False,False
65,1;3;4;5;7,5,1,43,0.12733151913261181,0.4158257923391096,0.7506525013658502,False,False
65,1;3;4;5;7,5,2,43,0.12733151913261181,0.4158257923391096,0.7506525013658502,False,False
65,1;3;4;5;7,5,3,40,0.19939882859457156,0.2173698900435918,0.7506525013658502,False,False
65,1;3;4;5;7,5,4,38,0.2225896786879082,0.17920034615773237,0.7506525013658502,False,False
65,1;3;4;5;7,5,5,35,0.14059044230021317,0.42050222613137905,0.7506525013658502,False,False
65,1;3;4;5;7,5,6,0,,,,False,False
65,1;3;4;5;7,5,7,0,,,,False,False
65,1;3;4;5;7,5,8,0,,,,False,False
65,1;3;4;5;7,5,9,0,,,,False,False
65,1;3;4;5;7,5,10,0,,,,False,False
65,1;3;4;5;8,5,0,43,0.2347295921152969,0.1297404565737893,0.7506525013658502,False,False
65,1;3;4;5;8,5,1,43,0.2347295921152969,0.1297404565737893,0.7506525013658502,False,False
65,1;3;4;5;8,5,2,43,0.2347295921152969,0.1297404565737893,0.7506525013658502,False,False
65,1;3;4;5;8,5,3,40,0.2909583991711615,0.06853649363402255,0.7506525013658502,False,False
65,1;3;4;5;8,5,4,37,0.21222302757031267,0.20730239222073468,0.7506525013658502,False,False
65,1;3;4;5;8,5,5,36,0.17509735724503234,0.307052924431567,0.7506525013658502,False,False
65,1;3;4;5;8,5,6,0,,,,False,False
65,1;3;4;5;8,5,7,0,,,,False,False
65,1;3;4;5;8,5,8,0,,,,False,False
65,1;3;4;5;8,5,9,0,,,,False,False
65,1;3;4;5;8,5,10,0,,,,False,False
65,1;3;4;5;9,5,0,43,0.21449297568172104,0.167212846115135,0.7506525013658502,False,False
65,1;3;4;5;9,5,1,43,0.21449297568172104,0.167212846115135,0.7506525013658502,False,False
65,1;3;4;5;9,5,2,43,0.21449297568172104,0.167212846115135,0.7506525013658502,False,False
65,1;3;4;5;9,5,3,41,0.28225622793086963,0.07377882040764656,0.7506525013658502,False,False
65,1;3;4;5;9,5,4,38,0.20715460861440319,0.21206090862339294,0.7506525013658502,False,False
65,1;3;4;5;9,5,5,36,0.21575322212598128,0.2063088409566394,0.7506525013658502,False,False
65,1;3;4;5;9,5,6,0,,,,False,False
65,1;3;4;5;9,5,7,0,,,,False,False
65,1;3;4;5;9,5,8,0,,,,False,False
65,1;3;4;5;9,5,9,0,,,,False,False
65,1;3;4;5;9,5,10,0,,,,False,False
65,1;3;4;5;10,5,0,43,0.20433677117947704,0.18872508078558595,0.7506525013658502,False,False
65,1;3;4;5;10,5,1,43,0.20433677117947704,0.18872508078558595,0.7506525013658502,False,False
65,1;3;4;5;10,5,2,42,0.18786723078750672,0.23348885665905406,0.7506525013658502,False,False
65,1;3;4;5;10,5,3,41,0.2645059137208428,0.09468213822584066,0.7506525013658502,False,False
65,1;3;4;5;10,5,4,38,0.19091579395607072,0.2508987657075291,0.7506525013658502,False,False
65,1;3;4;5;10,5,5,35,0.15660174142331437,0.3689818155327699,0.7506525013658502,False,False
65,1;3;4;5;10,5,6,0,,,,False,False
65,1;3;4;5;10,5,7,0,,,,False,False
65,1;3;4;5;10,5,8,0,,,,False,False
65,1;3;4;5;10,5,9,0,,,,False,False
65,1;3;4;5;10,5,10,0,,,,False,False
65,1;3;4;6;7,5,0,43,0.1580275103520807,0.31149136425810264,0.7506525013658502,False,False
65,1;3;4;6;7,5,1,43,0.1580275103520807,0.31149136425810264,0.7506525013658502,False,False
65,1;3;4;6;7,5,2,43,0.1580275103520807,0.31149136425810264,0.7506525013658502,False,False
65,1;3;4;6;7,5,3,40,0.18442272384892355,0.25461544440495626,0.7506525013658502,False,False
65,1;3;4;6;7,5,4,37,0.13827192216485917,0.414420822522239,0.7506525013658502,False,False
65,1;3;4;6;7,5,5,35,0.21939699736184912,0.2053959851888889,0.7506525013658502,False,False
65,1;3;4;6;7,5,6,0,,,,False,False
65,1;3;4;6;7,5,7,0,,,,False,False
65,1;3;4;6;7,5,8,0,,,,False,False
65,1;3;4;6;7,5,9,0,,,,False,False
65,1;3;4;6;7,5,10,0,,,,False,False
65,1;3;4;6;8,5,0,43,0.3019576025144794,0.049076423698904706,0.7506525013658502,True,False
65,1;3;4;6;8,5,1,43,0.3019576025144794,0.049076423698904706,0.7506525013658502,True,False
65,1;3;4;6;8,5,2,43,0.3019576025144794,0.049076423698904706,0.7506525013658502,True,False
65,1;3;4;6;8,5,3,40,0.24484920913433447,0.12782324274455967,0.7506525013658502,False,False
65,1;3;4;6;8,5,4,37,0.1570569296472734,0.35323673007857914,0.7506525013658502,False,False
65,1;3;4;6;8,5,5,35,0.1755624903848816,0.3130783618277007,0.7506525013658502,False,False
65,1;3;4;6;8,5,6,0,,,,False,False
65,1;3;4;6;8,5,7,0,,,,False,False
65,1;3;4;6;8,5,8,0,,,,False,False
65,1;3;4;6;8,5,9,0,,,,False,False
65,1;3;4;6;8,5,10,0,,,,False,False
65,1;3;4;6;9,5,0,43,0.26353076906195905,0.08773006166741619,0.7506525013658502,False,False
65,1;3;4;6;9,5,1,43,0.26353076906195905,0.08773006166741619,0.7506525013658502,False,False
65,1;3;4;6;9,5,2,43,0.26353076906195905,0.08773006166741619,0.7506525013658502,False,False
65,1;3;4;6;9,5,3,41,0.23757440250562972,0.1347365795503659,0.7506525013658502,False,False
65,1;3;4;6;9,5,4,39,0.1782187923802551,0.27770745683982645,0.7506525013658502,False,False
65,1;3;4;6;9,5,5,34,0.1701157416533109,0.3361151568488938,0.7506525013658502,False,False
65,1;3;4;6;9,5,6,0,,,,False,False
65,1;3;4;6;9,5,7,0,,,,False,False
65,1;3;4;6;9,5,8,0,,,,False,False
65,1;3;4;6;9,5,9,0,,,,False,False
65,1;3;4;6;9,5,10,0,,,,False,False
65,1;3;4;6;10,5,0,43,0.2524650537087678,0.10240153292459603,0.7506525013658502,False,False
65,1;3;4;6;10,5,1,43,0.2524650537087678,0.10240153292459603,0.7506525013658502,False,False
65,1;3;4;6;10,5,2,42,0.2335734574985798,0.13655941455786583,0.7506525013658502,False,False
65,1;3;4;6;10,5,3,41,0.23433912356094505,0.14028731866763486,0.7506525013658502,False,False
65,1;3;4;6;10,5,4,38,0.13594521190320208,0.4157500102329469,0.7506525013658502,False,False
65,1;3;4;6;10,5,5,34,0.17149505847752688,0.33215324990267153,0.7506525013658502,False,False
65,1;3;4;6;10,5,6,0,,,,False,False
65,1;3;4;6;10,5,7,0,,,,False,False
65,1;3;4;6;10,5,8,0,,,,False,False
65,1;3;4;6;10,5,9,0,,,,False,False
65,1;3;4;6;10,5,10,0,,,,False,False
65,1;3;4;7;8,5,0,43,0.09618077248766925,0.5395195410800933,0.7614490681021345,False,False
65,1;3;4;7;8,5,1,43,0.09618077248766925,0.5395195410800933,0.7614490681021345,False,False
65,1;3;4;7;8,5,2,43,0.09618077248766925,0.5395195410800933,0.7614490681021345,False,False
65,1;3;4;7;8,5,3,42,0.07482158109285983,0.6376930516649907,0.7978853603001306,False,False
65,1;3;4;7;8,5,4,37,0.1036742185105393,0.5414445078758895,0.7619916636613034,False,False
65,1;3;4;7;8,5,5,35,0.1310398428232756,0.4530548565950007,0.7509923134248312,False,False
65,1;3;4;7;8,5,6,0,,,,False,False
65,1;3;4;7;8,5,7,0,,,,False,False
65,1;3;4;7;8,5,8,0,,,,False,False
65,1;3;4;7;8,5,9,0,,,,False,False
65,1;3;4;7;8,5,10,0,,,,False,False
65,1;3;4;7;9,5,0,43,0.09458912849851162,0.5462823191593534,0.7640738357458807,False,False
65,1;3;4;7;9,5,1,43,0.09458912849851162,0.5462823191593534,0.7640738357458807,False,False
65,1;3;4;7;9,5,2,43,0.09458912849851162,0.5462823191593534,0.7640738357458807,False,False
65,1;3;4;7;9,5,3,42,0.07360166400982407,0.64320132320405,0.8007789549806573,False,False
65,1;3;4;7;9,5,4,40,0.1449573912173102,0.37215379796224723,0.7506525013658502,False,False
65,1;3;4;7;9,5,5,34,0.1275101775275267,0.4723646545826002,0.7510354628300103,False,False
65,1;3;4;7;9,5,6,0,,,,False,False
65,1;3;4;7;9,5,7,0,,,,False,False
65,1;3;4;7;9,5,8,0,,,,False,False
65,1;3;4;7;9,5,9,0,,,,False,False
65,1;3;4;7;9,5,10,0,,,,False,False
65,1;3;4;7;10,5,0,43,0.1041389924334575,0.5063236471464612,0.7558559619392049,False,False
65,1;3;4;7;10,5,1,43,0.1041389924334575,0.5063236471464612,0.7558559619392049,False,False
65,1;3;4;7;10,5,2,42,0.08303568945196725,0.6011155293854955,0.7811831387804313,False,False
65,1;3;4;7;10,5,3,42,0.08303568945196725,0.6011155293854955,0.7811831387804313,False,False
65,1;3;4;7;10,5,4,39,0.10530648871699404,0.5234606397632147,0.7595331817189964,False,False
65,1;3;4;7;10,5,5,34,0.14145660319459993,0.42487087373218696,0.7506525013658502,False,False
65,1;3;4;7;10,5,6,0,,,,False,False
65,1;3;4;7;10,5,7,0,,,,False,False
65,1;3;4;7;10,5,8,0,,,,False,False
65,1;3;4;7;10,5,9,0,,,,False,False
65,1;3;4;7;10,5,10,0,,,,False,False
65,1;3;4;8;9,5,0,43,0.1748534610946044,0.2620876991822172,0.7506525013658502,False,False
65,1;3;4;8;9,5,1,43,0.1748534610946044,0.2620876991822172,0.7506525013658502,False,False
65,1;3;4;8;9,5,2,43,0.1748534610946044,0.2620876991822172,0.7506525013658502,False,False
65,1;3;4;8;9,5,3,42,0.1575319593226842,0.31907886868729696,0.7506525013658502,False,False
65,1;3;4;8;9,5,4,39,0.13100657793365386,0.42664124772703454,0.7506525013658502,False,False
65,1;3;4;8;9,5,5,35,0.15238824165407722,0.3821621100926635,0.7506525013658502,False,False
65,1;3;4;8;9,5,6,0,,,,False,False
65,1;3;4;8;9,5,7,0,,,,False,False
65,1;3;4;8;9,5,8,0,,,,False,False
65,1;3;4;8;9,5,9,0,,,,False,False
65,1;3;4;8;9,5,10,0,,,,False,False
65,1;3;4;8;10,5,0,43,0.1938773963935839,0.21286103250960053,0.7506525013658502,False,False
65,1;3;4;8;10,5,1,43,0.1938773963935839,0.21286103250960053,0.7506525013658502,False,False
65,1;3;4;8;10,5,2,42,0.17607469898482772,0.2646792667911445,0.7506525013658502,False,False
65,1;3;4;8;10,5,3,42,0.17607469898482772,0.2646792667911445,0.7506525013658502,False,False
65,1;3;4;8;10,5,4,38,0.10418406544947682,0.5336279491298841,0.760535689565614,False,False
65,1;3;4;8;10,5,5,35,0.18525353985412704,0.28668227089459086,0.7506525013658502,False,False
65,1;3;4;8;10,5,6,0,,,,False,False
65,1;3;4;8;10,5,7,0,,,,False,False
65,1;3;4;8;10,5,8,0,,,,False,False
65,1;3;4;8;10,5,9,0,,,,False,False
65,1;3;4;8;10,5,10,0,,,,False,False
65,1;3;4;9;10,5,0,43,0.15211568982092372,0.33016655276419277,0.7506525013658502,False,False
65,1;3;4;9;10,5,1,43,0.15211568982092372,0.33016655276419277,0.7506525013658502,False,False
65,1;3;4;9;10,5,2,42,0.13345892888411193,0.39945807897609853,0.7506525013658502,False,False
65,1;3;4;9;10,5,3,42,0.13345892888411193,0.39945807897609853,0.7506525013658502,False,False
65,1;3;4;9;10,5,4,40,0.1363514619660456,0.4015000156072575,0.7506525013658502,False,False
65,1;3;4;9;10,5,5,35,0.10856784405401075,0.5347253419775113,0.760535689565614,False,False
65,1;3;4;9;10,5,6,0,,,,False,False
65,1;3;4;9;10,5,7,0,,,,False,False
65,1;3;4;9;10,5,8,0,,,,False,False
65,1;3;4;9;10,5,9,0,,,,False,False
65,1;3;4;9;10,5,10,0,,,,False,False
65,1;3;5;6;7,5,0,43,0.08352341314532036,0.5943849409147169,0.7783642489957592,False,False
65,1;3;5;6;7,5,1,43,0.08352341314532036,0.5943849409147169,0.7783642489957592,False,False
65,1;3;5;6;7,5,2,43,0.08352341314532036,0.5943849409147169,0.7783642489957592,False,False
65,1;3;5;6;7,5,3,40,0.1966673377919062,0.22386567209102076,0.7506525013658502,False,False
65,1;3;5;6;7,5,4,38,0.13748509014171734,0.41043799128862307,0.7506525013658502,False,False
65,1;3;5;6;7,5,5,35,0.17695119774411788,0.30920511820243707,0.7506525013658502,False,False
65,1;3;5;6;7,5,6,0,,,,False,False
65,1;3;5;6;7,5,7,0,,,,False,False
65,1;3;5;6;7,5,8,0,,,,False,False
65,1;3;5;6;7,5,9,0,,,,False,False
65,1;3;5;6;7,5,10,0,,,,False,False
65,1;3;5;6;8,5,0,43,0.21009700656880947,0.1762952707479055,0.7506525013658502,False,False
65,1;3;5;6;8,5,1,43,0.21009700656880947,0.1762952707479055,0.7506525013658502,False,False
65,1;3;5;6;8,5,2,43,0.21009700656880947,0.1762952707479055,0.7506525013658502,False,False
65,1;3;5;6;8,5,3,40,0.23732117810791376,0.1403431926187988,0.7506525013658502,False,False
65,1;3;5;6;8,5,4,38,0.16362043475332178,0.32631336878056816,0.7506525013658502,False,False
65,1;3;5;6;8,5,5,35,0.13033759286173607,0.45550072911988554,0.7510354628300103,False,False
65,1;3;5;6;8,5,6,0,,,,False,False
65,1;3;5;6;8,5,7,0,,,,False,False
65,1;3;5;6;8,5,8,0,,,,False,False
65,1;3;5;6;8,5,9,0,,,,False,False
65,1;3;5;6;8,5,10,0,,,,False,False
65,1;3;5;6;9,5,0,43,0.18159899990579634,0.24383460030405996,0.7506525013658502,False,False
65,1;3;5;6;9,5,1,43,0.18159899990579634,0.24383460030405996,0.7506525013658502,False,False
65,1;3;5;6;9,5,2,43,0.18159899990579634,0.24383460030405996,0.7506525013658502,False,False
65,1;3;5;6;9,5,3,41,0.24334544062317542,0.1252428176771166,0.7506525013658502,False,False
65,1;3;5;6;9,5,4,39,0.19304497111958116,0.23901308998049384,0.7506525013658502,False,False
65,1;3;5;6;9,5,5,35,0.20745033190652742,0.23178134614312224,0.7506525013658502,False,False
65,1;3;5;6;9,5,6,0,,,,False,False
65,1;3;5;6;9,5,7,0,,,,False,False
65,1;3;5;6;9,5,8,0,,,,False,False
65,1;3;5;6;9,5,9,0,,,,False,False
65,1;3;5;6;9,5,10,0,,,,False,False
65,1;3;5;6;10,5,0,43,0.19289209297172444,0.2152404422062165,0.7506525013658502,False,False
65,1;3;5;6;10,5,1,43,0.19289209297172444,0.2152404422062165,0.7506525013658502,False,False
65,1;3;5;6;10,5,2,42,0.1687551964866132,0.28536767989915496,0.7506525013658502,False,False
65,1;3;5;6;10,5,3,41,0.2450942400527347,0.12246729576637362,0.7506525013658502,False,False
65,1;3;5;6;10,5,4,39,0.208277346536697,0.20323786051913148,0.7506525013658502,False,False
65,1;3;5;6;10,5,5,34,0.15295091006306688,0.3878143050685385,0.7506525013658502,False,False
65,1;3;5;6;10,5,6,0,,,,False,False
65,1;3;5;6;10,5,7,0,,,,False,False
65,1;3;5;6;10,5,8,0,,,,False,False
65,1;3;5;6;10,5,9,0,,,,False,False
65,1;3;5;6;10,5,10,0,,,,False,False
65,1;3;5;7;8,5,0,43,0.055707539620517665,0.7227317830400789,0.8392103693733669,False,False
65,1;3;5;7;8,5,1,43,0.055707539620517665,0.7227317830400789,0.8392103693733669,False,False
65,1;3;5;7;8,5,2,43,0.055707539620517665,0.7227317830400789,0.8392103693733669,False,False
65,1;3;5;7;8,5,3,42,0.03749211835196563,0.8136446786241214,0.8908722744372866,False,False
65,1;3;5;7;8,5,4,38,0.12595479104836244,0.45114410580675934,0.7509923134248312,False,False
65,1;3;5;7;8,5,5,35,0.11699484359248508,0.5032925547553759,0.7558559619392049,False,False
65,1;3;5;7;8,5,6,0,,,,False,False
65,1;3;5;7;8,5,7,0,,,,False,False
65,1;3;5;7;8,5,8,0,,,,False,False
65,1;3;5;7;8,5,9,0,,,,False,False
65,1;3;5;7;8,5,10,0,,,,False,False
65,1;3;5;7;9,5,0,43,0.029255932372135803,0.8522638919843042,0.9136923365549006,False,False
65,1;3;5;7;9,5,1,43,0.029255932372135803,0.8522638919843042,0.9136923365549006,False,False
65,1;3;5;7;9,5,2,43,0.029255932372135803,0.8522638919843042,0.9136923365549006,False,False
65,1;3;5;7;9,5,3,42,0.01016597569196465,0.9490527352852598,0.9711613424591744,False,False
65,1;3;5;7;9,5,4,40,0.14373292982301192,0.37624943516779175,0.7506525013658502,False,False
65,1;3;5;7;9,5,5,35,0.15882037605310026,0.36215147552618215,0.7506525013658502,False,False
65,1;3;5;7;9,5,6,0,,,,False,False
65,1;3;5;7;9,5,7,0,,,,False,False
65,1;3;5;7;9,5,8,0,,,,False,False
65,1;3;5;7;9,5,9,0,,,,False,False
65,1;3;5;7;9,5,10,0,,,,False,False
65,1;3;5;7;10,5,0,43,0.07041129837749782,0.6536698178699158,0.8045469226958312,False,False
65,1;3;5;7;10,5,1,43,0.07041129837749782,0.6536698178699158,0.8045469226958312,False,False
65,1;3;5;7;10,5,2,42,0.04830871648821602,0.7612760932831655,0.8623630893438609,False,False
65,1;3;5;7;10,5,3,42,0.04830871648821602,0.7612760932831655,0.8623630893438609,False,False
65,1;3;5;7;10,5,4,40,0.17811203820138635,0.27151522973012987,0.7506525013658502,False,False
65,1;3;5;7;10,5,5,34,0.15387045461254426,0.38493328289263257,0.7506525013658502,False,False
65,1;3;5;7;10,5,6,0,,,,False,False
65,1;3;5;7;10,5,7,0,,,,False,False
65,1;3;5;7;10,5,8,0,,,,False,False
65,1;3;5;7;10,5,9,0,,,,False,False
65,1;3;5;7;10,5,10,0,,,,False,False
65,1;3;5;8;9,5,0,43,0.16606152286878123,0.28721023314650407,0.7506525013658502,False,False
65,1;3;5;8;9,5,1,43,0.16606152286878123,0.28721023314650407,0.7506525013658502,False,False
65,1;3;5;8;9,5,2,43,0.16606152286878123,0.28721023314650407,0.7506525013658502,False,False
65,1;3;5;8;9,5,3,42,0.1498871456023268,0.3434188488922469,0.7506525013658502,False,False
65,1;3;5;8;9,5,4,39,0.19706798942459783,0.2291762793145364,0.7506525013658502,False,False
65,1;3;5;8;9,5,5,36,0.2220799174486462,0.19299147095210645,0.7506525013658502,False,False
65,1;3;5;8;9,5,6,0,,,,False,False
65,1;3;5;8;9,5,7,0,,,,False,False
65,1;3;5;8;9,5,8,0,,,,False,False
65,1;3;5;8;9,5,9,0,,,,False,False
65,1;3;5;8;9,5,10,0,,,,False,False
65,1;3;5;8;10,5,0,43,0.19842495064832003,0.20211623768854206,0.7506525013658502,False,False
65,1;3;5;8;10,5,1,43,0.19842495064832003,0.20211623768854206,0.7506525013658502,False,False
65,1;3;5;8;10,5,2,42,0.1790838277896493,0.256470125844193,0.7506525013658502,False,False
65,1;3;5;8;10,5,3,42,0.1790838277896493,0.256470125844193,0.7506525013658502,False,False
65,1;3;5;8;10,5,4,39,0.21817516851847854,0.18210113639436995,0.7506525013658502,False,False
65,1;3;5;8;10,5,5,35,0.21559073819263458,0.2135656602055652,0.7506525013658502,False,False
65,1;3;5;8;10,5,6,0,,,,False,False
65,1;3;5;8;10,5,7,0,,,,False,False
65,1;3;5;8;10,5,8,0,,,,False,False
65,1;3;5;8;10,5,9,0,,,,False,False
65,1;3;5;8;10,5,10,0,,,,False,False
65,1;3;5;9;10,5,0,43,0.1537073338100814,0.32507133710992775,0.7506525013658502,False,False
65,1;3;5;9;10,5,1,43,0.1537073338100814,0.32507133710992775,0.7506525013658502,False,False
65,1;3;5;9;10,5,2,42,0.1294738664128618,0.4138071733879612,0.7506525013658502,False,False
65,1;3;5;9;10,5,3,42,0.1294738664128618,0.4138071733879612,0.7506525013658502,False,False
65,1;3;5;9;10,5,4,40,0.1968580113409023,0.22340795202172684,0.7506525013658502,False,False
65,1;3;5;9;10,5,5,36,0.2342168431696769,0.1691568578523548,0.7506525013658502,False,False
65,1;3;5;9;10,5,6,0,,,,False,False
65,1;3;5;9;10,5,7,0,,,,False,False
65,1;3;5;9;10,5,8,0,,,,False,False
65,1;3;5;9;10,5,9,0,,,,False,False
65,1;3;5;9;10,5,10,0,,,,False,False
65,1;3;6;7;8,5,0,43,0.09784820904773919,0.5324783118418126,0.760535689565614,False,False
65,1;3;6;7;8,5,1,43,0.09784820904773919,0.5324783118418126,0.760535689565614,False,False
65,1;3;6;7;8,5,2,43,0.09784820904773919,0.5324783118418126,0.760535689565614,False,False
65,1;3;6;7;8,5,3,42,0.08197842798000293,0.605772180775727,0.7816886922645369,False,False
65,1;3;6;7;8,5,4,36,0.11116907495539788,0.5186162613906642,0.7572758958219277,False,False
65,1;3;6;7;8,5,5,36,0.11116907495539788,0.5186162613906642,0.7572758958219277,False,False
65,1;3;6;7;8,5,6,0,,,,False,False
65,1;3;6;7;8,5,7,0,,,,False,False
65,1;3;6;7;8,5,8,0,,,,False,False
65,1;3;6;7;8,5,9,0,,,,False,False
65,1;3;6;7;8,5,10,0,,,,False,False
65,1;3;6;7;9,5,0,43,0.04388389855820371,0.7799218049957851,0.8722862017385093,False,False
65,1;3;6;7;9,5,1,43,0.04388389855820371,0.7799218049957851,0.8722862017385093,False,False
65,1;3;6;7;9,5,2,43,0.04388389855820371,0.7799218049957851,0.8722862017385093,False,False
65,1;3;6;7;9,5,3,42,0.027651453882143847,0.862001458770333,0.918790202992081,False,False
65,1;3;6;7;9,5,4,39,0.1829843648776413,0.26484875703041577,0.7506525013658502,False,False
65,1;3;6;7;9,5,5,35,0.07941018802655013,0.6502229278534147,0.803524330276308,False,False
65,1;3;6;7;9,5,6,0,,,,False,False
65,1;3;6;7;9,5,7,0,,,,False,False
65,1;3;6;7;9,5,8,0,,,,False,False
65,1;3;6;7;9,5,9,0,,,,False,False
65,1;3;6;7;9,5,10,0,,,,False,False
65,1;3;6;7;10,5,0,43,0.046309260827396316,0.7680854916174545,0.8663880233209738,False,False
65,1;3;6;7;10,5,1,43,0.046309260827396316,0.7680854916174545,0.8663880233209738,False,False
65,1;3;6;7;10,5,2,42,0.02325975238321512,0.8837548608027643,0.9320010489118251,False,False
65,1;3;6;7;10,5,3,42,0.02325975238321512,0.8837548608027643,0.9320010489118251,False,False
65,1;3;6;7;10,5,4,38,0.13067672305802205,0.43421568499973795,0.7509041397983071,False,False
65,1;3;6;7;10,5,5,35,0.07828579598369631,0.6548664101624568,0.8052130419591618,False,False
65,1;3;6;7;10,5,6,0,,,,False,False
65,1;3;6;7;10,5,7,0,,,,False,False
65,1;3;6;7;10,5,8,0,,,,False,False
65,1;3;6;7;10,5,9,0,,,,False,False
65,1;3;6;7;10,5,10,0,,,,False,False
65,1;3;6;8;9,5,0,43,0.14529435843881952,0.3525628024290017,0.7506525013658502,False,False
65,1;3;6;8;9,5,1,43,0.14529435843881952,0.3525628024290017,0.7506525013658502,False,False
65,1;3;6;8;9,5,2,43,0.14529435843881952,0.3525628024290017,0.7506525013658502,False,False
65,1;3;6;8;9,5,3,42,0.12443154246964731,0.4323768875965661,0.7509041397983071,False,False
65,1;3;6;8;9,5,4,39,0.14055121071856205,0.3934196645104422,0.7506525013658502,False,False
65,1;3;6;8;9,5,5,35,0.03412934813082097,0.8456782551099237,0.9093054375431228,False,False
65,1;3;6;8;9,5,6,0,,,,False,False
65,1;3;6;8;9,5,7,0,,,,False,False
65,1;3;6;8;9,5,8,0,,,,False,False
65,1;3;6;8;9,5,9,0,,,,False,False
65,1;3;6;8;9,5,10,0,,,,False,False
65,1;3;6;8;10,5,0,43,0.16894164056344743,0.278813850814379,0.7506525013658502,False,False
65,1;3;6;8;10,5,1,43,0.16894164056344743,0.278813850814379,0.7506525013658502,False,False
65,1;3;6;8;10,5,2,42,0.1493991787691125,0.34501020502525687,0.7506525013658502,False,False
65,1;3;6;8;10,5,3,42,0.1493991787691125,0.34501020502525687,0.7506525013658502,False,False
65,1;3;6;8;10,5,4,38,0.1481324721183642,0.3747791990664132,0.7506525013658502,False,False
65,1;3;6;8;10,5,5,35,0.07935424565396647,0.6504536529780326,0.8036477856484421,False,False
65,1;3;6;8;10,5,6,0,,,,False,False
65,1;3;6;8;10,5,7,0,,,,False,False
65,1;3;6;8;10,5,8,0,,,,False,False
65,1;3;6;8;10,5,9,0,,,,False,False
65,1;3;6;8;10,5,10,0,,,,False,False
65,1;3;6;9;10,5,0,43,0.1397615007622239,0.37139154187690493,0.7506525013658502,False,False
65,1;3;6;9;10,5,1,43,0.1397615007622239,0.37139154187690493,0.7506525013658502,False,False
65,1;3;6;9;10,5,2,42,0.11450955019428982,0.4702382845366003,0.7510354628300103,False,False
65,1;3;6;9;10,5,3,42,0.11450955019428982,0.4702382845366003,0.7510354628300103,False,False
65,1;3;6;9;10,5,4,40,0.19215533599953252,0.23488511415385216,0.7506525013658502,False,False
65,1;3;6;9;10,5,5,35,0.09957904454630481,0.5692610719029068,0.7708420750908994,False,False
65,1;3;6;9;10,5,6,0,,,,False,False
65,1;3;6;9;10,5,7,0,,,,False,False
65,1;3;6;9;10,5,8,0,,,,False,False
65,1;3;6;9;10,5,9,0,,,,False,False
65,1;3;6;9;10,5,10,0,,,,False,False
65,1;3;7;8;9,5,0,43,0.01826669922456115,0.9074443388439454,0.9478251792748862,False,False
65,1;3;7;8;9,5,1,43,0.01826669922456115,0.9074443388439454,0.9478251792748862,False,False
65,1;3;7;8;9,5,2,43,0.01826669922456115,0.9074443388439454,0.9478251792748862,False,False
65,1;3;7;8;9,5,3,42,-0.0002439933022827541,0.9987764161380704,0.9987764161380704,False,False
65,1;3;7;8;9,5,4,41,0.06043160897760105,0.7074166508146444,0.8324475644983629,False,False
65,1;3;7;8;9,5,5,35,0.03286759993330194,0.8513188018369362,0.9133820063548671,False,False
65,1;3;7;8;9,5,6,0,,,,False,False
65,1;3;7;8;9,5,7,0,,,,False,False
65,1;3;7;8;9,5,8,0,,,,False,False
65,1;3;7;8;9,5,9,0,,,,False,False
65,1;3;7;8;9,5,10,0,,,,False,False
65,1;3;7;8;10,5,0,43,0.055176991624131776,0.7252688791925961,0.8410096999454096,False,False
65,1;3;7;8;10,5,1,43,0.055176991624131776,0.7252688791925961,0.8410096999454096,False,False
65,1;3;7;8;10,5,2,42,0.03366971149178692,0.832357107403417,0.901634581340009,False,False
65,1;3;7;8;10,5,3,42,0.03366971149178692,0.832357107403417,0.901634581340009,False,False
65,1;3;7;8;10,5,4,40,0.05835050286287277,0.7206099899354136,0.8380740568294672,False,False
65,1;3;7;8;10,5,5,35,0.07078679612318425,0.6861546863180699,0.8202997501179793,False,False
65,1;3;7;8;10,5,6,0,,,,False,False
65,1;3;7;8;10,5,7,0,,,,False,False
65,1;3;7;8;10,5,8,0,,,,False,False
65,1;3;7;8;10,5,9,0,,,,False,False
65,1;3;7;8;10,5,10,0,,,,False,False
65,1;3;7;9;10,5,0,43,0.018190217018944542,0.9078301991296619,0.9478251792748862,False,False
65,1;3;7;9;10,5,1,43,0.018190217018944542,0.9078301991296619,0.9478251792748862,False,False
65,1;3;7;9;10,5,2,42,-0.004960996137678749,0.9751253374880894,0.98685254500648,False,False
65,1;3;7;9;10,5,3,42,-0.004960996137678749,0.9751253374880894,0.98685254500648,False,False
65,1;3;7;9;10,5,4,41,0.05526933920281801,0.731437028389239,0.8442334854729179,False,False
65,1;3;7;9;10,5,5,36,0.06843160246964099,0.691688532796442,0.8225014821851613,False,False
65,1;3;7;9;10,5,6,0,,,,False,False
65,1;3;7;9;10,5,7,0,,,,False,False
65,1;3;7;9;10,5,8,0,,,,False,False
65,1;3;7;9;10,5,9,0,,,,False,False
65,1;3;7;9;10,5,10,0,,,,False,False
65,1;3;8;9;10,5,0,43,0.12202603916875296,0.4356740134481825,0.7509041397983071,False,False
65,1;3;8;9;10,5,1,43,0.12202603916875296,0.4356740134481825,0.7509041397983071,False,False
65,1;3;8;9;10,5,2,42,0.10060249544768217,0.5261367598011311,0.7595331817189964,False,False
65,1;3;8;9;10,5,3,42,0.10060249544768217,0.5261367598011311,0.7595331817189964,False,False
65,1;3;8;9;10,5,4,40,0.16027565544431022,0.3231847227888712,0.7506525013658502,False,False
65,1;3;8;9;10,5,5,37,0.10623286227934521,0.5314558305053315,0.760535689565614,False,False
65,1;3;8;9;10,5,6,0,,,,False,False
65,1;3;8;9;10,5,7,0,,,,False,False
65,1;3;8;9;10,5,8,0,,,,False,False
65,1;3;8;9;10,5,9,0,,,,False,False
65,1;3;8;9;10,5,10,0,,,,False,False
65,1;4;5;6;7,5,0,44,0.1599019897914773,0.2998174519352727,0.7506525013658502,False,False
65,1;4;5;6;7,5,1,44,0.1599019897914773,0.2998174519352727,0.7506525013658502,False,False
65,1;4;5;6;7,5,2,43,0.15545056294106355,0.31954771591025244,0.7506525013658502,False,False
65,1;4;5;6;7,5,3,39,0.1891855016873836,0.24871471612071971,0.7506525013658502,False,False
65,1;4;5;6;7,5,4,38,0.1661461193166281,0.3187978754122032,0.7506525013658502,False,False
65,1;4;5;6;7,5,5,35,0.07176994606933958,0.6820219364827604,0.8181333247048619,False,False
65,1;4;5;6;7,5,6,0,,,,False,False
65,1;4;5;6;7,5,7,0,,,,False,False
65,1;4;5;6;7,5,8,0,,,,False,False
65,1;4;5;6;7,5,9,0,,,,False,False
65,1;4;5;6;7,5,10,0,,,,False,False
65,1;4;5;6;8,5,0,44,0.2953342367842588,0.05162027669415497,0.7506525013658502,False,False
65,1;4;5;6;8,5,1,44,0.2953342367842588,0.05162027669415497,0.7506525013658502,False,False
65,1;4;5;6;8,5,2,43,0.29831955911069047,0.052008075977049484,0.7506525013658502,False,False
65,1;4;5;6;8,5,3,39,0.2794775519490483,0.0848751019779416,0.7506525013658502,False,False
65,1;4;5;6;8,5,4,37,0.22185331621636048,0.18694220976161352,0.7506525013658502,False,False
65,1;4;5;6;8,5,5,36,0.17045218048687377,0.32026290177156597,0.7506525013658502,False,False
65,1;4;5;6;8,5,6,0,,,,False,False
65,1;4;5;6;8,5,7,0,,,,False,False
65,1;4;5;6;8,5,8,0,,,,False,False
65,1;4;5;6;8,5,9,0,,,,False,False
65,1;4;5;6;8,5,10,0,,,,False,False
65,1;4;5;6;9,5,0,44,0.24483887158695014,0.10919773218375754,0.7506525013658502,False,False
65,1;4;5;6;9,5,1,44,0.24483887158695014,0.10919773218375754,0.7506525013658502,False,False
65,1;4;5;6;9,5,2,43,0.2420056789228747,0.11793092028435671,0.7506525013658502,False,False
65,1;4;5;6;9,5,3,41,0.2871528663336357,0.06870348617805046,0.7506525013658502,False,False
65,1;4;5;6;9,5,4,37,0.17988428051197933,0.28671375915324737,0.7506525013658502,False,False
65,1;4;5;6;9,5,5,36,0.16849668155260658,0.32592847397464686,0.7506525013658502,False,False
65,1;4;5;6;9,5,6,0,,,,False,False
65,1;4;5;6;9,5,7,0,,,,False,False
65,1;4;5;6;9,5,8,0,,,,False,False
65,1;4;5;6;9,5,9,0,,,,False,False
65,1;4;5;6;9,5,10,0,,,,False,False
65,1;4;5;6;10,5,0,44,0.20961941518882732,0.17204670228002053,0.7506525013658502,False,False
65,1;4;5;6;10,5,1,44,0.20961941518882732,0.17204670228002053,0.7506525013658502,False,False
65,1;4;5;6;10,5,2,42,0.18087303951143505,0.25167051815813457,0.7506525013658502,False,False
65,1;4;5;6;10,5,3,41,0.22542024647019265,0.1564623382031815,0.7506525013658502,False,False
65,1;4;5;6;10,5,4,37,0.13387290142530647,0.4295668556848158,0.7508724417021384,False,False
65,1;4;5;6;10,5,5,35,0.06376429650778899,0.715928797980142,0.83690782226299,False,False
65,1;4;5;6;10,5,6,0,,,,False,False
65,1;4;5;6;10,5,7,0,,,,False,False
65,1;4;5;6;10,5,8,0,,,,False,False
65,1;4;5;6;10,5,9,0,,,,False,False
65,1;4;5;6;10,5,10,0,,,,False,False
65,1;4;5;7;8,5,0,44,0.12270232299346,0.4274929743868709,0.7506525013658502,False,False
65,1;4;5;7;8,5,1,44,0.12270232299346,0.4274929743868709,0.7506525013658502,False,False
65,1;4;5;7;8,5,2,43,0.12210183173966523,0.4353868161331949,0.7509041397983071,False,False
65,1;4;5;7;8,5,3,41,0.11473634973749564,0.4750321610027696,0.7510354628300103,False,False
65,1;4;5;7;8,5,4,37,0.1534901560746631,0.3644120861482462,0.7506525013658502,False,False
65,1;4;5;7;8,5,5,36,0.1114842421958054,0.5174240045421149,0.756979384639706,False,False
65,1;4;5;7;8,5,6,0,,,,False,False
65,1;4;5;7;8,5,7,0,,,,False,False
65,1;4;5;7;8,5,8,0,,,,False,False
65,1;4;5;7;8,5,9,0,,,,False,False
65,1;4;5;7;8,5,10,0,,,,False,False
65,1;4;5;7;9,5,0,44,0.08847297179528442,0.5679384435795278,0.7703040651288825,False,False
65,1;4;5;7;9,5,1,44,0.08847297179528442,0.5679384435795278,0.7703040651288825,False,False
65,1;4;5;7;9,5,2,43,0.08322024286167128,0.5957286340708559,0.7785811597048389,False,False
65,1;4;5;7;9,5,3,42,0.056522824847323454,0.7221854534290741,0.8392103693733669,False,False
65,1;4;5;7;9,5,4,38,0.14692895416103657,0.3787152443077787,0.7506525013658502,False,False
65,1;4;5;7;9,5,5,36,0.11994897866848389,0.48591744322482255,0.7528806075466162,False,False
65,1;4;5;7;9,5,6,0,,,,False,False
65,1;4;5;7;9,5,7,0,,,,False,False
65,1;4;5;7;9,5,8,0,,,,False,False
65,1;4;5;7;9,5,9,0,,,,False,False
65,1;4;5;7;9,5,10,0,,,,False,False
65,1;4;5;7;10,5,0,44,0.07956202499575936,0.6076878702591517,0.7821132593760672,False,False
65,1;4;5;7;10,5,1,44,0.07956202499575936,0.6076878702591517,0.7821132593760672,False,False
65,1;4;5;7;10,5,2,42,0.04521825987785876,0.7761425695889317,0.8701440263086717,False,False
65,1;4;5;7;10,5,3,42,0.04521825987785876,0.7761425695889317,0.8701440263086717,False,False
65,1;4;5;7;10,5,4,38,0.14055983656661197,0.39994757442641127,0.7506525013658502,False,False
65,1;4;5;7;10,5,5,35,0.07373624596165027,0.6737837721993806,0.8160594859268128,False,False
65,1;4;5;7;10,5,6,0,,,,False,False
65,1;4;5;7;10,5,7,0,,,,False,False
65,1;4;5;7;10,5,8,0,,,,False,False
65,1;4;5;7;10,5,9,0,,,,False,False
65,1;4;5;7;10,5,10,0,,,,False,False
65,1;4;5;8;9,5,0,44,0.16202364379136416,0.2933661878134555,0.7506525013658502,False,False
65,1;4;5;8;9,5,1,44,0.16202364379136416,0.2933661878134555,0.7506525013658502,False,False
65,1;4;5;8;9,5,2,43,0.15946756919941382,0.3070459713620071,0.7506525013658502,False,False
65,1;4;5;8;9,5,3,41,0.11131062756253933,0.4884024506498983,0.7542722012169046,False,False
65,1;4;5;8;9,5,4,38,0.14538927819024633,0.38378604160632585,0.7506525013658502,False,False
65,1;4;5;8;9,5,5,37,0.11996248449212632,0.47943079232004365,0.7519074874765345,False,False
65,1;4;5;8;9,5,6,0,,,,False,False
65,1;4;5;8;9,5,7,0,,,,False,False
65,1;4;5;8;9,5,8,0,,,,False,False
65,1;4;5;8;9,5,9,0,,,,False,False
65,1;4;5;8;9,5,10,0,,,,False,False
65,1;4;5;8;10,5,0,44,0.2023350697892156,0.1877806991101008,0.7506525013658502,False,False
65,1;4;5;8;10,5,1,44,0.2023350697892156,0.1877806991101008,0.7506525013658502,False,False
65,1;4;5;8;10,5,2,42,0.17810789412322064,0.2591136945177037,0.7506525013658502,False,False
65,1;4;5;8;10,5,3,41,0.1665290864475667,0.29805245094227995,0.7506525013658502,False,False
65,1;4;5;8;10,5,4,38,0.1937792190822453,0.24372696254501244,0.7506525013658502,False,False
65,1;4;5;8;10,5,5,36,0.12774236084936036,0.4578120155704096,0.7510354628300103,False,False
65,1;4;5;8;10,5,6,0,,,,False,False
65,1;4;5;8;10,5,7,0,,,,False,False
65,1;4;5;8;10,5,8,0,,,,False,False
65,1;4;5;8;10,5,9,0,,,,False,False
65,1;4;5;8;10,5,10,0,,,,False,False
65,1;4;5;9;10,5,0,44,0.14038277299251764,0.3634036537273363,0.7506525013658502,False,False
65,1;4;5;9;10,5,1,44,0.14038277299251764,0.3634036537273363,0.7506525013658502,False,False
65,1;4;5;9;10,5,2,42,0.10719004769607528,0.4992581859433377,0.7558129676892907,False,False
65,1;4;5;9;10,5,3,41,0.10362198138867475,0.5191057516314005,0.7576304662085277,False,False
65,1;4;5;9;10,5,4,40,0.17041580236059942,0.293101695524857,0.7506525013658502,False,False
65,1;4;5;9;10,5,5,36,0.14151138925797455,0.41036121364595235,0.7506525013658502,False,False
65,1;4;5;9;10,5,6,0,,,,False,False
65,1;4;5;9;10,5,7,0,,,,False,False
65,1;4;5;9;10,5,8,0,,,,False,False
65,1;4;5;9;10,5,9,0,,,,False,False
65,1;4;5;9;10,5,10,0,,,,False,False
65,1;4;6;7;8,5,0,44,0.17015665079093067,0.2694738048801523,0.7506525013658502,False,False
65,1;4;6;7;8,5,1,44,0.17015665079093067,0.2694738048801523,0.7506525013658502,False,False
65,1;4;6;7;8,5,2,43,0.16871426285071062,0.27947081489654363,0.7506525013658502,False,False
65,1;4;6;7;8,5,3,41,0.15006675011398057,0.3490168615000037,0.7506525013658502,False,False
65,1;4;6;7;8,5,4,37,0.10296086379601724,0.5442452587665954,0.7631477354085332,False,False
65,1;4;6;7;8,5,5,35,0.12570274311557522,0.47181989575422,0.7510354628300103,False,False
65,1;4;6;7;8,5,6,0,,,,False,False
65,1;4;6;7;8,5,7,0,,,,False,False
65,1;4;6;7;8,5,8,0,,,,False,False
65,1;4;6;7;8,5,9,0,,,,False,False
65,1;4;6;7;8,5,10,0,,,,False,False
65,1;4;6;7;9,5,0,44,0.13790750999264956,0.37200923136753244,0.7506525013658502,False,False
65,1;4;6;7;9,5,1,44,0.13790750999264956,0.37200923136753244,0.7506525013658502,False,False
65,1;4;6;7;9,5,2,43,0.1315001105327866,0.4005982688211331,0.7506525013658502,False,False
65,1;4;6;7;9,5,3,42,0.10914191502893249,0.4914312299583293,0.7550319149425593,False,False
65,1;4;6;7;9,5,4,39,0.18125617920935244,0.2694655661811284,0.7506525013658502,False,False
65,1;4;6;7;9,5,5,34,0.10191618756707362,0.5662811568477699,0.7703040651288825,False,False
65,1;4;6;7;9,5,6,0,,,,False,False
65,1;4;6;7;9,5,7,0,,,,False,False
65,1;4;6;7;9,5,8,0,,,,False,False
65,1;4;6;7;9,5,9,0,,,,False,False
65,1;4;6;7;9,5,10,0,,,,False,False
65,1;4;6;7;10,5,0,44,0.12585387776894924,0.41562706552225515,0.7506525013658502,False,False
65,1;4;6;7;10,5,1,44,0.12585387776894924,0.41562706552225515,0.7506525013658502,False,False
65,1;4;6;7;10,5,2,42,0.09601136444826372,0.5452807670406427,0.7638046329653619,False,False
65,1;4;6;7;10,5,3,42,0.09601136444826372,0.5452807670406427,0.7638046329653619,False,False
65,1;4;6;7;10,5,4,38,0.11261874941753831,0.5008300013488104,0.7558559619392049,False,False
65,1;4;6;7;10,5,5,34,0.08759331021367535,0.6222975937604721,0.7883633983234852,False,False
65,1;4;6;7;10,5,6,0,,,,False,False
65,1;4;6;7;10,5,7,0,,,,False,False
65,1;4;6;7;10,5,8,0,,,,False,False
65,1;4;6;7;10,5,9,0,,,,False,False
65,1;4;6;7;10,5,10,0,,,,False,False
65,1;4;6;8;9,5,0,44,0.22744130878787747,0.1376020799932775,0.7506525013658502,False,False
65,1;4;6;8;9,5,1,44,0.22744130878787747,0.1376020799932775,0.7506525013658502,False,False
65,1;4;6;8;9,5,2,43,0.2295756972932626,0.13862550983800379,0.7506525013658502,False,False
65,1;4;6;8;9,5,3,42,0.21169627780947187,0.17834875743587575,0.7506525013658502,False,False
65,1;4;6;8;9,5,4,38,0.1035830027257302,0.5360041684959098,0.7606083638416202,False,False
65,1;4;6;8;9,5,5,35,0.10224759440015503,0.5589030313179402,0.7688694341735423,False,False
65,1;4;6;8;9,5,6,0,,,,False,False
65,1;4;6;8;9,5,7,0,,,,False,False
65,1;4;6;8;9,5,8,0,,,,False,False
65,1;4;6;8;9,5,9,0,,,,False,False
65,1;4;6;8;9,5,10,0,,,,False,False
65,1;4;6;8;10,5,0,44,0.26294365238598516,0.08462671508619343,0.7506525013658502,False,False
65,1;4;6;8;10,5,1,44,0.26294365238598516,0.08462671508619343,0.7506525013658502,False,False
65,1;4;6;8;10,5,2,42,0.24097428780233007,0.12421594963614843,0.7506525013658502,False,False
65,1;4;6;8;10,5,3,42,0.24097428780233007,0.12421594963614843,0.7506525013658502,False,False
65,1;4;6;8;10,5,4,37,0.10896592249458562,0.5208859258637423,0.7595068223548466,False,False
65,1;4;6;8;10,5,5,35,0.15098374173099813,0.3866159539995099,0.7506525013658502,False,False
65,1;4;6;8;10,5,6,0,,,,False,False
65,1;4;6;8;10,5,7,0,,,,False,False
65,1;4;6;8;10,5,8,0,,,,False,False
65,1;4;6;8;10,5,9,0,,,,False,False
65,1;4;6;8;10,5,10,0,,,,False,False
65,1;4;6;9;10,5,0,44,0.179138319390452,0.2446259269650396,0.7506525013658502,False,False
65,1;4;6;9;10,5,1,44,0.179138319390452,0.2446259269650396,0.7506525013658502,False,False
65,1;4;6;9;10,5,2,42,0.15395353587911267,0.3303334758950749,0.7506525013658502,False,False
65,1;4;6;9;10,5,3,42,0.15395353587911267,0.3303334758950749,0.7506525013658502,False,False
65,1;4;6;9;10,5,4,40,0.11941339215659895,0.4629972974098442,0.7510354628300103,False,False
65,1;4;6;9;10,5,5,34,0.07019190061010484,0.6932387060992402,0.8233582539159958,False,False
65,1;4;6;9;10,5,6,0,,,,False,False
65,1;4;6;9;10,5,7,0,,,,False,False
65,1;4;6;9;10,5,8,0,,,,False,False
65,1;4;6;9;10,5,9,0,,,,False,False
65,1;4;6;9;10,5,10,0,,,,False,False
65,1;4;7;8;9,5,0,44,0.06082074799675827,0.6949190974453873,0.8236326481973787,False,False
65,1;4;7;8;9,5,1,44,0.06082074799675827,0.6949190974453873,0.8236326481973787,False,False
65,1;4;7;8;9,5,2,43,0.055404369336868584,0.7241811948560652,0.8403182999623742,False,False
65,1;4;7;8;9,5,3,42,0.029359337798393906,0.8535680184223279,0.91461160599483,False,False
65,1;4;7;8;9,5,4,40,0.02409311085950876,0.8826840340562985,0.9316714813071892,False,False
65,1;4;7;8;9,5,5,35,0.080056495615506,0.6475596615867719,0.8023796636191541,False,False
65,1;4;7;8;9,5,6,0,,,,False,False
65,1;4;7;8;9,5,7,0,,,,False,False
65,1;4;7;8;9,5,8,0,,,,False,False
65,1;4;7;8;9,5,9,0,,,,False,False
65,1;4;7;8;9,5,10,0,,,,False,False
65,1;4;7;8;10,5,0,44,0.08684637039537112,0.5751041269686673,0.7715780873298177,False,False
65,1;4;7;8;10,5,1,44,0.08684637039537112,0.5751041269686673,0.7715780873298177,False,False
65,1;4;7;8;10,5,2,42,0.059531953652144996,0.7080320848178772,0.83274767318327,False,False
65,1;4;7;8;10,5,3,42,0.059531953652144996,0.7080320848178772,0.83274767318327,False,False
65,1;4;7;8;10,5,4,39,0.0413073711681587,0.8028364213698044,0.8862217675605945,False,False
65,1;4;7;8;10,5,5,35,0.12205104331556965,0.4848905828822227,0.7526877465585478,False,False
65,1;4;7;8;10,5,6,0,,,,False,False
65,1;4;7;8;10,5,7,0,,,,False,False
65,1;4;7;8;10,5,8,0,,,,False,False
65,1;4;7;8;10,5,9,0,,,,False,False
65,1;4;7;8;10,5,10,0,,,,False,False
65,1;4;7;9;10,5,0,44,0.03847265919794941,0.8041779422254696,0.8862693037479475,False,False
65,1;4;7;9;10,5,1,44,0.03847265919794941,0.8041779422254696,0.8862693037479475,False,False
65,1;4;7;9;10,5,2,42,0.002439834166071516,0.9877651137869822,0.9935100182161297,False,False
65,1;4;7;9;10,5,3,42,0.002439834166071516,0.9877651137869822,0.9935100182161297,False,False
65,1;4;7;9;10,5,4,41,-0.024027019293326776,0.8814655819073236,0.9308316787699891,False,False
65,1;4;7;9;10,5,5,35,0.07153944372657348,0.6829900609505494,0.8187070960813969,False,False
65,1;4;7;9;10,5,6,0,,,,False,False
65,1;4;7;9;10,5,7,0,,,,False,False
65,1;4;7;9;10,5,8,0,,,,False,False
65,1;4;7;9;10,5,9,0,,,,False,False
65,1;4;7;9;10,5,10,0,,,,False,False
65,1;4;8;9;10,5,0,44,0.12920872859311322,0.40320427290669925,0.7506525013658502,False,False
65,1;4;8;9;10,5,1,44,0.12920872859311322,0.40320427290669925,0.7506525013658502,False,False
65,1;4;8;9;10,5,2,42,0.10100913447536075,0.5244572409788778,0.7595331817189964,False,False
65,1;4;8;9;10,5,3,41,0.09645756109030096,0.5485522656373107,0.7642468984047789,False,False
65,1;4;8;9;10,5,4,41,0.09645756109030096,0.5485522656373107,0.7642468984047789,False,False
65,1;4;8;9;10,5,5,36,0.1132980285233955,0.5105890130713915,0.7560570109542406,False,False
65,1;4;8;9;10,5,6,0,,,,False,False
65,1;4;8;9;10,5,7,0,,,,False,False
65,1;4;8;9;10,5,8,0,,,,False,False
65,1;4;8;9;10,5,9,0,,,,False,False
65,1;4;8;9;10,5,10,0,,,,False,False
65,1;5;6;7;8,5,0,44,0.11428642879390857,0.46009421419370194,0.7510354628300103,False,False
65,1;5;6;7;8,5,1,44,0.11428642879390857,0.46009421419370194,0.7510354628300103,False,False
65,1;5;6;7;8,5,2,43,0.11179404209559667,0.47539859122647965,0.7511248832058294,False,False
65,1;5;6;7;8,5,3,41,0.020288744770654718,0.8998058240827832,0.9435454447223474,False,False
65,1;5;6;7;8,5,4,38,0.10728668775435932,0.5214438284722926,0.7595331817189964,False,False
65,1;5;6;7;8,5,5,35,0.07851154570011903,0.6539330862824361,0.8047097253671885,False,False
65,1;5;6;7;8,5,6,0,,,,False,False
65,1;5;6;7;8,5,7,0,,,,False,False
65,1;5;6;7;8,5,8,0,,,,False,False
65,1;5;6;7;8,5,9,0,,,,False,False
65,1;5;6;7;8,5,10,0,,,,False,False
65,1;5;6;7;9,5,0,44,0.03182480999830374,0.8375123718494664,0.9046665201813385,False,False
65,1;5;6;7;9,5,1,44,0.03182480999830374,0.8375123718494664,0.9046665201813385,False,False
65,1;5;6;7;9,5,2,43,0.019857653579014457,0.899422715703787,0.9435454447223474,False,False
65,1;5;6;7;9,5,3,42,-0.011955187413750427,0.9401010251826893,0.9668576255980681,False,False
65,1;5;6;7;9,5,4,39,0.054488677541342075,0.7418115413749533,0.8500557093353476,False,False
65,1;5;6;7;9,5,5,35,0.03162352620526332,0.8568874494689892,0.9151946746725005,False,False
65,1;5;6;7;9,5,6,0,,,,False,False
65,1;5;6;7;9,5,7,0,,,,False,False
65,1;5;6;7;9,5,8,0,,,,False,False
65,1;5;6;7;9,5,9,0,,,,False,False
65,1;5;6;7;9,5,10,0,,,,False,False
65,1;5;6;7;10,5,0,44,0.0398163733978778,0.797479620517388,0.8822109326199017,False,False
65,1;5;6;7;10,5,1,44,0.0398163733978778,0.797479620517388,0.8822109326199017,False,False
65,1;5;6;7;10,5,2,42,-0.0006506224442857377,0.9967372494184757,0.9975491891785104,False,False
65,1;5;6;7;10,5,3,42,-0.0006506224442857377,0.9967372494184757,0.9975491891785104,False,False
65,1;5;6;7;10,5,4,39,0.06739924106326453,0.683510225979104,0.81879939902294,False,False
65,1;5;6;7;10,5,5,34,-0.0016858316740418196,0.992450282269322,0.9945549892300889,False,False
65,1;5;6;7;10,5,6,0,,,,False,False
65,1;5;6;7;10,5,7,0,,,,False,False
65,1;5;6;7;10,5,8,0,,,,False,False
65,1;5;6;7;10,5,9,0,,,,False,False
65,1;5;6;7;10,5,10,0,,,,False,False
65,1;5;6;8;9,5,0,44,0.0928577233950507,0.5488302174011442,0.7642468984047789,False,False
65,1;5;6;8;9,5,1,44,0.0928577233950507,0.5488302174011442,0.7642468984047789,False,False
65,1;5;6;8;9,5,2,43,0.08738883426184607,0.5773711467930783,0.7725530286974255,False,False
65,1;5;6;8;9,5,3,42,0.056278841430716306,0.7233371170905376,0.8394974325122185,False,False
65,1;5;6;8;9,5,4,38,0.013715969640589274,0.9348612427009998,0.9653475565493767,False,False
65,1;5;6;8;9,5,5,36,0.06210490714697606,0.7189769854059671,0.8379928776424039,False,False
65,1;5;6;8;9,5,6,0,,,,False,False
65,1;5;6;8;9,5,7,0,,,,False,False
65,1;5;6;8;9,5,8,0,,,,False,False
65,1;5;6;8;9,5,9,0,,,,False,False
65,1;5;6;8;9,5,10,0,,,,False,False
65,1;5;6;8;10,5,0,44,0.1407363819924988,0.36218416387209307,0.7506525013658502,False,False
65,1;5;6;8;10,5,1,44,0.1407363819924988,0.36218416387209307,0.7506525013658502,False,False
65,1;5;6;8;10,5,2,42,0.10767801452928957,0.4972954955018606,0.7558129676892907,False,False
65,1;5;6;8;10,5,3,42,0.10767801452928957,0.4972954955018606,0.7558129676892907,False,False
65,1;5;6;8;10,5,4,38,0.07154249764531366,0.6695009511087512,0.8126373888437242,False,False
65,1;5;6;8;10,5,5,35,0.059972146715475544,0.7321831634736194,0.8448161482378745,False,False
65,1;5;6;8;10,5,6,0,,,,False,False
65,1;5;6;8;10,5,7,0,,,,False,False
65,1;5;6;8;10,5,8,0,,,,False,False
65,1;5;6;8;10,5,9,0,,,,False,False
65,1;5;6;8;10,5,10,0,,,,False,False
65,1;5;6;9;10,5,0,44,0.0432817415976931,0.7802722901763159,0.8722862017385093,False,False
65,1;5;6;9;10,5,1,44,0.0432817415976931,0.7802722901763159,0.8722862017385093,False,False
65,1;5;6;9;10,5,2,42,-0.00040663902767858597,0.9979607775550556,0.9981232589581092,False,False
65,1;5;6;9;10,5,3,42,-0.00040663902767858597,0.9979607775550556,0.9981232589581092,False,False
65,1;5;6;9;10,5,4,40,0.07029298970920364,0.6664622741719655,0.812353866163547,False,False
65,1;5;6;9;10,5,5,35,0.027828703060631725,0.8739145290332421,0.926075030507367,False,False
65,1;5;6;9;10,5,6,0,,,,False,False
65,1;5;6;9;10,5,7,0,,,,False,False
65,1;5;6;9;10,5,8,0,,,,False,False
65,1;5;6;9;10,5,9,0,,,,False,False
65,1;5;6;9;10,5,10,0,,,,False,False
65,1;5;7;8;9,5,0,44,0.00650640559965321,0.966565222116612,0.9827359836155648,False,False
65,1;5;7;8;9,5,1,44,0.00650640559965321,0.966565222116612,0.9827359836155648,False,False
65,1;5;7;8;9,5,2,43,0.003107495407403026,0.9842214405078281,0.9908345311438197,False,False
65,1;5;7;8;9,5,3,42,-0.029521993409465343,0.8527656573749185,0.9139112758642924,False,False
65,1;5;7;8;9,5,4,40,-0.08874923258014358,0.5860443582444866,0.7763792306870566,False,False
65,1;5;7;8;9,5,5,36,0.06868983493179057,0.6905825267236172,0.8219818759277621,False,False
65,1;5;7;8;9,5,6,0,,,,False,False
65,1;5;7;8;9,5,7,0,,,,False,False
65,1;5;7;8;9,5,8,0,,,,False,False
65,1;5;7;8;9,5,9,0,,,,False,False
65,1;5;7;8;9,5,10,0,,,,False,False
65,1;5;7;8;10,5,0,44,0.042008749197760945,0.7865817749163796,0.8759919947990066,False,False
65,1;5;7;8;10,5,1,44,0.042008749197760945,0.7865817749163796,0.8759919947990066,False,False
65,1;5;7;8;10,5,2,42,0.006424896637321659,0.9677886731379627,0.9827359836155648,False,False
65,1;5;7;8;10,5,3,42,0.006424896637321659,0.9677886731379627,0.9827359836155648,False,False
65,1;5;7;8;10,5,4,40,-0.045645151433053706,0.7797254553866707,0.8722862017385093,False,False
65,1;5;7;8;10,5,5,35,0.06137664663855459,0.7261492238190987,0.8410096999454096,False,False
65,1;5;7;8;10,5,6,0,,,,False,False
65,1;5;7;8;10,5,7,0,,,,False,False
65,1;5;7;8;10,5,8,0,,,,False,False
65,1;5;7;8;10,5,9,0,,,,False,False
65,1;5;7;8;10,5,10,0,,,,False,False
65,1;5;7;9;10,5,0,44,-0.009830330199476047,0.9495026896971841,0.9711613424591744,False,False
65,1;5;7;9;10,5,1,44,-0.009830330199476047,0.9495026896971841,0.9711613424591744,False,False
65,1;5;7;9;10,5,2,42,-0.051399173098573274,0.7464939134036871,0.8528208988020998,False,False
65,1;5;7;9;10,5,3,42,-0.051399173098573274,0.7464939134036871,0.8528208988020998,False,False
65,1;5;7;9;10,5,4,41,-0.04062750535053437,0.8008849225255216,0.8843854177735536,False,False
65,1;5;7;9;10,5,5,36,0.09292489080964994,0.5898584739945466,0.7773945074295122,False,False
65,1;5;7;9;10,5,6,0,,,,False,False
65,1;5;7;9;10,5,7,0,,,,False,False
65,1;5;7;9;10,5,8,0,,,,False,False
65,1;5;7;9;10,5,9,0,,,,False,False
65,1;5;7;9;10,5,10,0,,,,False,False
65,1;5;8;9;10,5,0,44,0.010891157199419504,0.9440615336522975,0.9696321687386831,False,False
65,1;5;8;9;10,5,1,44,0.010891157199419504,0.9440615336522975,0.9696321687386831,False,False
65,1;5;8;9;10,5,2,42,-0.027651453882143847,0.862001458770333,0.918790202992081,False,False
65,1;5;8;9;10,5,3,41,0.009173952821088406,0.9546037606175612,0.9743326145983874,False,False
65,1;5;8;9;10,5,4,41,0.009173952821088406,0.9546037606175612,0.9743326145983874,False,False
65,1;5;8;9;10,5,5,37,0.06717824111737032,0.6928053193059418,0.8231920844287043,False,False
65,1;5;8;9;10,5,6,0,,,,False,False
65,1;5;8;9;10,5,7,0,,,,False,False
65,1;5;8;9;10,5,8,0,,,,False,False
65,1;5;8;9;10,5,9,0,,,,False,False
65,1;5;8;9;10,5,10,0,,,,False,False
65,1;6;7;8;9,5,0,44,0.04710071879748954,0.7614288452874982,0.8623630893438609,False,False
65,1;6;7;8;9,5,1,44,0.04710071879748954,0.7614288452874982,0.8623630893438609,False,False
65,1;6;7;8;9,5,2,43,0.03903317401981849,0.8037398695841448,0.8862693037479475,False,False
65,1;6;7;8;9,5,3,42,0.010409959108571802,0.947831658841444,0.9710658971541436,False,False
65,1;6;7;8;9,5,4,40,0.045407850324719064,0.7808424608118587,0.8724197090260369,False,False
65,1;6;7;8;9,5,5,35,-0.004494399753852968,0.9795575097470799,0.9885252446861921,False,False
65,1;6;7;8;9,5,6,0,,,,False,False
65,1;6;7;8;9,5,7,0,,,,False,False
65,1;6;7;8;9,5,8,0,,,,False,False
65,1;6;7;8;9,5,9,0,,,,False,False
65,1;6;7;8;9,5,10,0,,,,False,False
65,1;6;7;8;10,5,0,44,0.09130184379513363,0.5555754315191245,0.7667025748435622,False,False
65,1;6;7;8;10,5,1,44,0.09130184379513363,0.5555754315191245,0.7667025748435622,False,False
65,1;6;7;8;10,5,2,42,0.05701079168053775,0.719883944308261,0.8379928776424039,False,False
65,1;6;7;8;10,5,3,42,0.05701079168053775,0.719883944308261,0.8379928776424039,False,False
65,1;6;7;8;10,5,4,39,0.035651023816215356,0.829404621460455,0.9000234215918699,False,False
65,1;6;7;8;10,5,5,35,-0.008848349515398032,0.9597659233065029,0.9780759898592978,False,False
65,1;6;7;8;10,5,6,0,,,,False,False
65,1;6;7;8;10,5,7,0,,,,False,False
65,1;6;7;8;10,5,8,0,,,,False,False
65,1;6;7;8;10,5,9,0,,,,False,False
65,1;6;7;8;10,5,10,0,,,,False,False
65,1;6;7;9;10,5,0,44,-0.006223518399668289,0.9680181404619539,0.9827359836155648,False,False
65,1;6;7;9;10,5,1,44,-0.006223518399668289,0.9680181404619539,0.9827359836155648,False,False
65,1;6;7;9;10,5,2,42,-0.04651950476643024,0.7698730438618305,0.8671333304462692,False,False
65,1;6;7;9;10,5,3,42,-0.04651950476643024,0.7698730438618305,0.8671333304462692,False,False
65,1;6;7;9;10,5,4,41,0.009532211982764499,0.952832905360738,0.9734329848047586,False,False
65,1;6;7;9;10,5,5,35,-0.03162352620526332,0.8568874494689892,0.9151946746725005,False,False
65,1;6;7;9;10,5,6,0,,,,False,False
65,1;6;7;9;10,5,7,0,,,,False,False
65,1;6;7;9;10,5,8,0,,,,False,False
65,1;6;7;9;10,5,9,0,,,,False,False
65,1;6;7;9;10,5,10,0,,,,False,False
65,1;6;8;9;10,5,0,44,0.06258879299666403,0.686498618811091,0.8202997501179793,False,False
65,1;6;8;9;10,5,1,44,0.06258879299666403,0.686498618811091,0.8202997501179793,False,False
65,1;6;8;9;10,5,2,42,0.027895437298750995,0.8607957322149284,0.918093877832045,False,False
65,1;6;8;9;10,5,3,42,0.027895437298750995,0.8607957322149284,0.918093877832045,False,False
65,1;6;8;9;10,5,4,40,0.08649050343706464,0.595651402926157,0.7785811597048389,False,False
65,1;6;8;9;10,5,5,36,-0.07303722567681305,0.6720589799712952,0.8143942179506196,False,False
65,1;6;8;9;10,5,6,0,,,,False,False
65,1;6;8;9;10,5,7,0,,,,False,False
65,1;6;8;9;10,5,8,0,,,,False,False
65,1;6;8;9;10,5,9,0,,,,False,False
65,1;6;8;9;10,5,10,0,,,,False,False
65,1;7;8;9;10,5,0,44,-0.031966253598296204,0.836799974521277,0.9042149944563244,False,False
65,1;7;8;9;10,5,1,44,-0.031966253598296204,0.836799974521277,0.9042149944563244,False,False
65,1;7;8;9;10,5,2,42,-0.06969792934410964,0.6609537384011883,0.8097648698395292,False,False
65,1;7;8;9;10,5,3,42,-0.06969792934410964,0.6609537384011883,0.8097648698395292,False,False
65,1;7;8;9;10,5,4,40,-0.01637578628732236,0.9201125120428088,0.9559024457092802,False,False
65,1;7;8;9;10,5,5,38,-0.06749371157841658,0.6872275407711496,0.8206918318345978,False,False
65,1;7;8;9;10,5,6,0,,,,False,False
65,1;7;8;9;10,5,7,0,,,,False,False
65,1;7;8;9;10,5,8,0,,,,False,False
65,1;7;8;9;10,5,9,0,,,,False,False
65,1;7;8;9;10,5,10,0,,,,False,False
65,2;3;4;5;6,5,0,44,0.36131767618074184,0.015963609859186614,0.7506525013658502,True,False
65,2;3;4;5;6,5,1,44,0.36131767618074184,0.015963609859186614,0.7506525013658502,True,False
65,2;3;4;5;6,5,2,41,0.32151677512447574,0.040381288414013346,0.7506525013658502,True,False
65,2;3;4;5;6,5,3,39,0.28525161697785556,0.07837155464535851,0.7506525013658502,False,False
65,2;3;4;5;6,5,4,38,0.26365950593471515,0.10971847086410098,0.7506525013658502,False,False
65,2;3;4;5;6,5,5,35,0.19705133920799106,0.2565422262729457,0.7506525013658502,False,False
65,2;3;4;5;6,5,6,0,,,,False,False
65,2;3;4;5;6,5,7,0,,,,False,False
65,2;3;4;5;6,5,8,0,,,,False,False
65,2;3;4;5;6,5,9,0,,,,False,False
65,2;3;4;5;6,5,10,0,,,,False,False
65,2;3;4;5;7,5,0,44,0.16937871099097218,0.27170178333795986,0.7506525013658502,False,False
65,2;3;4;5;7,5,1,44,0.16937871099097218,0.27170178333795986,0.7506525013658502,False,False
65,2;3;4;5;7,5,2,42,0.15533610857321986,0.32595615107323167,0.7506525013658502,False,False
65,2;3;4;5;7,5,3,40,0.24508065753569924,0.12745199351520467,0.7506525013658502,False,False
65,2;3;4;5;7,5,4,38,0.2766173658681997,0.09272294437156334,0.7506525013658502,False,False
65,2;3;4;5;7,5,5,35,0.192697389446446,0.26741083281837474,0.7506525013658502,False,False
65,2;3;4;5;7,5,6,0,,,,False,False
65,2;3;4;5;7,5,7,0,,,,False,False
65,2;3;4;5;7,5,8,0,,,,False,False
65,2;3;4;5;7,5,9,0,,,,False,False
65,2;3;4;5;7,5,10,0,,,,False,False
65,2;3;4;5;8,5,0,44,0.2790682227851258,0.06658375684120028,0.7506525013658502,False,False
65,2;3;4;5;8,5,1,44,0.2790682227851258,0.06658375684120028,0.7506525013658502,False,False
65,2;3;4;5;8,5,2,42,0.26821910265679527,0.0859010539486707,0.7506525013658502,False,False
65,2;3;4;5;8,5,3,40,0.2785371479775673,0.08179048373352206,0.7506525013658502,False,False
65,2;3;4;5;8,5,4,37,0.2436106350092833,0.1462351992169828,0.7506525013658502,False,False
65,2;3;4;5;8,5,5,36,0.19393612965311985,0.25706657402806277,0.7506525013658502,False,False
65,2;3;4;5;8,5,6,0,,,,False,False
65,2;3;4;5;8,5,7,0,,,,False,False
65,2;3;4;5;8,5,8,0,,,,False,False
65,2;3;4;5;8,5,9,0,,,,False,False
65,2;3;4;5;8,5,10,0,,,,False,False
65,2;3;4;5;9,5,0,44,0.2260268727879528,0.14013225610491492,0.7506525013658502,False,False
65,2;3;4;5;9,5,1,44,0.2260268727879528,0.14013225610491492,0.7506525013658502,False,False
65,2;3;4;5;9,5,2,42,0.2137294729478648,0.17411848072399141,0.7506525013658502,False,False
65,2;3;4;5;9,5,3,41,0.24535655996716857,0.12205498266786231,0.7506525013658502,False,False
65,2;3;4;5;9,5,4,38,0.2309642219985798,0.16297226727959976,0.7506525013658502,False,False
65,2;3;4;5;9,5,5,36,0.24609553642855794,0.1479469284782548,0.7506525013658502,False,False
65,2;3;4;5;9,5,6,0,,,,False,False
65,2;3;4;5;9,5,7,0,,,,False,False
65,2;3;4;5;9,5,8,0,,,,False,False
65,2;3;4;5;9,5,9,0,,,,False,False
65,2;3;4;5;9,5,10,0,,,,False,False
65,2;3;4;5;10,5,0,43,0.20728963567756128,0.18227768505533676,0.7506525013658502,False,False
65,2;3;4;5;10,5,1,43,0.20728963567756128,0.18227768505533676,0.7506525013658502,False,False
65,2;3;4;5;10,5,2,42,0.20844316558804318,0.18526936190236856,0.7506525013658502,False,False
65,2;3;4;5;10,5,3,41,0.24185896110805,0.12763882663862605,0.7506525013658502,False,False
65,2;3;4;5;10,5,4,38,0.22317397983140677,0.17803211415880194,0.7506525013658502,False,False
65,2;3;4;5;10,5,5,35,0.1789332902002713,0.3037294225394072,0.7506525013658502,False,False
65,2;3;4;5;10,5,6,0,,,,False,False
65,2;3;4;5;10,5,7,0,,,,False,False
65,2;3;4;5;10,5,8,0,,,,False,False
65,2;3;4;5;10,5,9,0,,,,False,False
65,2;3;4;5;10,5,10,0,,,,False,False
65,2;3;4;6;7,5,0,44,0.229138631987787,0.13461086372787381,0.7506525013658502,False,False
65,2;3;4;6;7,5,1,44,0.229138631987787,0.13461086372787381,0.7506525013658502,False,False
65,2;3;4;6;7,5,2,42,0.22983237844393678,0.14313495437207238,0.7506525013658502,False,False
65,2;3;4;6;7,5,3,40,0.25836135419693423,0.10747017804623824,0.7506525013658502,False,False
65,2;3;4;6;7,5,4,37,0.19783704082745115,0.24050026730467688,0.7506525013658502,False,False
65,2;3;4;6;7,5,5,35,0.25158271958853934,0.14486893897965714,0.7506525013658502,False,False
65,2;3;4;6;7,5,6,0,,,,False,False
65,2;3;4;6;7,5,7,0,,,,False,False
65,2;3;4;6;7,5,8,0,,,,False,False
65,2;3;4;6;7,5,9,0,,,,False,False
65,2;3;4;6;7,5,10,0,,,,False,False
65,2;3;4;6;8,5,0,44,0.2927175301843982,0.05382515089406862,0.7506525013658502,False,False
65,2;3;4;6;8,5,1,44,0.2927175301843982,0.05382515089406862,0.7506525013658502,False,False
65,2;3;4;6;8,5,2,42,0.29107221601233185,0.06146210872700969,0.7506525013658502,False,False
65,2;3;4;6;8,5,3,40,0.20372733965251122,0.20734479607387066,0.7506525013658502,False,False
65,2;3;4;6;8,5,4,37,0.17726864655873176,0.29389518061072817,0.7506525013658502,False,False
65,2;3;4;6;8,5,5,35,0.15238824165407722,0.3821621100926635,0.7506525013658502,False,False
65,2;3;4;6;8,5,6,0,,,,False,False
65,2;3;4;6;8,5,7,0,,,,False,False
65,2;3;4;6;8,5,8,0,,,,False,False
65,2;3;4;6;8,5,9,0,,,,False,False
65,2;3;4;6;8,5,10,0,,,,False,False
65,2;3;4;6;9,5,0,44,0.24087845078716122,0.1152332134085594,0.7506525013658502,False,False
65,2;3;4;6;9,5,1,44,0.24087845078716122,0.1152332134085594,0.7506525013658502,False,False
65,2;3;4;6;9,5,2,42,0.23853445363625858,0.12818899497991781,0.7506525013658502,False,False
65,2;3;4;6;9,5,3,41,0.18869545844944755,0.23739401462738746,0.7506525013658502,False,False
65,2;3;4;6;9,5,4,39,0.1910139877306324,0.24408600856820645,0.7506525013658502,False,False
65,2;3;4;6;9,5,5,34,0.1566290882609763,0.37636530103368115,0.7506525013658502,False,False
65,2;3;4;6;9,5,6,0,,,,False,False
65,2;3;4;6;9,5,7,0,,,,False,False
65,2;3;4;6;9,5,8,0,,,,False,False
65,2;3;4;6;9,5,9,0,,,,False,False
65,2;3;4;6;9,5,10,0,,,,False,False
65,2;3;4;6;10,5,0,43,0.27047660795646705,0.079390757575322,0.7506525013658502,False,False
65,2;3;4;6;10,5,1,43,0.27047660795646705,0.079390757575322,0.7506525013658502,False,False
65,2;3;4;6;10,5,2,42,0.27830375054322426,0.07432179505531548,0.7506525013658502,False,False
65,2;3;4;6;10,5,3,41,0.23022944490148073,0.14757968216653516,0.7506525013658502,False,False
65,2;3;4;6;10,5,4,38,0.18400332555421298,0.2687882899097598,0.7506525013658502,False,False
65,2;3;4;6;10,5,5,34,0.1862077712691646,0.2916939264868705,0.7506525013658502,False,False
65,2;3;4;6;10,5,6,0,,,,False,False
65,2;3;4;6;10,5,7,0,,,,False,False
65,2;3;4;6;10,5,8,0,,,,False,False
65,2;3;4;6;10,5,9,0,,,,False,False
65,2;3;4;6;10,5,10,0,,,,False,False
65,2;3;4;7;8,5,0,44,0.19024164198986018,0.2161148058174478,0.7506525013658502,False,False
65,2;3;4;7;8,5,1,44,0.19024164198986018,0.2161148058174478,0.7506525013658502,False,False
65,2;3;4;7;8,5,2,42,0.18193030098339938,0.24886289482113877,0.7506525013658502,False,False
65,2;3;4;7;8,5,3,42,0.18193030098339938,0.24886289482113877,0.7506525013658502,False,False
65,2;3;4;7;8,5,4,37,0.16002924095778198,0.34408416520165847,0.7506525013658502,False,False
65,2;3;4;7;8,5,5,35,0.14915789183099537,0.3924508805781648,0.7506525013658502,False,False
65,2;3;4;7;8,5,6,0,,,,False,False
65,2;3;4;7;8,5,7,0,,,,False,False
65,2;3;4;7;8,5,8,0,,,,False,False
65,2;3;4;7;8,5,9,0,,,,False,False
65,2;3;4;7;8,5,10,0,,,,False,False
65,2;3;4;7;9,5,0,44,0.11973200739361832,0.4388484601418167,0.7509041397983071,False,False
65,2;3;4;7;9,5,1,44,0.11973200739361832,0.4388484601418167,0.7509041397983071,False,False
65,2;3;4;7;9,5,2,42,0.10938589844553964,0.49045733749223913,0.7550319149425593,False,False
65,2;3;4;7;9,5,3,42,0.10938589844553964,0.49045733749223913,0.7550319149425593,False,False
65,2;3;4;7;9,5,4,40,0.14929010076636562,0.3578758847361976,0.7506525013658502,False,False
65,2;3;4;7;9,5,5,34,0.1281232072271783,0.4702202910531577,0.7510354628300103,False,False
65,2;3;4;7;9,5,6,0,,,,False,False
65,2;3;4;7;9,5,7,0,,,,False,False
65,2;3;4;7;9,5,8,0,,,,False,False
65,2;3;4;7;9,5,9,0,,,,False,False
65,2;3;4;7;9,5,10,0,,,,False,False
65,2;3;4;7;10,5,0,43,0.15955846956759653,0.3067667305804332,0.7506525013658502,False,False
65,2;3;4;7;10,5,1,43,0.15955846956759653,0.3067667305804332,0.7506525013658502,False,False
65,2;3;4;7;10,5,2,42,0.15858922079464854,0.315800418082666,0.7506525013658502,False,False
65,2;3;4;7;10,5,3,42,0.15858922079464854,0.315800418082666,0.7506525013658502,False,False
65,2;3;4;7;10,5,4,39,0.14602770566541698,0.37505707203119815,0.7506525013658502,False,False
65,2;3;4;7;10,5,5,34,0.20122699891062806,0.25379611421073434,0.7506525013658502,False,False
65,2;3;4;7;10,5,6,0,,,,False,False
65,2;3;4;7;10,5,7,0,,,,False,False
65,2;3;4;7;10,5,8,0,,,,False,False
65,2;3;4;7;10,5,9,0,,,,False,False
65,2;3;4;7;10,5,10,0,,,,False,False
65,2;3;4;8;9,5,0,44,0.18493750699014289,0.22943283208646273,0.7506525013658502,False,False
65,2;3;4;8;9,5,1,44,0.18493750699014289,0.22943283208646273,0.7506525013658502,False,False
65,2;3;4;8;9,5,2,42,0.1783518775398278,0.2584511066404798,0.7506525013658502,False,False
65,2;3;4;8;9,5,3,42,0.1783518775398278,0.2584511066404798,0.7506525013658502,False,False
65,2;3;4;8;9,5,4,39,0.06869980887767906,0.6777297594477923,0.8170155842762705,False,False
65,2;3;4;8;9,5,5,35,0.11544989367709811,0.5089846711715537,0.7558559619392049,False,False
65,2;3;4;8;9,5,6,0,,,,False,False
65,2;3;4;8;9,5,7,0,,,,False,False
65,2;3;4;8;9,5,8,0,,,,False,False
65,2;3;4;8;9,5,9,0,,,,False,False
65,2;3;4;8;9,5,10,0,,,,False,False
65,2;3;4;8;10,5,0,43,0.21638128636517362,0.16341721012387017,0.7506525013658502,False,False
65,2;3;4;8;10,5,1,43,0.21638128636517362,0.16341721012387017,0.7506525013658502,False,False
65,2;3;4;8;10,5,2,42,0.22145561447375794,0.15870087607825484,0.7506525013658502,False,False
65,2;3;4;8;10,5,3,42,0.22145561447375794,0.15870087607825484,0.7506525013658502,False,False
65,2;3;4;8;10,5,4,38,0.06821314601007851,0.6840652906995498,0.8188860737573265,False,False
65,2;3;4;8;10,5,5,35,0.1839894899233559,0.2900413796421825,0.7506525013658502,False,False
65,2;3;4;8;10,5,6,0,,,,False,False
65,2;3;4;8;10,5,7,0,,,,False,False
65,2;3;4;8;10,5,8,0,,,,False,False
65,2;3;4;8;10,5,9,0,,,,False,False
65,2;3;4;8;10,5,10,0,,,,False,False
65,2;3;4;9;10,5,0,43,0.16865012025520884,0.2796563256529071,0.7506525013658502,False,False
65,2;3;4;9;10,5,1,43,0.16865012025520884,0.2796563256529071,0.7506525013658502,False,False
65,2;3;4;9;10,5,2,42,0.17469212629072053,0.2685087928052802,0.7506525013658502,False,False
65,2;3;4;9;10,5,3,42,0.17469212629072053,0.2685087928052802,0.7506525013658502,False,False
65,2;3;4;9;10,5,4,40,0.12035439603490154,0.45945406598780664,0.7510354628300103,False,False
65,2;3;4;9;10,5,5,35,0.12879264294634912,0.46090650841068137,0.7510354628300103,False,False
65,2;3;4;9;10,5,6,0,,,,False,False
65,2;3;4;9;10,5,7,0,,,,False,False
65,2;3;4;9;10,5,8,0,,,,False,False
65,2;3;4;9;10,5,9,0,,,,False,False
65,2;3;4;9;10,5,10,0,,,,False,False
65,2;3;5;6;7,5,0,44,0.16407457599125486,0.2872159506515465,0.7506525013658502,False,False
65,2;3;5;6;7,5,1,44,0.16407457599125486,0.2872159506515465,0.7506525013658502,False,False
65,2;3;5;6;7,5,2,42,0.1503751124355411,0.34183201086433584,0.7506525013658502,False,False
65,2;3;5;6;7,5,3,40,0.23245928624062476,0.14889650192960494,0.7506525013658502,False,False
65,2;3;5;6;7,5,4,38,0.16526762033808676,0.321399552406243,0.7506525013658502,False,False
65,2;3;5;6;7,5,5,35,0.18215151094231674,0.2949705479006133,0.7506525013658502,False,False
65,2;3;5;6;7,5,6,0,,,,False,False
65,2;3;5;6;7,5,7,0,,,,False,False
65,2;3;5;6;7,5,8,0,,,,False,False
65,2;3;5;6;7,5,9,0,,,,False,False
65,2;3;5;6;7,5,10,0,,,,False,False
65,2;3;5;6;8,5,0,44,0.2323918347876136,0.1290135107895187,0.7506525013658502,False,False
65,2;3;5;6;8,5,1,44,0.2323918347876136,0.1290135107895187,0.7506525013658502,False,False
65,2;3;5;6;8,5,2,42,0.2190971081132221,0.16329788658080183,0.7506525013658502,False,False
65,2;3;5;6;8,5,3,40,0.20824415826836365,0.1972317220831332,0.7506525013658502,False,False
65,2;3;5;6;8,5,4,38,0.1895361546202909,0.25440408108757395,0.7506525013658502,False,False
65,2;3;5;6;8,5,5,35,0.13005669287712027,0.4564810588187392,0.7510354628300103,False,False
65,2;3;5;6;8,5,6,0,,,,False,False
65,2;3;5;6;8,5,7,0,,,,False,False
65,2;3;5;6;8,5,8,0,,,,False,False
65,2;3;5;6;8,5,9,0,,,,False,False
65,2;3;5;6;8,5,10,0,,,,False,False
65,2;3;5;6;9,5,0,44,0.1748242895906819,0.25636007297478414,0.7506525013658502,False,False
65,2;3;5;6;9,5,1,44,0.1748242895906819,0.25636007297478414,0.7506525013658502,False,False
65,2;3;5;6;9,5,2,42,0.16013444909982716,0.31104725731437516,0.7506525013658502,False,False
65,2;3;5;6;9,5,3,41,0.1734809034122817,0.2780465761261532,0.7506525013658502,False,False
65,2;3;5;6;9,5,4,39,0.19263877444179142,0.2400219235002391,0.7506525013658502,False,False
65,2;3;5;6;9,5,5,35,0.2004228816386911,0.24832979948014153,0.7506525013658502,False,False
65,2;3;5;6;9,5,6,0,,,,False,False
65,2;3;5;6;9,5,7,0,,,,False,False
65,2;3;5;6;9,5,8,0,,,,False,False
65,2;3;5;6;9,5,9,0,,,,False,False
65,2;3;5;6;9,5,10,0,,,,False,False
65,2;3;5;6;10,5,0,43,0.18331732788857616,0.23932582817820217,0.7506525013658502,False,False
65,2;3;5;6;10,5,1,43,0.18331732788857616,0.23932582817820217,0.7506525013658502,False,False
65,2;3;5;6;10,5,2,42,0.1871352805376853,0.235348443333897,0.7506525013658502,False,False
65,2;3;5;6;10,5,3,41,0.18922009827831532,0.2360683516715865,0.7506525013658502,False,False
65,2;3;5;6;10,5,4,39,0.2132532558396215,0.19240743611195738,0.7506525013658502,False,False
65,2;3;5;6;10,5,5,34,0.1860545138442517,0.29209836386870625,0.7506525013658502,False,False
65,2;3;5;6;10,5,6,0,,,,False,False
65,2;3;5;6;10,5,7,0,,,,False,False
65,2;3;5;6;10,5,8,0,,,,False,False
65,2;3;5;6;10,5,9,0,,,,False,False
65,2;3;5;6;10,5,10,0,,,,False,False
65,2;3;5;7;8,5,0,44,0.16152859119139057,0.29486339090088176,0.7506525013658502,False,False
65,2;3;5;7;8,5,1,44,0.16152859119139057,0.29486339090088176,0.7506525013658502,False,False
65,2;3;5;7;8,5,2,42,0.14622739435321952,0.35546396192657603,0.7506525013658502,False,False
65,2;3;5;7;8,5,3,42,0.14622739435321952,0.35546396192657603,0.7506525013658502,False,False
65,2;3;5;7;8,5,4,38,0.18942634224797317,0.2546844813247581,0.7506525013658502,False,False
65,2;3;5;7;8,5,5,35,0.15997254123870408,0.3586344027836643,0.7506525013658502,False,False
65,2;3;5;7;8,5,6,0,,,,False,False
65,2;3;5;7;8,5,7,0,,,,False,False
65,2;3;5;7;8,5,8,0,,,,False,False
65,2;3;5;7;8,5,9,0,,,,False,False
65,2;3;5;7;8,5,10,0,,,,False,False
65,2;3;5;7;9,5,0,44,0.1048804293944099,0.49806187582516304,0.7558129676892907,False,False
65,2;3;5;7;9,5,1,44,0.1048804293944099,0.49806187582516304,0.7558129676892907,False,False
65,2;3;5;7;9,5,2,42,0.09385228758821765,0.5543971175130147,0.7667025748435622,False,False
65,2;3;5;7;9,5,3,42,0.09385228758821765,0.5543971175130147,0.7667025748435622,False,False
65,2;3;5;7;9,5,4,40,0.21616453076265557,0.1803445891514305,0.7506525013658502,False,False
65,2;3;5;7;9,5,5,35,0.20745033190652742,0.23178134614312224,0.7506525013658502,False,False
65,2;3;5;7;9,5,6,0,,,,False,False
65,2;3;5;7;9,5,7,0,,,,False,False
65,2;3;5;7;9,5,8,0,,,,False,False
65,2;3;5;7;9,5,9,0,,,,False,False
65,2;3;5;7;9,5,10,0,,,,False,False
65,2;3;5;7;10,5,0,43,0.1184187502061507,0.449464045539631,0.7509923134248312,False,False
65,2;3;5;7;10,5,1,43,0.1184187502061507,0.449464045539631,0.7509923134248312,False,False
65,2;3;5;7;10,5,2,42,0.1201211687762543,0.44861216248671953,0.7509923134248312,False,False
65,2;3;5;7;10,5,3,42,0.1201211687762543,0.44861216248671953,0.7509923134248312,False,False
65,2;3;5;7;10,5,4,40,0.23820483586002433,0.13882839359114094,0.7506525013658502,False,False
65,2;3;5;7;10,5,5,34,0.20812358303170828,0.23754137801979125,0.7506525013658502,False,False
65,2;3;5;7;10,5,6,0,,,,False,False
65,2;3;5;7;10,5,7,0,,,,False,False
65,2;3;5;7;10,5,8,0,,,,False,False
65,2;3;5;7;10,5,9,0,,,,False,False
65,2;3;5;7;10,5,10,0,,,,False,False
65,2;3;5;8;9,5,0,44,0.14731350939214824,0.33995403737398655,0.7506525013658502,False,False
65,2;3;5;8;9,5,1,44,0.14731350939214824,0.33995403737398655,0.7506525013658502,False,False
65,2;3;5;8;9,5,2,42,0.13044980007929038,0.41026625799826766,0.7506525013658502,False,False
65,2;3;5;8;9,5,3,42,0.13044980007929038,0.41026625799826766,0.7506525013658502,False,False
65,2;3;5;8;9,5,4,39,0.1324272534495881,0.421599439832856,0.7506525013658502,False,False
65,2;3;5;8;9,5,5,36,0.20025927439700594,0.241574782347861,0.7506525013658502,False,False
65,2;3;5;8;9,5,6,0,,,,False,False
65,2;3;5;8;9,5,7,0,,,,False,False
65,2;3;5;8;9,5,8,0,,,,False,False
65,2;3;5;8;9,5,9,0,,,,False,False
65,2;3;5;8;9,5,10,0,,,,False,False
65,2;3;5;8;10,5,0,43,0.2024407553108347,0.19294932553464145,0.7506525013658502,False,False
65,2;3;5;8;10,5,1,43,0.2024407553108347,0.19294932553464145,0.7506525013658502,False,False
65,2;3;5;8;10,5,2,42,0.2080365265603646,0.1861476848948111,0.7506525013658502,False,False
65,2;3;5;8;10,5,3,42,0.2080365265603646,0.1861476848948111,0.7506525013658502,False,False
65,2;3;5;8;10,5,4,39,0.22801842030745179,0.16267985152018885,0.7506525013658502,False,False
65,2;3;5;8;10,5,5,35,0.26601228543117256,0.12244904245934869,0.7506525013658502,False,False
65,2;3;5;8;10,5,6,0,,,,False,False
65,2;3;5;8;10,5,7,0,,,,False,False
65,2;3;5;8;10,5,8,0,,,,False,False
65,2;3;5;8;10,5,9,0,,,,False,False
65,2;3;5;8;10,5,10,0,,,,False,False
65,2;3;5;9;10,5,0,43,0.14273891579551368,0.3611857090519333,0.7506525013658502,False,False
65,2;3;5;9;10,5,1,43,0.14273891579551368,0.3611857090519333,0.7506525013658502,False,False
65,2;3;5;9;10,5,2,42,0.14826058949161247,0.3487409250688549,0.7506525013658502,False,False
65,2;3;5;9;10,5,3,42,0.14826058949161247,0.3487409250688549,0.7506525013658502,False,False
65,2;3;5;9;10,5,4,40,0.21294917765987662,0.18707118052562346,0.7506525013658502,False,False
65,2;3;5;9;10,5,5,36,0.316334766133246,0.06016055702885622,0.7506525013658502,False,False
65,2;3;5;9;10,5,6,0,,,,False,False
65,2;3;5;9;10,5,7,0,,,,False,False
65,2;3;5;9;10,5,8,0,,,,False,False
65,2;3;5;9;10,5,9,0,,,,False,False
65,2;3;5;9;10,5,10,0,,,,False,False
65,2;3;6;7;8,5,0,44,0.16400385419125862,0.28742662104211164,0.7506525013658502,False,False
65,2;3;6;7;8,5,1,44,0.16400385419125862,0.28742662104211164,0.7506525013658502,False,False
65,2;3;6;7;8,5,2,42,0.1607850715441129,0.30905958185966553,0.7506525013658502,False,False
65,2;3;6;7;8,5,3,42,0.1607850715441129,0.30905958185966553,0.7506525013658502,False,False
65,2;3;6;7;8,5,4,36,0.07876090095562452,0.6479598757672518,0.8023796636191541,False,False
65,2;3;6;7;8,5,5,36,0.07876090095562452,0.6479598757672518,0.8023796636191541,False,False
65,2;3;6;7;8,5,6,0,,,,False,False
65,2;3;6;7;8,5,7,0,,,,False,False
65,2;3;6;7;8,5,8,0,,,,False,False
65,2;3;6;7;8,5,9,0,,,,False,False
65,2;3;6;7;8,5,10,0,,,,False,False
65,2;3;6;7;9,5,0,44,0.11654952639378793,0.45119818306926684,0.7509923134248312,False,False
65,2;3;6;7;9,5,1,44,0.11654952639378793,0.45119818306926684,0.7509923134248312,False,False
65,2;3;6;7;9,5,2,42,0.11410291116661123,0.4718266111649019,0.7510354628300103,False,False
65,2;3;6;7;9,5,3,42,0.11410291116661123,0.4718266111649019,0.7510354628300103,False,False
65,2;3;6;7;9,5,4,39,0.18176446911179034,0.2681022202148915,0.7506525013658502,False,False
65,2;3;6;7;9,5,5,35,0.07575591388727526,0.6653606922816113,0.81185344476025,False,False
65,2;3;6;7;9,5,6,0,,,,False,False
65,2;3;6;7;9,5,7,0,,,,False,False
65,2;3;6;7;9,5,8,0,,,,False,False
65,2;3;6;7;9,5,9,0,,,,False,False
65,2;3;6;7;9,5,10,0,,,,False,False
65,2;3;6;7;10,5,0,43,0.1453148834903372,0.35249405609172496,0.7506525013658502,False,False
65,2;3;6;7;10,5,1,43,0.1453148834903372,0.35249405609172496,0.7506525013658502,False,False
65,2;3;6;7;10,5,2,42,0.15102573487982685,0.33972325929084474,0.7506525013658502,False,False
65,2;3;6;7;10,5,3,42,0.15102573487982685,0.33972325929084474,0.7506525013658502,False,False
65,2;3;6;7;10,5,4,38,0.17712735654839462,0.2873957082631256,0.7506525013658502,False,False
65,2;3;6;7;10,5,5,35,0.12551026178355623,0.47250419407467237,0.7510354628300103,False,False
65,2;3;6;7;10,5,6,0,,,,False,False
65,2;3;6;7;10,5,7,0,,,,False,False
65,2;3;6;7;10,5,8,0,,,,False,False
65,2;3;6;7;10,5,9,0,,,,False,False
65,2;3;6;7;10,5,10,0,,,,False,False
65,2;3;6;8;9,5,0,44,0.1618114783913755,0.29400724319481103,0.7506525013658502,False,False
65,2;3;6;8;9,5,1,44,0.1618114783913755,0.29400724319481103,0.7506525013658502,False,False
65,2;3;6;8;9,5,2,42,0.15736930371161278,0.3195851406608997,0.7506525013658502,False,False
65,2;3;6;8;9,5,3,42,0.15736930371161278,0.3195851406608997,0.7506525013658502,False,False
65,2;3;6;8;9,5,4,39,0.09018025658821033,0.5850887313843289,0.7753327339781004,False,False
65,2;3;6;8;9,5,5,35,0.026825948530809902,0.8784234498743745,0.9291552760684832,False,False
65,2;3;6;8;9,5,6,0,,,,False,False
65,2;3;6;8;9,5,7,0,,,,False,False
65,2;3;6;8;9,5,8,0,,,,False,False
65,2;3;6;8;9,5,9,0,,,,False,False
65,2;3;6;8;9,5,10,0,,,,False,False
65,2;3;6;8;10,5,0,43,0.2138053186703501,0.16861080222928027,0.7506525013658502,False,False
65,2;3;6;8;10,5,1,43,0.2138053186703501,0.16861080222928027,0.7506525013658502,False,False
65,2;3;6;8;10,5,2,42,0.22568466036161525,0.15069514748222307,0.7506525013658502,False,False
65,2;3;6;8;10,5,3,42,0.22568466036161525,0.15069514748222307,0.7506525013658502,False,False
65,2;3;6;8;10,5,4,38,0.12662583172192018,0.44871681409692693,0.7509923134248312,False,False
65,2;3;6;8;10,5,5,35,0.10828694406939496,0.5357891189708037,0.760535689565614,False,False
65,2;3;6;8;10,5,6,0,,,,False,False
65,2;3;6;8;10,5,7,0,,,,False,False
65,2;3;6;8;10,5,8,0,,,,False,False
65,2;3;6;8;10,5,9,0,,,,False,False
65,2;3;6;8;10,5,10,0,,,,False,False
65,2;3;6;9;10,5,0,43,0.1516032752159357,0.3318174429678721,0.7506525013658502,False,False
65,2;3;6;9;10,5,1,43,0.1516032752159357,0.3318174429678721,0.7506525013658502,False,False
65,2;3;6;9;10,5,2,42,0.16216764423822008,0.304862649584806,0.7506525013658502,False,False
65,2;3;6;9;10,5,3,42,0.16216764423822008,0.304862649584806,0.7506525013658502,False,False
65,2;3;6;9;10,5,4,40,0.16389719835254243,0.31222636001706566,0.7506525013658502,False,False
65,2;3;6;9;10,5,5,35,0.11783754354633251,0.5002013387946157,0.7558559619392049,False,False
65,2;3;6;9;10,5,6,0,,,,False,False
65,2;3;6;9;10,5,7,0,,,,False,False
65,2;3;6;9;10,5,8,0,,,,False,False
65,2;3;6;9;10,5,9,0,,,,False,False
65,2;3;6;9;10,5,10,0,,,,False,False
65,2;3;7;8;9,5,0,44,0.10912373739418373,0.4807376148596394,0.7521975241439104,False,False
65,2;3;7;8;9,5,1,44,0.10912373739418373,0.4807376148596394,0.7521975241439104,False,False
65,2;3;7;8;9,5,2,42,0.0978373500594678,0.5376271417344499,0.7607575480089929,False,False
65,2;3;7;8;9,5,3,42,0.0978373500594678,0.5376271417344499,0.7607575480089929,False,False
65,2;3;7;8;9,5,4,41,0.14385769460227157,0.3695417013036613,0.7506525013658502,False,False
65,2;3;7;8;9,5,5,35,0.07654524580780836,0.662079607633784,0.8097648698395292,False,False
65,2;3;7;8;9,5,6,0,,,,False,False
65,2;3;7;8;9,5,7,0,,,,False,False
65,2;3;7;8;9,5,8,0,,,,False,False
65,2;3;7;8;9,5,9,0,,,,False,False
65,2;3;7;8;9,5,10,0,,,,False,False
65,2;3;7;8;10,5,0,43,0.13811732669597743,0.37710042128684806,0.7506525013658502,False,False
65,2;3;7;8;10,5,1,43,0.13811732669597743,0.37710042128684806,0.7506525013658502,False,False
65,2;3;7;8;10,5,2,42,0.1427302987151837,0.3672100549311247,0.7506525013658502,False,False
65,2;3;7;8;10,5,3,42,0.1427302987151837,0.3672100549311247,0.7506525013658502,False,False
65,2;3;7;8;10,5,4,40,0.15575819715815234,0.3371869205527198,0.7506525013658502,False,False
65,2;3;7;8;10,5,5,35,0.12106789336941433,0.48844128543722065,0.7542722012169046,False,False
65,2;3;7;8;10,5,6,0,,,,False,False
65,2;3;7;8;10,5,7,0,,,,False,False
65,2;3;7;8;10,5,8,0,,,,False,False
65,2;3;7;8;10,5,9,0,,,,False,False
65,2;3;7;8;10,5,10,0,,,,False,False
65,2;3;7;9;10,5,0,43,0.05424684910275361,0.7297238490211222,0.8427699952127756,False,False
65,2;3;7;9;10,5,1,43,0.05424684910275361,0.7297238490211222,0.8427699952127756,False,False
65,2;3;7;9;10,5,2,42,0.05814938095803781,0.714523275668617,0.835741904499679,False,False
65,2;3;7;9;10,5,3,42,0.05814938095803781,0.714523275668617,0.835741904499679,False,False
65,2;3;7;9;10,5,4,41,0.12243208051257155,0.44571415723138474,0.7509923134248312,False,False
65,2;3;7;9;10,5,5,36,0.08702433974441136,0.6137851358555388,0.7848162741636515,False,False
65,2;3;7;9;10,5,6,0,,,,False,False
65,2;3;7;9;10,5,7,0,,,,False,False
65,2;3;7;9;10,5,8,0,,,,False,False
65,2;3;7;9;10,5,9,0,,,,False,False
65,2;3;7;9;10,5,10,0,,,,False,False
65,2;3;8;9;10,5,0,43,0.12455561442028901,0.42614580761680854,0.7506525013658502,False,False
65,2;3;8;9;10,5,1,43,0.12455561442028901,0.42614580761680854,0.7506525013658502,False,False
65,2;3;8;9;10,5,2,42,0.12727801566339741,0.4218375329707857,0.7506525013658502,False,False
65,2;3;8;9;10,5,3,42,0.12727801566339741,0.4218375329707857,0.7506525013658502,False,False
65,2;3;8;9;10,5,4,40,0.1874745188755525,0.24670045841154642,0.7506525013658502,False,False
65,2;3;8;9;10,5,5,37,0.07545622768163782,0.6571419075162126,0.8063558539631402,False,False
65,2;3;8;9;10,5,6,0,,,,False,False
65,2;3;8;9;10,5,7,0,,,,False,False
65,2;3;8;9;10,5,8,0,,,,False,False
65,2;3;8;9;10,5,9,0,,,,False,False
65,2;3;8;9;10,5,10,0,,,,False,False
65,2;4;5;6;7,5,0,44,0.24476814978695394,0.10930335275524748,0.7506525013658502,False,False
65,2;4;5;6;7,5,1,44,0.24476814978695394,0.10930335275524748,0.7506525013658502,False,False
65,2;4;5;6;7,5,2,43,0.2288065423049105,0.13998926951774507,0.7506525013658502,False,False
65,2;4;5;6;7,5,3,39,0.2617692997555146,0.10744754131215918,0.7506525013658502,False,False
65,2;4;5;6;7,5,4,38,0.24422271603448834,0.13949361206163383,0.7506525013658502,False,False
65,2;4;5;6;7,5,5,35,0.14269719218483173,0.4135023398172361,0.7506525013658502,False,False
65,2;4;5;6;7,5,6,0,,,,False,False
65,2;4;5;6;7,5,7,0,,,,False,False
65,2;4;5;6;7,5,8,0,,,,False,False
65,2;4;5;6;7,5,9,0,,,,False,False
65,2;4;5;6;7,5,10,0,,,,False,False
65,2;4;5;6;8,5,0,44,0.36817769078037627,0.013933744875497889,0.7506525013658502,True,False
65,2;4;5;6;8,5,1,44,0.36817769078037627,0.013933744875497889,0.7506525013658502,True,False
65,2;4;5;6;8,5,2,43,0.35214993663351785,0.0205643119143145,0.7506525013658502,True,False
65,2;4;5;6;8,5,3,39,0.2479957056175784,0.12795005565654027,0.7506525013658502,False,False
65,2;4;5;6;8,5,4,37,0.2121041351178923,0.2075629967055601,0.7506525013658502,False,False
65,2;4;5;6;8,5,5,36,0.1603876308441969,0.350080924034839,0.7506525013658502,False,False
65,2;4;5;6;8,5,6,0,,,,False,False
65,2;4;5;6;8,5,7,0,,,,False,False
65,2;4;5;6;8,5,8,0,,,,False,False
65,2;4;5;6;8,5,9,0,,,,False,False
65,2;4;5;6;8,5,10,0,,,,False,False
65,2;4;5;6;9,5,0,44,0.323622956782751,0.03212021430468405,0.7506525013658502,True,False
65,2;4;5;6;9,5,1,44,0.323622956782751,0.03212021430468405,0.7506525013658502,True,False
65,2;4;5;6;9,5,2,43,0.2994183626453663,0.051108132975860567,0.7506525013658502,False,False
65,2;4;5;6;9,5,3,41,0.2734247908115952,0.08367254950369069,0.7506525013658502,False,False
65,2;4;5;6;9,5,4,37,0.20449501816299037,0.22471666834415804,0.7506525013658502,False,False
65,2;4;5;6;9,5,5,36,0.20258336655635226,0.23604192346468358,0.7506525013658502,False,False
65,2;4;5;6;9,5,6,0,,,,False,False
65,2;4;5;6;9,5,7,0,,,,False,False
65,2;4;5;6;9,5,8,0,,,,False,False
65,2;4;5;6;9,5,9,0,,,,False,False
65,2;4;5;6;9,5,10,0,,,,False,False
65,2;4;5;6;10,5,0,43,0.27759840099509664,0.07149796358873751,0.7506525013658502,False,False
65,2;4;5;6;10,5,1,43,0.27759840099509664,0.07149796358873751,0.7506525013658502,False,False
65,2;4;5;6;10,5,2,43,0.27759840099509664,0.07149796358873751,0.7506525013658502,False,False
65,2;4;5;6;10,5,3,41,0.24518168002421267,0.12232974204236695,0.7506525013658502,False,False
65,2;4;5;6;10,5,4,37,0.183926623894271,0.27584001560836213,0.7506525013658502,False,False
65,2;4;5;6;10,5,5,35,0.11924204346941154,0.49507074285120345,0.7558129676892907,False,False
65,2;4;5;6;10,5,6,0,,,,False,False
65,2;4;5;6;10,5,7,0,,,,False,False
65,2;4;5;6;10,5,8,0,,,,False,False
65,2;4;5;6;10,5,9,0,,,,False,False
65,2;4;5;6;10,5,10,0,,,,False,False
65,2;4;5;7;8,5,0,44,0.20905364078885752,0.17323356437500675,0.7506525013658502,False,False
65,2;4;5;7;8,5,1,44,0.20905364078885752,0.17323356437500675,0.7506525013658502,False,False
65,2;4;5;7;8,5,2,43,0.18986397185963763,0.22266832419882596,0.7506525013658502,False,False
65,2;4;5;7;8,5,3,41,0.19108149708569203,0.23140559550745576,0.7506525013658502,False,False
65,2;4;5;7;8,5,4,37,0.22625233695591318,0.1781282837289564,0.7506525013658502,False,False
65,2;4;5;7;8,5,5,36,0.17471025918185246,0.30814039606624066,0.7506525013658502,False,False
65,2;4;5;7;8,5,6,0,,,,False,False
65,2;4;5;7;8,5,7,0,,,,False,False
65,2;4;5;7;8,5,8,0,,,,False,False
65,2;4;5;7;8,5,9,0,,,,False,False
65,2;4;5;7;8,5,10,0,,,,False,False
65,2;4;5;7;9,5,0,44,0.11308415819397265,0.4648584183619958,0.7510354628300103,False,False
65,2;4;5;7;9,5,1,44,0.11308415819397265,0.4648584183619958,0.7510354628300103,False,False
65,2;4;5;7;9,5,2,43,0.09061345185320296,0.5633492298039119,0.7700626353282832,False,False
65,2;4;5;7;9,5,3,42,0.09303900953286048,0.5578495456036526,0.7684881173120388,False,False
65,2;4;5;7;9,5,4,38,0.18415534837672526,0.2683860612249709,0.7506525013658502,False,False
65,2;4;5;7;9,5,5,36,0.15765091814232385,0.35847053977182597,0.7506525013658502,False,False
65,2;4;5;7;9,5,6,0,,,,False,False
65,2;4;5;7;9,5,7,0,,,,False,False
65,2;4;5;7;9,5,8,0,,,,False,False
65,2;4;5;7;9,5,9,0,,,,False,False
65,2;4;5;7;9,5,10,0,,,,False,False
65,2;4;5;7;10,5,0,43,0.0970533710902617,0.5358291493472208,0.760535689565614,False,False
65,2;4;5;7;10,5,1,43,0.0970533710902617,0.5358291493472208,0.760535689565614,False,False
65,2;4;5;7;10,5,2,43,0.0970533710902617,0.5358291493472208,0.760535689565614,False,False
65,2;4;5;7;10,5,3,42,0.0945029100325034,0.5516424354418891,0.7658933455800226,False,False
65,2;4;5;7;10,5,4,38,0.19480714849153882,0.2411863696252629,0.7506525013658502,False,False
65,2;4;5;7;10,5,5,35,0.11235999384632418,0.520464604465334,0.7591589140732606,False,False
65,2;4;5;7;10,5,6,0,,,,False,False
65,2;4;5;7;10,5,7,0,,,,False,False
65,2;4;5;7;10,5,8,0,,,,False,False
65,2;4;5;7;10,5,9,0,,,,False,False
65,2;4;5;7;10,5,10,0,,,,False,False
65,2;4;5;8;9,5,0,44,0.2243295495880433,0.1432138007718123,0.7506525013658502,False,False
65,2;4;5;8;9,5,1,44,0.2243295495880433,0.1432138007718123,0.7506525013658502,False,False
65,2;4;5;8;9,5,2,43,0.19925867757017038,0.2001883964639525,0.7506525013658502,False,False
65,2;4;5;8;9,5,3,41,0.18321694348402276,0.2515392663596666,0.7506525013658502,False,False
65,2;4;5;8;9,5,4,38,0.14648655576149344,0.3801681873716163,0.7506525013658502,False,False
65,2;4;5;8;9,5,5,37,0.1851155484184744,0.27269376693052594,0.7506525013658502,False,False
65,2;4;5;8;9,5,6,0,,,,False,False
65,2;4;5;8;9,5,7,0,,,,False,False
65,2;4;5;8;9,5,8,0,,,,False,False
65,2;4;5;8;9,5,9,0,,,,False,False
65,2;4;5;8;9,5,10,0,,,,False,False
65,2;4;5;8;10,5,0,43,0.22077558419751958,0.15482719300594414,0.7506525013658502,False,False
65,2;4;5;8;10,5,1,43,0.22077558419751958,0.15482719300594414,0.7506525013658502,False,False
65,2;4;5;8;10,5,2,43,0.22077558419751958,0.15482719300594414,0.7506525013658502,False,False
65,2;4;5;8;10,5,3,41,0.22104857749860635,0.16486933925681982,0.7506525013658502,False,False
65,2;4;5;8;10,5,4,38,0.18028270495590543,0.27875605062456993,0.7506525013658502,False,False
65,2;4;5;8;10,5,5,36,0.15741987902648447,0.35918429159399895,0.7506525013658502,False,False
65,2;4;5;8;10,5,6,0,,,,False,False
65,2;4;5;8;10,5,7,0,,,,False,False
65,2;4;5;8;10,5,8,0,,,,False,False
65,2;4;5;8;10,5,9,0,,,,False,False
65,2;4;5;8;10,5,10,0,,,,False,False
65,2;4;5;9;10,5,0,43,0.15599757304828166,0.3178267134352717,0.7506525013658502,False,False
65,2;4;5;9;10,5,1,43,0.15599757304828166,0.3178267134352717,0.7506525013658502,False,False
65,2;4;5;9;10,5,2,43,0.15599757304828166,0.3178267134352717,0.7506525013658502,False,False
65,2;4;5;9;10,5,3,41,0.17089763540998973,0.28537551647927367,0.7506525013658502,False,False
65,2;4;5;9;10,5,4,40,0.1703217019727692,0.2933722826626631,0.7506525013658502,False,False
65,2;4;5;9;10,5,5,36,0.17288663340914956,0.31329618146127786,0.7506525013658502,False,False
65,2;4;5;9;10,5,6,0,,,,False,False
65,2;4;5;9;10,5,7,0,,,,False,False
65,2;4;5;9;10,5,8,0,,,,False,False
65,2;4;5;9;10,5,9,0,,,,False,False
65,2;4;5;9;10,5,10,0,,,,False,False
65,2;4;6;7;8,5,0,44,0.24476814978695394,0.10930335275524748,0.7506525013658502,False,False
65,2;4;6;7;8,5,1,44,0.24476814978695394,0.10930335275524748,0.7506525013658502,False,False
65,2;4;6;7;8,5,2,43,0.23244320257995538,0.13362802369925939,0.7506525013658502,False,False
65,2;4;6;7;8,5,3,41,0.23200879257132312,0.14438891013039684,0.7506525013658502,False,False
65,2;4;6;7;8,5,4,37,0.16502272395943637,0.32903734558047765,0.7506525013658502,False,False
65,2;4;6;7;8,5,5,35,0.1355342425771286,0.43756991993619054,0.7509041397983071,False,False
65,2;4;6;7;8,5,6,0,,,,False,False
65,2;4;6;7;8,5,7,0,,,,False,False
65,2;4;6;7;8,5,8,0,,,,False,False
65,2;4;6;7;8,5,9,0,,,,False,False
65,2;4;6;7;8,5,10,0,,,,False,False
65,2;4;6;7;9,5,0,44,0.21287261798865395,0.16533587961419857,0.7506525013658502,False,False
65,2;4;6;7;9,5,1,44,0.21287261798865395,0.16533587961419857,0.7506525013658502,False,False
65,2;4;6;7;9,5,2,43,0.1968342373868071,0.2058305350258681,0.7506525013658502,False,False
65,2;4;6;7;9,5,3,42,0.1920149488698283,0.22314056351525732,0.7506525013658502,False,False
65,2;4;6;7;9,5,4,39,0.2519084756482195,0.12185054358239261,0.7506525013658502,False,False
65,2;4;6;7;9,5,5,34,0.1630659001073178,0.3568141383587853,0.7506525013658502,False,False
65,2;4;6;7;9,5,6,0,,,,False,False
65,2;4;6;7;9,5,7,0,,,,False,False
65,2;4;6;7;9,5,8,0,,,,False,False
65,2;4;6;7;9,5,9,0,,,,False,False
65,2;4;6;7;9,5,10,0,,,,False,False
65,2;4;6;7;10,5,0,43,0.19387945091333306,0.21285609023251542,0.7506525013658502,False,False
65,2;4;6;7;10,5,1,43,0.19387945091333306,0.21285609023251542,0.7506525013658502,False,False
65,2;4;6;7;10,5,2,43,0.19387945091333306,0.21285609023251542,0.7506525013658502,False,False
65,2;4;6;7;10,5,3,42,0.19234026009197117,0.22234250416509665,0.7506525013658502,False,False
65,2;4;6;7;10,5,4,38,0.1986505815226571,0.23184560181874178,0.7506525013658502,False,False
65,2;4;6;7;10,5,5,34,0.14957924671498327,0.39848458352928334,0.7506525013658502,False,False
65,2;4;6;7;10,5,6,0,,,,False,False
65,2;4;6;7;10,5,7,0,,,,False,False
65,2;4;6;7;10,5,8,0,,,,False,False
65,2;4;6;7;10,5,9,0,,,,False,False
65,2;4;6;7;10,5,10,0,,,,False,False
65,2;4;6;8;9,5,0,44,0.2632265395859701,0.08428030359417187,0.7506525013658502,False,False
65,2;4;6;8;9,5,1,44,0.2632265395859701,0.08428030359417187,0.7506525013658502,False,False
65,2;4;6;8;9,5,2,43,0.243959293450931,0.11490289123651429,0.7506525013658502,False,False
65,2;4;6;8;9,5,3,42,0.24536598930125883,0.11729836697757164,0.7506525013658502,False,False
65,2;4;6;8;9,5,4,38,0.0780164353156718,0.6415226326013728,0.79992005232143,False,False
65,2;4;6;8;9,5,5,35,0.09382059486168072,0.591905290230383,0.7778609894210258,False,False
65,2;4;6;8;9,5,6,0,,,,False,False
65,2;4;6;8;9,5,7,0,,,,False,False
65,2;4;6;8;9,5,8,0,,,,False,False
65,2;4;6;8;9,5,9,0,,,,False,False
65,2;4;6;8;9,5,10,0,,,,False,False
65,2;4;6;8;10,5,0,43,0.26964320664343583,0.08035728035254537,0.7506525013658502,False,False
65,2;4;6;8;10,5,1,43,0.26964320664343583,0.08035728035254537,0.7506525013658502,False,False
65,2;4;6;8;10,5,2,43,0.26964320664343583,0.08035728035254537,0.7506525013658502,False,False
65,2;4;6;8;10,5,3,42,0.27139088707268827,0.08211736718840366,0.7506525013658502,False,False
65,2;4;6;8;10,5,4,37,0.07533739897662736,0.6576488304303133,0.8066966384451707,False,False
65,2;4;6;8;10,5,5,35,0.15393319156946414,0.37729770917927313,0.7506525013658502,False,False
65,2;4;6;8;10,5,6,0,,,,False,False
65,2;4;6;8;10,5,7,0,,,,False,False
65,2;4;6;8;10,5,8,0,,,,False,False
65,2;4;6;8;10,5,9,0,,,,False,False
65,2;4;6;8;10,5,10,0,,,,False,False
65,2;4;6;9;10,5,0,43,0.2047136679827378,0.1878932562361926,0.7506525013658502,False,False
65,2;4;6;9;10,5,1,43,0.2047136679827378,0.1878932562361926,0.7506525013658502,False,False
65,2;4;6;9;10,5,2,43,0.2047136679827378,0.1878932562361926,0.7506525013658502,False,False
65,2;4;6;9;10,5,3,42,0.20437677531125734,0.1941860484248109,0.7506525013658502,False,False
65,2;4;6;9;10,5,4,40,0.14265618795067297,0.37987294071411165,0.7506525013658502,False,False
65,2;4;6;9;10,5,5,34,0.11831473203275315,0.505136545794981,0.7558559619392049,False,False
65,2;4;6;9;10,5,6,0,,,,False,False
65,2;4;6;9;10,5,7,0,,,,False,False
65,2;4;6;9;10,5,8,0,,,,False,False
65,2;4;6;9;10,5,9,0,,,,False,False
65,2;4;6;9;10,5,10,0,,,,False,False
65,2;4;7;8;9,5,0,44,0.14533329899225378,0.3465564308294293,0.7506525013658502,False,False
65,2;4;7;8;9,5,1,44,0.14533329899225378,0.3465564308294293,0.7506525013658502,False,False
65,2;4;7;8;9,5,2,43,0.1274346371380329,0.4154451878610076,0.7506525013658502,False,False
65,2;4;7;8;9,5,3,42,0.12313029758107584,0.4372432825926429,0.7509041397983071,False,False
65,2;4;7;8;9,5,4,40,0.11387759429689687,0.4841346554184502,0.7526877465585478,False,False
65,2;4;7;8;9,5,5,35,0.11165774388478468,0.5230913052281062,0.7595331817189964,False,False
65,2;4;7;8;9,5,6,0,,,,False,False
65,2;4;7;8;9,5,7,0,,,,False,False
65,2;4;7;8;9,5,8,0,,,,False,False
65,2;4;7;8;9,5,9,0,,,,False,False
65,2;4;7;8;9,5,10,0,,,,False,False
65,2;4;7;8;10,5,0,43,0.15569451802536127,0.3187794608665831,0.7506525013658502,False,False
65,2;4;7;8;10,5,1,43,0.15569451802536127,0.3187794608665831,0.7506525013658502,False,False
65,2;4;7;8;10,5,2,43,0.15569451802536127,0.3187794608665831,0.7506525013658502,False,False
65,2;4;7;8;10,5,3,42,0.15102573487982685,0.33972325929084474,0.7506525013658502,False,False
65,2;4;7;8;10,5,4,39,0.11773108244487493,0.4753523752132045,0.7511248832058294,False,False
65,2;4;7;8;10,5,5,35,0.18623668980028238,0.28408702318365303,0.7506525013658502,False,False
65,2;4;7;8;10,5,6,0,,,,False,False
65,2;4;7;8;10,5,7,0,,,,False,False
65,2;4;7;8;10,5,8,0,,,,False,False
65,2;4;7;8;10,5,9,0,,,,False,False
65,2;4;7;8;10,5,10,0,,,,False,False
65,2;4;7;9;10,5,0,43,0.07455153563842117,0.6346987721707101,0.7968433593796592,False,False
65,2;4;7;9;10,5,1,43,0.07455153563842117,0.6346987721707101,0.7968433593796592,False,False
65,2;4;7;9;10,5,2,43,0.07455153563842117,0.6346987721707101,0.7968433593796592,False,False
65,2;4;7;9;10,5,3,42,0.067583406400181,0.6706475869757739,0.8130625866967,False,False
65,2;4;7;9;10,5,4,41,0.04770455466965971,0.767092288368618,0.8656230288447273,False,False
65,2;4;7;9;10,5,5,35,0.13394320210495975,0.4430181659328733,0.7509923134248312,False,False
65,2;4;7;9;10,5,6,0,,,,False,False
65,2;4;7;9;10,5,7,0,,,,False,False
65,2;4;7;9;10,5,8,0,,,,False,False
65,2;4;7;9;10,5,9,0,,,,False,False
65,2;4;7;9;10,5,10,0,,,,False,False
65,2;4;8;9;10,5,0,43,0.12713158211511252,0.41656431649875386,0.7506525013658502,False,False
65,2;4;8;9;10,5,1,43,0.12713158211511252,0.41656431649875386,0.7506525013658502,False,False
65,2;4;8;9;10,5,2,43,0.12713158211511252,0.41656431649875386,0.7506525013658502,False,False
65,2;4;8;9;10,5,3,41,0.12371730661582078,0.44091642756543753,0.7509923134248312,False,False
65,2;4;8;9;10,5,4,41,0.12371730661582078,0.44091642756543753,0.7509923134248312,False,False
65,2;4;8;9;10,5,5,36,0.05690709633122712,0.7416570493451586,0.8500557093353476,False,False
65,2;4;8;9;10,5,6,0,,,,False,False
65,2;4;8;9;10,5,7,0,,,,False,False
65,2;4;8;9;10,5,8,0,,,,False,False
65,2;4;8;9;10,5,9,0,,,,False,False
65,2;4;8;9;10,5,10,0,,,,False,False
65,2;5;6;7;8,5,0,44,0.20523466358906103,0.18139942686899654,0.7506525013658502,False,False
65,2;5;6;7;8,5,1,44,0.20523466358906103,0.18139942686899654,0.7506525013658502,False,False
65,2;5;6;7;8,5,2,43,0.1840301626684197,0.23747212241316565,0.7506525013658502,False,False
65,2;5;6;7;8,5,3,41,0.12112030822136542,0.45064031124486614,0.7509923134248312,False,False
65,2;5;6;7;8,5,4,38,0.1478074531395779,0.37583976282354525,0.7506525013658502,False,False
65,2;5;6;7;8,5,5,35,0.08118009555396924,0.6429398396233134,0.8007789549806573,False,False
65,2;5;6;7;8,5,6,0,,,,False,False
65,2;5;6;7;8,5,7,0,,,,False,False
65,2;5;6;7;8,5,8,0,,,,False,False
65,2;5;6;7;8,5,9,0,,,,False,False
65,2;5;6;7;8,5,10,0,,,,False,False
65,2;5;6;7;9,5,0,44,0.11867118039367487,0.4429440914713283,0.7509923134248312,False,False
65,2;5;6;7;9,5,1,44,0.11867118039367487,0.4429440914713283,0.7509923134248312,False,False
65,2;5;6;7;9,5,2,43,0.09493198592981882,0.5448221319731413,0.7636342764367513,False,False
65,2;5;6;7;9,5,3,42,0.09401494319928907,0.5537078405349666,0.7667025748435622,False,False
65,2;5;6;7;9,5,4,39,0.10887569710219656,0.5093999157461025,0.7558559619392049,False,False
65,2;5;6;7;9,5,5,35,0.07449097283906472,0.6706315289117236,0.8130625866967,False,False
65,2;5;6;7;9,5,6,0,,,,False,False
65,2;5;6;7;9,5,7,0,,,,False,False
65,2;5;6;7;9,5,8,0,,,,False,False
65,2;5;6;7;9,5,9,0,,,,False,False
65,2;5;6;7;9,5,10,0,,,,False,False
65,2;5;6;7;10,5,0,43,0.1212977729238946,0.4384389557238089,0.7509041397983071,False,False
65,2;5;6;7;10,5,1,43,0.1212977729238946,0.4384389557238089,0.7509041397983071,False,False
65,2;5;6;7;10,5,2,43,0.1212977729238946,0.4384389557238089,0.7509041397983071,False,False
65,2;5;6;7;10,5,3,42,0.11784399022125422,0.4573217972183273,0.7510354628300103,False,False
65,2;5;6;7;10,5,4,39,0.14526925411674965,0.3775693878865808,0.7506525013658502,False,False
65,2;5;6;7;10,5,5,34,0.07157121743432088,0.687511093746087,0.8208708744183114,False,False
65,2;5;6;7;10,5,6,0,,,,False,False
65,2;5;6;7;10,5,7,0,,,,False,False
65,2;5;6;7;10,5,8,0,,,,False,False
65,2;5;6;7;10,5,9,0,,,,False,False
65,2;5;6;7;10,5,10,0,,,,False,False
65,2;5;6;8;9,5,0,44,0.15983126799148104,0.3000340521842141,0.7506525013658502,False,False
65,2;5;6;8;9,5,1,44,0.15983126799148104,0.3000340521842141,0.7506525013658502,False,False
65,2;5;6;8;9,5,2,43,0.1297833135656661,0.4068301109361789,0.7506525013658502,False,False
65,2;5;6;8;9,5,3,42,0.13166971716232617,0.40586456557549605,0.7506525013658502,False,False
65,2;5;6;8;9,5,4,38,-0.011301958983845561,0.9463073032826291,0.9710658971541436,False,False
65,2;5;6;8;9,5,5,36,0.09141429160095436,0.5959447522272753,0.7785811597048389,False,False
65,2;5;6;8;9,5,6,0,,,,False,False
65,2;5;6;8;9,5,7,0,,,,False,False
65,2;5;6;8;9,5,8,0,,,,False,False
65,2;5;6;8;9,5,9,0,,,,False,False
65,2;5;6;8;9,5,10,0,,,,False,False
65,2;5;6;8;10,5,0,43,0.18243912379808758,0.24162304896183187,0.7506525013658502,False,False
65,2;5;6;8;10,5,1,43,0.18243912379808758,0.24162304896183187,0.7506525013658502,False,False
65,2;5;6;8;10,5,2,43,0.18243912379808758,0.24162304896183187,0.7506525013658502,False,False
65,2;5;6;8;10,5,3,42,0.1830688902608994,0.24586294580244153,0.7506525013658502,False,False
65,2;5;6;8;10,5,4,38,0.07790670755854708,0.6419929395267431,0.8001141463811692,False,False
65,2;5;6;8;10,5,5,35,0.12528139313865147,0.47331853228468546,0.7510354628300103,False,False
65,2;5;6;8;10,5,6,0,,,,False,False
65,2;5;6;8;10,5,7,0,,,,False,False
65,2;5;6;8;10,5,8,0,,,,False,False
65,2;5;6;8;10,5,9,0,,,,False,False
65,2;5;6;8;10,5,10,0,,,,False,False
65,2;5;6;9;10,5,0,43,0.08856783044849018,0.5722260782744351,0.7712268365394804,False,False
65,2;5;6;9;10,5,1,43,0.08856783044849018,0.5722260782744351,0.7712268365394804,False,False
65,2;5;6;9;10,5,2,43,0.08856783044849018,0.5722260782744351,0.7712268365394804,False,False
65,2;5;6;9;10,5,3,42,0.08726473533982455,0.5826465608555403,0.7751190144410416,False,False
65,2;5;6;9;10,5,4,40,0.09974641110007477,0.5402879000716202,0.7614936820923571,False,False
65,2;5;6;9;10,5,5,35,0.11609347842465557,0.5066095858795998,0.7558559619392049,False,False
65,2;5;6;9;10,5,6,0,,,,False,False
65,2;5;6;9;10,5,7,0,,,,False,False
65,2;5;6;9;10,5,8,0,,,,False,False
65,2;5;6;9;10,5,9,0,,,,False,False
65,2;5;6;9;10,5,10,0,,,,False,False
65,2;5;7;8;9,5,0,44,0.10268805359452675,0.5071364887904355,0.7558559619392049,False,False
65,2;5;7;8;9,5,1,44,0.10268805359452675,0.5071364887904355,0.7558559619392049,False,False
65,2;5;7;8;9,5,2,43,0.07955194351660795,0.6120915502261923,0.7841665053262773,False,False
65,2;5;7;8;9,5,3,42,0.0813278055357172,0.6086455094291894,0.7829447520832203,False,False
65,2;5;7;8;9,5,4,40,0.020046221144825647,0.9022849948235386,0.9453755284327132,False,False
65,2;5;7;8;9,5,5,36,0.14577222488344274,0.39626491309800954,0.7506525013658502,False,False
65,2;5;7;8;9,5,6,0,,,,False,False
65,2;5;7;8;9,5,7,0,,,,False,False
65,2;5;7;8;9,5,8,0,,,,False,False
65,2;5;7;8;9,5,9,0,,,,False,False
65,2;5;7;8;9,5,10,0,,,,False,False
65,2;5;7;8;10,5,0,43,0.0915983806776943,0.5590981218383874,0.7688694341735423,False,False
65,2;5;7;8;10,5,1,43,0.0915983806776943,0.5590981218383874,0.7688694341735423,False,False
65,2;5;7;8;10,5,2,43,0.0915983806776943,0.5590981218383874,0.7688694341735423,False,False
65,2;5;7;8;10,5,3,42,0.08628880167339596,0.5868859615326825,0.7773265333538742,False,False
65,2;5;7;8;10,5,4,40,0.04338642228997475,0.7903749616720077,0.8789415983981071,False,False
65,2;5;7;8;10,5,5,35,0.12794994299250168,0.46386946489264724,0.7510354628300103,False,False
65,2;5;7;8;10,5,6,0,,,,False,False
65,2;5;7;8;10,5,7,0,,,,False,False
65,2;5;7;8;10,5,8,0,,,,False,False
65,2;5;7;8;10,5,9,0,,,,False,False
65,2;5;7;8;10,5,10,0,,,,False,False
65,2;5;7;9;10,5,0,43,0.003939715297965347,0.979996539172865,0.9885252446861921,False,False
65,2;5;7;9;10,5,1,43,0.003939715297965347,0.979996539172865,0.9885252446861921,False,False
65,2;5;7;9;10,5,2,43,0.003939715297965347,0.979996539172865,0.9885252446861921,False,False
65,2;5;7;9;10,5,3,42,-0.004310373693393012,0.978386762699359,0.9885252446861921,False,False
65,2;5;7;9;10,5,4,41,0.020270067185642955,0.8998975948941593,0.9435454447223474,False,False
65,2;5;7;9;10,5,5,36,0.1664635039816817,0.33188464823485264,0.7506525013658502,False,False
65,2;5;7;9;10,5,6,0,,,,False,False
65,2;5;7;9;10,5,7,0,,,,False,False
65,2;5;7;9;10,5,8,0,,,,False,False
65,2;5;7;9;10,5,9,0,,,,False,False
65,2;5;7;9;10,5,10,0,,,,False,False
65,2;5;8;9;10,5,0,43,0.045685544705252,0.7711245148107095,0.8672683775112799,False,False
65,2;5;8;9;10,5,1,43,0.045685544705252,0.7711245148107095,0.8672683775112799,False,False
65,2;5;8;9;10,5,2,43,0.045685544705252,0.7711245148107095,0.8672683775112799,False,False
65,2;5;8;9;10,5,3,41,0.08955525372967252,0.5776499764638031,0.7725895504936082,False,False
65,2;5;8;9;10,5,4,41,0.08955525372967252,0.5776499764638031,0.7725895504936082,False,False
65,2;5;8;9;10,5,5,37,0.08025719071544243,0.6367892887706038,0.7975120491167828,False,False
65,2;5;8;9;10,5,6,0,,,,False,False
65,2;5;8;9;10,5,7,0,,,,False,False
65,2;5;8;9;10,5,8,0,,,,False,False
65,2;5;8;9;10,5,9,0,,,,False,False
65,2;5;8;9;10,5,10,0,,,,False,False
65,2;6;7;8;9,5,0,44,0.1429994795923782,0.3544380748444947,0.7506525013658502,False,False
65,2;6;7;8;9,5,1,44,0.1429994795923782,0.3544380748444947,0.7506525013658502,False,False
65,2;6;7;8;9,5,2,43,0.12228270174838592,0.43470187884567896,0.7509041397983071,False,False
65,2;6;7;8;9,5,3,42,0.11670540094375417,0.4617106183684205,0.7510354628300103,False,False
65,2;6;7;8;9,5,4,40,0.10607726030214455,0.5147499044654317,0.756979384639706,False,False
65,2;6;7;8;9,5,5,35,0.004213499769237157,0.980834923198969,0.9885592999526278,False,False
65,2;6;7;8;9,5,6,0,,,,False,False
65,2;6;7;8;9,5,7,0,,,,False,False
65,2;6;7;8;9,5,8,0,,,,False,False
65,2;6;7;8;9,5,9,0,,,,False,False
65,2;6;7;8;9,5,10,0,,,,False,False
65,2;6;7;8;10,5,0,43,0.16061916214781796,0.3035203202938072,0.7506525013658502,False,False
65,2;6;7;8;10,5,1,43,0.16061916214781796,0.3035203202938072,0.7506525013658502,False,False
65,2;6;7;8;10,5,2,43,0.16061916214781796,0.3035203202938072,0.7506525013658502,False,False
65,2;6;7;8;10,5,3,42,0.15289627440714834,0.33370541513165985,0.7506525013658502,False,False
65,2;6;7;8;10,5,4,39,0.09141288158003938,0.5799480388038932,0.7733483738375044,False,False
65,2;6;7;8;10,5,5,35,0.013342749269251,0.9393608082199607,0.9668576255980681,False,False
65,2;6;7;8;10,5,6,0,,,,False,False
65,2;6;7;8;10,5,7,0,,,,False,False
65,2;6;7;8;10,5,8,0,,,,False,False
65,2;6;7;8;10,5,9,0,,,,False,False
65,2;6;7;8;10,5,10,0,,,,False,False
65,2;6;7;9;10,5,0,43,0.06697516006541089,0.669580591789075,0.8126373888437242,False,False
65,2;6;7;9;10,5,1,43,0.06697516006541089,0.669580591789075,0.8126373888437242,False,False
65,2;6;7;9;10,5,2,43,0.06697516006541089,0.669580591789075,0.8126373888437242,False,False
65,2;6;7;9;10,5,3,42,0.06587552248393094,0.6785160105234471,0.817118967387872,False,False
65,2;6;7;9;10,5,4,41,0.11403673784885235,0.47774689296003053,0.7519074874765345,False,False
65,2;6;7;9;10,5,5,35,0.03696438840881891,0.8330323167188567,0.9022068973208632,False,False
65,2;6;7;9;10,5,6,0,,,,False,False
65,2;6;7;9;10,5,7,0,,,,False,False
65,2;6;7;9;10,5,8,0,,,,False,False
65,2;6;7;9;10,5,9,0,,,,False,False
65,2;6;7;9;10,5,10,0,,,,False,False
65,2;6;8;9;10,5,0,43,0.1000081575637357,0.5234244179191117,0.7595331817189964,False,False
65,2;6;8;9;10,5,1,43,0.1000081575637357,0.5234244179191117,0.7595331817189964,False,False
65,2;6;8;9;10,5,2,43,0.1000081575637357,0.5234244179191117,0.7595331817189964,False,False
65,2;6;8;9;10,5,3,42,0.10580747500196809,0.5048405598618649,0.7558559619392049,False,False
65,2;6;8;9;10,5,4,40,0.14267639087115344,0.37980476388047746,0.7506525013658502,False,False
65,2;6;8;9;10,5,5,36,-0.0633591480694615,0.7135386306394014,0.8356141604337286,False,False
65,2;6;8;9;10,5,6,0,,,,False,False
65,2;6;8;9;10,5,7,0,,,,False,False
65,2;6;8;9;10,5,8,0,,,,False,False
65,2;6;8;9;10,5,9,0,,,,False,False
65,2;6;8;9;10,5,10,0,,,,False,False
65,2;7;8;9;10,5,0,43,0.04977678751467754,0.7512538459395136,0.8546208102974874,False,False
65,2;7;8;9;10,5,1,43,0.04977678751467754,0.7512538459395136,0.8546208102974874,False,False
65,2;7;8;9;10,5,2,43,0.04977678751467754,0.7512538459395136,0.8546208102974874,False,False
65,2;7;8;9;10,5,3,42,0.049853944793394646,0.7538741582844322,0.8562699402769205,False,False
65,2;7;8;9;10,5,4,40,0.1024898348672072,0.5291469480941624,0.760535689565614,False,False
65,2;7;8;9;10,5,5,38,0.037862326007404426,0.8214478787050745,0.895713491083482,False,False
65,2;7;8;9;10,5,6,0,,,,False,False
65,2;7;8;9;10,5,7,0,,,,False,False
65,2;7;8;9;10,5,8,0,,,,False,False
65,2;7;8;9;10,5,9,0,,,,False,False
65,2;7;8;9;10,5,10,0,,,,False,False
65,3;4;5;6;7,5,0,44,0.19179752158977725,0.2123120812087487,0.7506525013658502,False,False
65,3;4;5;6;7,5,1,44,0.19179752158977725,0.2123120812087487,0.7506525013658502,False,False
65,3;4;5;6;7,5,2,43,0.1923615449753385,0.21652927697479712,0.7506525013658502,False,False
65,3;4;5;6;7,5,3,40,0.26570812256272386,0.09749183772704151,0.7506525013658502,False,False
65,3;4;5;6;7,5,4,38,0.2357671633660281,0.15415857982789716,0.7506525013658502,False,False
65,3;4;5;6;7,5,5,36,0.20103397178345475,0.23972089600100935,0.7506525013658502,False,False
65,3;4;5;6;7,5,6,0,,,,False,False
65,3;4;5;6;7,5,7,0,,,,False,False
65,3;4;5;6;7,5,8,0,,,,False,False
65,3;4;5;6;7,5,9,0,,,,False,False
65,3;4;5;6;7,5,10,0,,,,False,False
65,3;4;5;6;8,5,0,44,0.31259035598333906,0.038839436978450576,0.7506525013658502,True,False
65,3;4;5;6;8,5,1,44,0.31259035598333906,0.038839436978450576,0.7506525013658502,True,False
65,3;4;5;6;8,5,2,43,0.315372887565951,0.03939874812675994,0.7506525013658502,True,False
65,3;4;5;6;8,5,3,40,0.31175458488164876,0.05019500670733234,0.7506525013658502,False,False
65,3;4;5;6;8,5,4,38,0.2598160729035968,0.11518691809969565,0.7506525013658502,False,False
65,3;4;5;6;8,5,5,36,0.20167809091671743,0.238186801568296,0.7506525013658502,False,False
65,3;4;5;6;8,5,6,0,,,,False,False
65,3;4;5;6;8,5,7,0,,,,False,False
65,3;4;5;6;8,5,8,0,,,,False,False
65,3;4;5;6;8,5,9,0,,,,False,False
65,3;4;5;6;8,5,10,0,,,,False,False
65,3;4;5;6;9,5,0,44,0.2588417879862038,0.08977540464675486,0.7506525013658502,False,False
65,3;4;5;6;9,5,1,44,0.2588417879862038,0.08977540464675486,0.7506525013658502,False,False
65,3;4;5;6;9,5,2,43,0.2621665027855382,0.08944516857451394,0.7506525013658502,False,False
65,3;4;5;6;9,5,3,41,0.2847919871037306,0.07111496772494559,0.7506525013658502,False,False
65,3;4;5;6;9,5,4,39,0.2357971714569529,0.14842690982365347,0.7506525013658502,False,False
65,3;4;5;6;9,5,5,36,0.2038745288671002,0.23300539835142045,0.7506525013658502,False,False
65,3;4;5;6;9,5,6,0,,,,False,False
65,3;4;5;6;9,5,7,0,,,,False,False
65,3;4;5;6;9,5,8,0,,,,False,False
65,3;4;5;6;9,5,9,0,,,,False,False
65,3;4;5;6;9,5,10,0,,,,False,False
65,3;4;5;6;10,5,0,44,0.2596197277861623,0.08878070499785777,0.7506525013658502,False,False
65,3;4;5;6;10,5,1,44,0.2596197277861623,0.08878070499785777,0.7506525013658502,False,False
65,3;4;5;6;10,5,2,42,0.23324814627643692,0.13712213610208557,0.7506525013658502,False,False
65,3;4;5;6;10,5,3,41,0.2680909525514394,0.09012989852467872,0.7506525013658502,False,False
65,3;4;5;6;10,5,4,39,0.22462676281773464,0.16919472711859343,0.7506525013658502,False,False
65,3;4;5;6;10,5,5,35,0.1462084419925294,0.4019833271453869,0.7506525013658502,False,False
65,3;4;5;6;10,5,6,0,,,,False,False
65,3;4;5;6;10,5,7,0,,,,False,False
65,3;4;5;6;10,5,8,0,,,,False,False
65,3;4;5;6;10,5,9,0,,,,False,False
65,3;4;5;6;10,5,10,0,,,,False,False
65,3;4;5;7;8,5,0,44,0.15664878699165063,0.30988509712675066,0.7506525013658502,False,False
65,3;4;5;7;8,5,1,44,0.15664878699165063,0.30988509712675066,0.7506525013658502,False,False
65,3;4;5;7;8,5,2,43,0.1590128137739402,0.3084453871313353,0.7506525013658502,False,False
65,3;4;5;7;8,5,3,42,0.13736266354982635,0.38568514332847886,0.7506525013658502,False,False
65,3;4;5;7;8,5,4,38,0.2209424931031432,0.1825230310847075,0.7506525013658502,False,False
65,3;4;5;7;8,5,5,36,0.1641295787882691,0.33880410161728886,0.7506525013658502,False,False
65,3;4;5;7;8,5,6,0,,,,False,False
65,3;4;5;7;8,5,7,0,,,,False,False
65,3;4;5;7;8,5,8,0,,,,False,False
65,3;4;5;7;8,5,9,0,,,,False,False
65,3;4;5;7;8,5,10,0,,,,False,False
65,3;4;5;7;9,5,0,44,0.13967555499255535,0.36585004984676767,0.7506525013658502,False,False
65,3;4;5;7;9,5,1,44,0.13967555499255535,0.36585004984676767,0.7506525013658502,False,False
65,3;4;5;7;9,5,2,43,0.14347533673692509,0.3586878226109697,0.7506525013658502,False,False
65,3;4;5;7;9,5,3,42,0.11898257949875427,0.4529556097694149,0.7509923134248312,False,False
65,3;4;5;7;9,5,4,40,0.22002629362159626,0.17249586712011558,0.7506525013658502,False,False
65,3;4;5;7;9,5,5,36,0.19199583560821915,0.2619494193696715,0.7506525013658502,False,False
65,3;4;5;7;9,5,6,0,,,,False,False
65,3;4;5;7;9,5,7,0,,,,False,False
65,3;4;5;7;9,5,8,0,,,,False,False
65,3;4;5;7;9,5,9,0,,,,False,False
65,3;4;5;7;9,5,10,0,,,,False,False
65,3;4;5;7;10,5,0,44,0.1268749091932376,0.4118233899738349,0.7506525013658502,False,False
65,3;4;5;7;10,5,1,44,0.1268749091932376,0.4118233899738349,0.7506525013658502,False,False
65,3;4;5;7;10,5,2,42,0.09840664469821782,0.5352516021334031,0.760535689565614,False,False
65,3;4;5;7;10,5,3,42,0.09840664469821782,0.5352516021334031,0.760535689565614,False,False
65,3;4;5;7;10,5,4,40,0.18489367053903824,0.253383086984401,0.7506525013658502,False,False
65,3;4;5;7;10,5,5,35,0.1470511419463768,0.3992463505954157,0.7506525013658502,False,False
65,3;4;5;7;10,5,6,0,,,,False,False
65,3;4;5;7;10,5,7,0,,,,False,False
65,3;4;5;7;10,5,8,0,,,,False,False
65,3;4;5;7;10,5,9,0,,,,False,False
65,3;4;5;7;10,5,10,0,,,,False,False
65,3;4;5;8;9,5,0,44,0.212589730788669,0.1659117770354983,0.7506525013658502,False,False
65,3;4;5;8;9,5,1,44,0.212589730788669,0.1659117770354983,0.7506525013658502,False,False
65,3;4;5;8;9,5,2,43,0.21593303452905419,0.16431251488983475,0.7506525013658502,False,False
65,3;4;5;8;9,5,3,42,0.19689461720197135,0.2113757115538085,0.7506525013658502,False,False
65,3;4;5;8;9,5,4,39,0.22974352629108624,0.15943667217291516,0.7506525013658502,False,False
65,3;4;5;8;9,5,5,37,0.19534029932662392,0.24660706831287976,0.7506525013658502,False,False
65,3;4;5;8;9,5,6,0,,,,False,False
65,3;4;5;8;9,5,7,0,,,,False,False
65,3;4;5;8;9,5,8,0,,,,False,False
65,3;4;5;8;9,5,9,0,,,,False,False
65,3;4;5;8;9,5,10,0,,,,False,False
65,3;4;5;8;10,5,0,44,0.22744130878787747,0.1376020799932775,0.7506525013658502,False,False
65,3;4;5;8;10,5,1,44,0.22744130878787747,0.1376020799932775,0.7506525013658502,False,False
65,3;4;5;8;10,5,2,42,0.20453943092232876,0.19382366744872984,0.7506525013658502,False,False
65,3;4;5;8;10,5,3,42,0.20453943092232876,0.19382366744872984,0.7506525013658502,False,False
65,3;4;5;8;10,5,4,39,0.2403985926605933,0.14043849423645427,0.7506525013658502,False,False
65,3;4;5;8;10,5,5,36,0.15483922527195196,0.3672145936039447,0.7506525013658502,False,False
65,3;4;5;8;10,5,6,0,,,,False,False
65,3;4;5;8;10,5,7,0,,,,False,False
65,3;4;5;8;10,5,8,0,,,,False,False
65,3;4;5;8;10,5,9,0,,,,False,False
65,3;4;5;8;10,5,10,0,,,,False,False
65,3;4;5;9;10,5,0,44,0.1577096139915941,0.3065788015836257,0.7506525013658502,False,False
65,3;4;5;9;10,5,1,44,0.1577096139915941,0.3065788015836257,0.7506525013658502,False,False
65,3;4;5;9;10,5,2,42,0.12752199908000456,0.42094095550617955,0.7506525013658502,False,False
65,3;4;5;9;10,5,3,42,0.12752199908000456,0.42094095550617955,0.7506525013658502,False,False
65,3;4;5;9;10,5,4,40,0.19008278341712365,0.24006830690091502,0.7506525013658502,False,False
65,3;4;5;9;10,5,5,37,0.15848363907631755,0.3488252787298667,0.7506525013658502,False,False
65,3;4;5;9;10,5,6,0,,,,False,False
65,3;4;5;9;10,5,7,0,,,,False,False
65,3;4;5;9;10,5,8,0,,,,False,False
65,3;4;5;9;10,5,9,0,,,,False,False
65,3;4;5;9;10,5,10,0,,,,False,False
65,3;4;6;7;8,5,0,44,0.2185303619883524,0.1541205848217984,0.7506525013658502,False,False
65,3;4;6;7;8,5,1,44,0.2185303619883524,0.1541205848217984,0.7506525013658502,False,False
65,3;4;6;7;8,5,2,43,0.22472497275487735,0.1473928515009234,0.7506525013658502,False,False
65,3;4;6;7;8,5,3,42,0.21202158903161472,0.17766701615821082,0.7506525013658502,False,False
65,3;4;6;7;8,5,4,37,0.17203737865223667,0.3086010501172899,0.7506525013658502,False,False
65,3;4;6;7;8,5,5,36,0.20452011002247414,0.231497102902307,0.7506525013658502,False,False
65,3;4;6;7;8,5,6,0,,,,False,False
65,3;4;6;7;8,5,7,0,,,,False,False
65,3;4;6;7;8,5,8,0,,,,False,False
65,3;4;6;7;8,5,9,0,,,,False,False
65,3;4;6;7;8,5,10,0,,,,False,False
65,3;4;6;7;9,5,0,44,0.2012035209892759,0.19031375286618815,0.7506525013658502,False,False
65,3;4;6;7;9,5,1,44,0.2012035209892759,0.19031375286618815,0.7506525013658502,False,False
65,3;4;6;7;9,5,2,43,0.20805060715417817,0.18064195097329533,0.7506525013658502,False,False
65,3;4;6;7;9,5,3,42,0.19591868353554273,0.2136934503883434,0.7506525013658502,False,False
65,3;4;6;7;9,5,4,40,0.22822076602959232,0.15665957036567754,0.7506525013658502,False,False
65,3;4;6;7;9,5,5,35,0.22347291851719417,0.1968904948645292,0.7506525013658502,False,False
65,3;4;6;7;9,5,6,0,,,,False,False
65,3;4;6;7;9,5,7,0,,,,False,False
65,3;4;6;7;9,5,8,0,,,,False,False
65,3;4;6;7;9,5,9,0,,,,False,False
65,3;4;6;7;9,5,10,0,,,,False,False
65,3;4;6;7;10,5,0,44,0.2124482871886766,0.166200270433389,0.7506525013658502,False,False
65,3;4;6;7;10,5,1,44,0.2124482871886766,0.166200270433389,0.7506525013658502,False,False
65,3;4;6;7;10,5,2,42,0.1951867332857213,0.21544328835765453,0.7506525013658502,False,False
65,3;4;6;7;10,5,3,42,0.1951867332857213,0.21544328835765453,0.7506525013658502,False,False
65,3;4;6;7;10,5,4,39,0.1954821511863197,0.23302033688128884,0.7506525013658502,False,False
65,3;4;6;7;10,5,5,35,0.22009974238863272,0.20391165071500708,0.7506525013658502,False,False
65,3;4;6;7;10,5,6,0,,,,False,False
65,3;4;6;7;10,5,7,0,,,,False,False
65,3;4;6;7;10,5,8,0,,,,False,False
65,3;4;6;7;10,5,9,0,,,,False,False
65,3;4;6;7;10,5,10,0,,,,False,False
65,3;4;6;8;9,5,0,44,0.2722789299854876,0.07376763412745047,0.7506525013658502,False,False
65,3;4;6;8;9,5,1,44,0.2722789299854876,0.07376763412745047,0.7506525013658502,False,False
65,3;4;6;8;9,5,2,43,0.2752786175533607,0.07399778637890507,0.7506525013658502,False,False
65,3;4;6;8;9,5,3,42,0.2624448284637594,0.09313562563108302,0.7506525013658502,False,False
65,3;4;6;8;9,5,4,40,0.20184533189590606,0.21166332121370657,0.7506525013658502,False,False
65,3;4;6;8;9,5,5,35,0.14255674219252382,0.41396694133080497,0.7506525013658502,False,False
65,3;4;6;8;9,5,6,0,,,,False,False
65,3;4;6;8;9,5,7,0,,,,False,False
65,3;4;6;8;9,5,8,0,,,,False,False
65,3;4;6;8;9,5,9,0,,,,False,False
65,3;4;6;8;9,5,10,0,,,,False,False
65,3;4;6;8;10,5,0,44,0.29469774058429266,0.05214977488468262,0.7506525013658502,False,False
65,3;4;6;8;10,5,1,44,0.29469774058429266,0.05214977488468262,0.7506525013658502,False,False
65,3;4;6;8;10,5,2,42,0.2799303066539386,0.07257494761419107,0.7506525013658502,False,False
65,3;4;6;8;10,5,3,42,0.2799303066539386,0.07257494761419107,0.7506525013658502,False,False
65,3;4;6;8;10,5,4,39,0.18316566473295526,0.2643674664118741,0.7506525013658502,False,False
65,3;4;6;8;10,5,5,35,0.19424233936183297,0.2635202121960174,0.7506525013658502,False,False
65,3;4;6;8;10,5,6,0,,,,False,False
65,3;4;6;8;10,5,7,0,,,,False,False
65,3;4;6;8;10,5,8,0,,,,False,False
65,3;4;6;8;10,5,9,0,,,,False,False
65,3;4;6;8;10,5,10,0,,,,False,False
65,3;4;6;9;10,5,0,44,0.2262390381879415,0.13975054673847045,0.7506525013658502,False,False
65,3;4;6;9;10,5,1,44,0.2262390381879415,0.13975054673847045,0.7506525013658502,False,False
65,3;4;6;9;10,5,2,42,0.20136764650643577,0.20097654764648,0.7506525013658502,False,False
65,3;4;6;9;10,5,3,42,0.20136764650643577,0.20097654764648,0.7506525013658502,False,False
65,3;4;6;9;10,5,4,41,0.1783775418150477,0.2644951778938659,0.7506525013658502,False,False
65,3;4;6;9;10,5,5,35,0.15168599169253766,0.3843852686296467,0.7506525013658502,False,False
65,3;4;6;9;10,5,6,0,,,,False,False
65,3;4;6;9;10,5,7,0,,,,False,False
65,3;4;6;9;10,5,8,0,,,,False,False
65,3;4;6;9;10,5,9,0,,,,False,False
65,3;4;6;9;10,5,10,0,,,,False,False
65,3;4;7;8;9,5,0,44,0.1340178109928569,0.3857757469636492,0.7506525013658502,False,False
65,3;4;7;8;9,5,1,44,0.1340178109928569,0.3857757469636492,0.7506525013658502,False,False
65,3;4;7;8;9,5,2,43,0.13491077622383868,0.3883829549975493,0.7506525013658502,False,False
65,3;4;7;8;9,5,3,42,0.11418423897214694,0.4715087184744501,0.7510354628300103,False,False
65,3;4;7;8;9,5,4,42,0.11418423897214694,0.4715087184744501,0.7510354628300103,False,False
65,3;4;7;8;9,5,5,35,0.13328704270020209,0.445275793624663,0.7509923134248312,False,False
65,3;4;7;8;9,5,6,0,,,,False,False
65,3;4;7;8;9,5,7,0,,,,False,False
65,3;4;7;8;9,5,8,0,,,,False,False
65,3;4;7;8;9,5,9,0,,,,False,False
65,3;4;7;8;9,5,10,0,,,,False,False
65,3;4;7;8;10,5,0,44,0.14724278759215198,0.34018849018910324,0.7506525013658502,False,False
65,3;4;7;8;10,5,1,44,0.14724278759215198,0.34018849018910324,0.7506525013658502,False,False
65,3;4;7;8;10,5,2,42,0.12581411516375451,0.42723956542824904,0.7506525013658502,False,False
65,3;4;7;8;10,5,3,42,0.12581411516375451,0.42723956542824904,0.7506525013658502,False,False
65,3;4;7;8;10,5,4,41,0.10702944957936472,0.5053815371227244,0.7558559619392049,False,False
65,3;4;7;8;10,5,5,35,0.18370858993874006,0.2907912650172641,0.7506525013658502,False,False
65,3;4;7;8;10,5,6,0,,,,False,False
65,3;4;7;8;10,5,7,0,,,,False,False
65,3;4;7;8;10,5,8,0,,,,False,False
65,3;4;7;8;10,5,9,0,,,,False,False
65,3;4;7;8;10,5,10,0,,,,False,False
65,3;4;7;9;10,5,0,44,0.1241167589933846,0.4221441356201296,0.7506525013658502,False,False
65,3;4;7;9;10,5,1,44,0.1241167589933846,0.4221441356201296,0.7506525013658502,False,False
65,3;4;7;9;10,5,2,42,0.10100913447536075,0.5244572409788778,0.7595331817189964,False,False
65,3;4;7;9;10,5,3,42,0.10100913447536075,0.5244572409788778,0.7595331817189964,False,False
65,3;4;7;9;10,5,4,42,0.10100913447536075,0.5244572409788778,0.7595331817189964,False,False
65,3;4;7;9;10,5,5,36,0.15222803643718247,0.37544769191273014,0.7506525013658502,False,False
65,3;4;7;9;10,5,6,0,,,,False,False
65,3;4;7;9;10,5,7,0,,,,False,False
65,3;4;7;9;10,5,8,0,,,,False,False
65,3;4;7;9;10,5,9,0,,,,False,False
65,3;4;7;9;10,5,10,0,,,,False,False
65,3;4;8;9;10,5,0,44,0.16598406459115309,0.28156581698082067,0.7506525013658502,False,False
65,3;4;8;9;10,5,1,44,0.16598406459115309,0.28156581698082067,0.7506525013658502,False,False
65,3;4;8;9;10,5,2,42,0.14655270557536237,0.35438302417046424,0.7506525013658502,False,False
65,3;4;8;9;10,5,3,42,0.14655270557536237,0.35438302417046424,0.7506525013658502,False,False
65,3;4;8;9;10,5,4,41,0.15386029445653984,0.3368264739072484,0.7506525013658502,False,False
65,3;4;8;9;10,5,5,37,0.1303550893964672,0.44189687007006906,0.7509923134248312,False,False
65,3;4;8;9;10,5,6,0,,,,False,False
65,3;4;8;9;10,5,7,0,,,,False,False
65,3;4;8;9;10,5,8,0,,,,False,False
65,3;4;8;9;10,5,9,0,,,,False,False
65,3;4;8;9;10,5,10,0,,,,False,False
65,3;5;6;7;8,5,0,44,0.13967555499255535,0.36585004984676767,0.7506525013658502,False,False
65,3;5;6;7;8,5,1,44,0.13967555499255535,0.36585004984676767,0.7506525013658502,False,False
65,3;5;6;7;8,5,2,43,0.1455975287224686,0.35154819874477927,0.7506525013658502,False,False
65,3;5;6;7;8,5,3,42,0.12687137663571882,0.4233342195851279,0.7506525013658502,False,False
65,3;5;6;7;8,5,4,38,0.1523097604046022,0.3613066132832068,0.7506525013658502,False,False
65,3;5;6;7;8,5,5,36,0.15339008251685562,0.3717703949623168,0.7506525013658502,False,False
65,3;5;6;7;8,5,6,0,,,,False,False
65,3;5;6;7;8,5,7,0,,,,False,False
65,3;5;6;7;8,5,8,0,,,,False,False
65,3;5;6;7;8,5,9,0,,,,False,False
65,3;5;6;7;8,5,10,0,,,,False,False
65,3;5;6;7;9,5,0,44,0.10855796299421389,0.4830290775093494,0.752496464592995,False,False
65,3;5;6;7;9,5,1,44,0.10855796299421389,0.4830290775093494,0.752496464592995,False,False
65,3;5;6;7;9,5,2,43,0.11444678207752607,0.46491985514973494,0.7510354628300103,False,False
65,3;5;6;7;9,5,3,42,0.09320166514393191,0.5571582558177947,0.7680825267932303,False,False
65,3;5;6;7;9,5,4,40,0.22473576052274338,0.16325993990363047,0.7506525013658502,False,False
65,3;5;6;7;9,5,5,36,0.21738479324315887,0.20281507858035014,0.7506525013658502,False,False
65,3;5;6;7;9,5,6,0,,,,False,False
65,3;5;6;7;9,5,7,0,,,,False,False
65,3;5;6;7;9,5,8,0,,,,False,False
65,3;5;6;7;9,5,9,0,,,,False,False
65,3;5;6;7;9,5,10,0,,,,False,False
65,3;5;6;7;10,5,0,44,0.15940693719150364,0.3013357646916023,0.7506525013658502,False,False
65,3;5;6;7;10,5,1,44,0.15940693719150364,0.3013357646916023,0.7506525013658502,False,False
65,3;5;6;7;10,5,2,42,0.13508548499482628,0.3936851157947622,0.7506525013658502,False,False
65,3;5;6;7;10,5,3,42,0.13508548499482628,0.3936851157947622,0.7506525013658502,False,False
65,3;5;6;7;10,5,4,40,0.2615637916897144,0.10302928752480701,0.7506525013658502,False,False
65,3;5;6;7;10,5,5,35,0.21518052720114733,0.2144592850890902,0.7506525013658502,False,False
65,3;5;6;7;10,5,6,0,,,,False,False
65,3;5;6;7;10,5,7,0,,,,False,False
65,3;5;6;7;10,5,8,0,,,,False,False
65,3;5;6;7;10,5,9,0,,,,False,False
65,3;5;6;7;10,5,10,0,,,,False,False
65,3;5;6;8;9,5,0,44,0.18670555199004865,0.22493241337111275,0.7506525013658502,False,False
65,3;5;6;8;9,5,1,44,0.18670555199004865,0.22493241337111275,0.7506525013658502,False,False
65,3;5;6;8;9,5,2,43,0.1900119752770582,0.22230122238691372,0.7506525013658502,False,False
65,3;5;6;8;9,5,3,42,0.16672200134822027,0.291296080967159,0.7506525013658502,False,False
65,3;5;6;8;9,5,4,40,0.19092968690759596,0.23794103830874483,0.7506525013658502,False,False
65,3;5;6;8;9,5,5,36,0.2087809456479424,0.22170847449075415,0.7506525013658502,False,False
65,3;5;6;8;9,5,6,0,,,,False,False
65,3;5;6;8;9,5,7,0,,,,False,False
65,3;5;6;8;9,5,8,0,,,,False,False
65,3;5;6;8;9,5,9,0,,,,False,False
65,3;5;6;8;9,5,10,0,,,,False,False
65,3;5;6;8;10,5,0,44,0.21167034738871804,0.16779348472626585,0.7506525013658502,False,False
65,3;5;6;8;10,5,1,44,0.21167034738871804,0.16779348472626585,0.7506525013658502,False,False
65,3;5;6;8;10,5,2,42,0.1899817537314354,0.22817309968748276,0.7506525013658502,False,False
65,3;5;6;8;10,5,3,42,0.1899817537314354,0.22817309968748276,0.7506525013658502,False,False
65,3;5;6;8;10,5,4,40,0.20062202685411268,0.21450359762541027,0.7506525013658502,False,False
65,3;5;6;8;10,5,5,35,0.20295023888492308,0.24228993893849077,0.7506525013658502,False,False
65,3;5;6;8;10,5,6,0,,,,False,False
65,3;5;6;8;10,5,7,0,,,,False,False
65,3;5;6;8;10,5,8,0,,,,False,False
65,3;5;6;8;10,5,9,0,,,,False,False
65,3;5;6;8;10,5,10,0,,,,False,False
65,3;5;6;9;10,5,0,44,0.15537579459171852,0.31388249232844917,0.7506525013658502,False,False
65,3;5;6;9;10,5,1,44,0.15537579459171852,0.31388249232844917,0.7506525013658502,False,False
65,3;5;6;9;10,5,2,42,0.1294738664128618,0.4138071733879612,0.7506525013658502,False,False
65,3;5;6;9;10,5,3,42,0.1294738664128618,0.4138071733879612,0.7506525013658502,False,False
65,3;5;6;9;10,5,4,41,0.18799593867762382,0.2391694131114707,0.7506525013658502,False,False
65,3;5;6;9;10,5,5,36,0.2733390611853395,0.10673535702439017,0.7506525013658502,False,False
65,3;5;6;9;10,5,6,0,,,,False,False
65,3;5;6;9;10,5,7,0,,,,False,False
65,3;5;6;9;10,5,8,0,,,,False,False
65,3;5;6;9;10,5,9,0,,,,False,False
65,3;5;6;9;10,5,10,0,,,,False,False
65,3;5;7;8;9,5,0,44,0.07786470179584984,0.6153926357272257,0.7849082291222288,False,False
65,3;5;7;8;9,5,1,44,0.07786470179584984,0.6153926357272257,0.7849082291222288,False,False
65,3;5;7;8;9,5,2,43,0.07662628919230388,0.6252772354205526,0.7908334480519774,False,False
65,3;5;7;8;9,5,3,42,0.05831203656910923,0.7137585637623428,0.8356141604337286,False,False
65,3;5;7;8;9,5,4,42,0.05831203656910923,0.7137585637623428,0.8356141604337286,False,False
65,3;5;7;8;9,5,5,36,0.1876058837516761,0.2732215159239384,0.7506525013658502,False,False
65,3;5;7;8;9,5,6,0,,,,False,False
65,3;5;7;8;9,5,7,0,,,,False,False
65,3;5;7;8;9,5,8,0,,,,False,False
65,3;5;7;8;9,5,9,0,,,,False,False
65,3;5;7;8;9,5,10,0,,,,False,False
65,3;5;7;8;10,5,0,44,0.14844505819208792,0.33621637691254086,0.7506525013658502,False,False
65,3;5;7;8;10,5,1,44,0.14844505819208792,0.33621637691254086,0.7506525013658502,False,False
65,3;5;7;8;10,5,2,42,0.1257327873582188,0.427540810487188,0.7506525013658502,False,False
65,3;5;7;8;10,5,3,42,0.1257327873582188,0.427540810487188,0.7506525013658502,False,False
65,3;5;7;8;10,5,4,42,0.1257327873582188,0.427540810487188,0.7506525013658502,False,False
65,3;5;7;8;10,5,5,35,0.2112367884310895,0.22318181931676045,0.7506525013658502,False,False
65,3;5;7;8;10,5,6,0,,,,False,False
65,3;5;7;8;10,5,7,0,,,,False,False
65,3;5;7;8;10,5,8,0,,,,False,False
65,3;5;7;8;10,5,9,0,,,,False,False
65,3;5;7;8;10,5,10,0,,,,False,False
65,3;5;7;9;10,5,0,44,0.03656317059805119,0.8137203861090044,0.8908722744372866,False,False
65,3;5;7;9;10,5,1,44,0.03656317059805119,0.8137203861090044,0.8908722744372866,False,False
65,3;5;7;9;10,5,2,42,0.008946058608928893,0.9551597890431064,0.9743326145983874,False,False
65,3;5;7;9;10,5,3,42,0.008946058608928893,0.9551597890431064,0.9743326145983874,False,False
65,3;5;7;9;10,5,4,42,0.008946058608928893,0.9551597890431064,0.9743326145983874,False,False
65,3;5;7;9;10,5,5,37,0.212532082680644,0.206626026036707,0.7506525013658502,False,False
65,3;5;7;9;10,5,6,0,,,,False,False
65,3;5;7;9;10,5,7,0,,,,False,False
65,3;5;7;9;10,5,8,0,,,,False,False
65,3;5;7;9;10,5,9,0,,,,False,False
65,3;5;7;9;10,5,10,0,,,,False,False
65,3;5;8;9;10,5,0,44,0.10176867019457576,0.5109667237444104,0.7560570109542406,False,False
65,3;5;8;9;10,5,1,44,0.10176867019457576,0.5109667237444104,0.7560570109542406,False,False
65,3;5;8;9;10,5,2,42,0.07945726600839571,0.6169386347196124,0.7854619757684101,False,False
65,3;5;8;9;10,5,3,42,0.07945726600839571,0.6169386347196124,0.7854619757684101,False,False
65,3;5;8;9;10,5,4,41,0.12607632305552924,0.4321847212955828,0.7509041397983071,False,False
65,3;5;8;9;10,5,5,38,0.2217597971490474,0.18086894930227226,0.7506525013658502,False,False
65,3;5;8;9;10,5,6,0,,,,False,False
65,3;5;8;9;10,5,7,0,,,,False,False
65,3;5;8;9;10,5,8,0,,,,False,False
65,3;5;8;9;10,5,9,0,,,,False,False
65,3;5;8;9;10,5,10,0,,,,False,False
65,3;6;7;8;9,5,0,44,0.10495115119440612,0.49777053946825256,0.7558129676892907,False,False
65,3;6;7;8;9,5,1,44,0.10495115119440612,0.49777053946825256,0.7558129676892907,False,False
65,3;6;7;8;9,5,2,43,0.10921709468457953,0.48569615746517225,0.7528806075466162,False,False
65,3;6;7;8;9,5,3,42,0.09238838708857473,0.5606187111765967,0.7692215166831052,False,False
65,3;6;7;8;9,5,4,41,0.1335384192447834,0.40520727885852265,0.7506525013658502,False,False
65,3;6;7;8;9,5,5,36,0.047902121728748685,0.7814509796030774,0.8724197090260369,False,False
65,3;6;7;8;9,5,6,0,,,,False,False
65,3;6;7;8;9,5,7,0,,,,False,False
65,3;6;7;8;9,5,8,0,,,,False,False
65,3;6;7;8;9,5,9,0,,,,False,False
65,3;6;7;8;9,5,10,0,,,,False,False
65,3;6;7;8;10,5,0,44,0.15664878699165063,0.30988509712675066,0.7506525013658502,False,False
65,3;6;7;8;10,5,1,44,0.15664878699165063,0.30988509712675066,0.7506525013658502,False,False
65,3;6;7;8;10,5,2,42,0.14525146068679093,0.35871876223498683,0.7506525013658502,False,False
65,3;6;7;8;10,5,3,42,0.14525146068679093,0.35871876223498683,0.7506525013658502,False,False
65,3;6;7;8;10,5,4,40,0.1444645514427576,0.373799071564309,0.7506525013658502,False,False
65,3;6;7;8;10,5,5,36,0.11452609696334254,0.505986952032034,0.7558559619392049,False,False
65,3;6;7;8;10,5,6,0,,,,False,False
65,3;6;7;8;10,5,7,0,,,,False,False
65,3;6;7;8;10,5,8,0,,,,False,False
65,3;6;7;8;10,5,9,0,,,,False,False
65,3;6;7;8;10,5,10,0,,,,False,False
65,3;6;7;9;10,5,0,44,0.08048140839571036,0.6035318530703351,0.7816886922645369,False,False
65,3;6;7;9;10,5,1,44,0.08048140839571036,0.6035318530703351,0.7816886922645369,False,False
65,3;6;7;9;10,5,2,42,0.06945394592750248,0.6620695088774899,0.8097648698395292,False,False
65,3;6;7;9;10,5,3,42,0.06945394592750248,0.6620695088774899,0.8097648698395292,False,False
65,3;6;7;9;10,5,4,41,0.12767916967739604,0.4263072656777411,0.7506525013658502,False,False
65,3;6;7;9;10,5,5,37,0.11697594472288526,0.49051622732799277,0.7550319149425593,False,False
65,3;6;7;9;10,5,6,0,,,,False,False
65,3;6;7;9;10,5,7,0,,,,False,False
65,3;6;7;9;10,5,8,0,,,,False,False
65,3;6;7;9;10,5,9,0,,,,False,False
65,3;6;7;9;10,5,10,0,,,,False,False
65,3;6;8;9;10,5,0,44,0.15169826099191452,0.3256132423298547,0.7506525013658502,False,False
65,3;6;8;9;10,5,1,44,0.15169826099191452,0.3256132423298547,0.7506525013658502,False,False
65,3;6;8;9;10,5,2,42,0.13329627327304047,0.4000380565624055,0.7506525013658502,False,False
65,3;6;8;9;10,5,3,42,0.13329627327304047,0.4000380565624055,0.7506525013658502,False,False
65,3;6;8;9;10,5,4,41,0.17621474445202265,0.27042574481502796,0.7506525013658502,False,False
65,3;6;8;9;10,5,5,37,0.08698261206765177,0.6087162845432948,0.7829447520832203,False,False
65,3;6;8;9;10,5,6,0,,,,False,False
65,3;6;8;9;10,5,7,0,,,,False,False
65,3;6;8;9;10,5,8,0,,,,False,False
65,3;6;8;9;10,5,9,0,,,,False,False
65,3;6;8;9;10,5,10,0,,,,False,False
65,3;7;8;9;10,5,0,44,0.06612721310141477,0.6697595867631212,0.8126373888437242,False,False
65,3;7;8;9;10,5,1,44,0.06612721310141477,0.6697595867631212,0.8126373888437242,False,False
65,3;7;8;9;10,5,2,42,0.04709070734057154,0.7671254711103199,0.8656230288447273,False,False
65,3;7;8;9;10,5,3,42,0.04709070734057154,0.7671254711103199,0.8656230288447273,False,False
65,3;7;8;9;10,5,4,41,0.10415925657354971,0.5169295650802812,0.756979384639706,False,False
65,3;7;8;9;10,5,5,39,0.05937600771942783,0.719553309306232,0.8379928776424039,False,False
65,3;7;8;9;10,5,6,0,,,,False,False
65,3;7;8;9;10,5,7,0,,,,False,False
65,3;7;8;9;10,5,8,0,,,,False,False
65,3;7;8;9;10,5,9,0,,,,False,False
65,3;7;8;9;10,5,10,0,,,,False,False
65,4;5;6;7;8,5,0,44,0.2401005109872027,0.11644789949239924,0.7506525013658502,False,False
65,4;5;6;7;8,5,1,44,0.2401005109872027,0.11644789949239924,0.7506525013658502,False,False
65,4;5;6;7;8,5,2,44,0.2401005109872027,0.11644789949239924,0.7506525013658502,False,False
65,4;5;6;7;8,5,3,41,0.16703233841357976,0.2965739469698802,0.7506525013658502,False,False
65,4;5;6;7;8,5,4,38,0.20326270115999906,0.2209652855223281,0.7506525013658502,False,False
65,4;5;6;7;8,5,5,36,0.14425854487836856,0.40124038390992184,0.7506525013658502,False,False
65,4;5;6;7;8,5,6,0,,,,False,False
65,4;5;6;7;8,5,7,0,,,,False,False
65,4;5;6;7;8,5,8,0,,,,False,False
65,4;5;6;7;8,5,9,0,,,,False,False
65,4;5;6;7;8,5,10,0,,,,False,False
65,4;5;6;7;9,5,0,44,0.15127393019193713,0.3269842429057256,0.7506525013658502,False,False
65,4;5;6;7;9,5,1,44,0.15127393019193713,0.3269842429057256,0.7506525013658502,False,False
65,4;5;6;7;9,5,2,44,0.15127393019193713,0.3269842429057256,0.7506525013658502,False,False
65,4;5;6;7;9,5,3,42,0.11995851316518287,0.44923125873866526,0.7509923134248312,False,False
65,4;5;6;7;9,5,4,39,0.16682074598011631,0.31008917044921086,0.7506525013658502,False,False
65,4;5;6;7;9,5,5,36,0.12175660590353102,0.4793202787121634,0.7519074874765345,False,False
65,4;5;6;7;9,5,6,0,,,,False,False
65,4;5;6;7;9,5,7,0,,,,False,False
65,4;5;6;7;9,5,8,0,,,,False,False
65,4;5;6;7;9,5,9,0,,,,False,False
65,4;5;6;7;9,5,10,0,,,,False,False
65,4;5;6;7;10,5,0,44,0.16944943279096839,0.27149873901071647,0.7506525013658502,False,False
65,4;5;6;7;10,5,1,44,0.16944943279096839,0.27149873901071647,0.7506525013658502,False,False
65,4;5;6;7;10,5,2,43,0.1400871843449601,0.3702668662070036,0.7506525013658502,False,False
65,4;5;6;7;10,5,3,42,0.13646805768893347,0.38881652837225983,0.7506525013658502,False,False
65,4;5;6;7;10,5,4,39,0.178714729697163,0.2763506219241782,0.7506525013658502,False,False
65,4;5;6;7;10,5,5,35,0.09311834490014119,0.5946935288604768,0.7785811597048389,False,False
65,4;5;6;7;10,5,6,0,,,,False,False
65,4;5;6;7;10,5,7,0,,,,False,False
65,4;5;6;7;10,5,8,0,,,,False,False
65,4;5;6;7;10,5,9,0,,,,False,False
65,4;5;6;7;10,5,10,0,,,,False,False
65,4;5;6;8;9,5,0,44,0.23741308258734595,0.12071874169954043,0.7506525013658502,False,False
65,4;5;6;8;9,5,1,44,0.23741308258734595,0.12071874169954043,0.7506525013658502,False,False
65,4;5;6;8;9,5,2,44,0.23741308258734595,0.12071874169954043,0.7506525013658502,False,False
65,4;5;6;8;9,5,3,42,0.21438009539215055,0.17278014247349188,0.7506525013658502,False,False
65,4;5;6;8;9,5,4,38,0.17468658934254502,0.29419617458582586,0.7506525013658502,False,False
65,4;5;6;8;9,5,5,37,0.1631204447207109,0.33472065321030164,0.7506525013658502,False,False
65,4;5;6;8;9,5,6,0,,,,False,False
65,4;5;6;8;9,5,7,0,,,,False,False
65,4;5;6;8;9,5,8,0,,,,False,False
65,4;5;6;8;9,5,9,0,,,,False,False
65,4;5;6;8;9,5,10,0,,,,False,False
65,4;5;6;8;10,5,0,44,0.2558007505863659,0.09374694289015066,0.7506525013658502,False,False
65,4;5;6;8;10,5,1,44,0.2558007505863659,0.09374694289015066,0.7506525013658502,False,False
65,4;5;6;8;10,5,2,43,0.23085216370962325,0.13638403831316623,0.7506525013658502,False,False
65,4;5;6;8;10,5,3,42,0.23406142433179414,0.13571854881525355,0.7506525013658502,False,False
65,4;5;6;8;10,5,4,38,0.1829161711268986,0.2716762794422616,0.7506525013658502,False,False
65,4;5;6;8;10,5,5,36,0.13587142017613785,0.4294506369756006,0.7508724417021384,False,False
65,4;5;6;8;10,5,6,0,,,,False,False
65,4;5;6;8;10,5,7,0,,,,False,False
65,4;5;6;8;10,5,8,0,,,,False,False
65,4;5;6;8;10,5,9,0,,,,False,False
65,4;5;6;8;10,5,10,0,,,,False,False
65,4;5;6;9;10,5,0,44,0.2095486933888311,0.17219473853628883,0.7506525013658502,False,False
65,4;5;6;9;10,5,1,44,0.2095486933888311,0.17219473853628883,0.7506525013658502,False,False
65,4;5;6;9;10,5,2,43,0.17963586483607374,0.24905561924912709,0.7506525013658502,False,False
65,4;5;6;9;10,5,3,42,0.1844514629550066,0.24225306446905331,0.7506525013658502,False,False
65,4;5;6;9;10,5,4,40,0.2180305986027106,0.17652075794010286,0.7506525013658502,False,False
65,4;5;6;9;10,5,5,36,0.13195678815843978,0.44298480213445635,0.7509923134248312,False,False
65,4;5;6;9;10,5,6,0,,,,False,False
65,4;5;6;9;10,5,7,0,,,,False,False
65,4;5;6;9;10,5,8,0,,,,False,False
65,4;5;6;9;10,5,9,0,,,,False,False
65,4;5;6;9;10,5,10,0,,,,False,False
65,4;5;7;8;9,5,0,44,0.08373461119553696,0.5889259264372367,0.7773467911697347,False,False
65,4;5;7;8;9,5,1,44,0.08373461119553696,0.5889259264372367,0.7773467911697347,False,False
65,4;5;7;8;9,5,2,44,0.08373461119553696,0.5889259264372367,0.7773467911697347,False,False
65,4;5;7;8;9,5,3,42,0.051399173098573274,0.7464939134036871,0.8528208988020998,False,False
65,4;5;7;8;9,5,4,40,0.03491618800342871,0.8306313031012587,0.9010362166609627,False,False
65,4;5;7;8;9,5,5,37,0.11901134487276357,0.4829469728657179,0.752496464592995,False,False
65,4;5;7;8;9,5,6,0,,,,False,False
65,4;5;7;8;9,5,7,0,,,,False,False
65,4;5;7;8;9,5,8,0,,,,False,False
65,4;5;7;8;9,5,9,0,,,,False,False
65,4;5;7;8;9,5,10,0,,,,False,False
65,4;5;7;8;10,5,0,44,0.12970378119308681,0.40138946178140184,0.7506525013658502,False,False
65,4;5;7;8;10,5,1,44,0.12970378119308681,0.40138946178140184,0.7506525013658502,False,False
65,4;5;7;8;10,5,2,43,0.10228107023563877,0.5139798699287257,0.756979384639706,False,False
65,4;5;7;8;10,5,3,42,0.09856930030928925,0.5345738126397073,0.760535689565614,False,False
65,4;5;7;8;10,5,4,40,0.09100796172322255,0.5765069395079699,0.7724136668893526,False,False
65,4;5;7;8;10,5,5,36,0.13109721073025266,0.445987497801417,0.7509923134248312,False,False
65,4;5;7;8;10,5,6,0,,,,False,False
65,4;5;7;8;10,5,7,0,,,,False,False
65,4;5;7;8;10,5,8,0,,,,False,False
65,4;5;7;8;10,5,9,0,,,,False,False
65,4;5;7;8;10,5,10,0,,,,False,False
65,4;5;7;9;10,5,0,44,0.0777939799958536,0.6157145640643508,0.7849082291222288,False,False
65,4;5;7;9;10,5,1,44,0.0777939799958536,0.6157145640643508,0.7849082291222288,False,False
65,4;5;7;9;10,5,2,43,0.04470061588076066,0.7759304062765016,0.8701440263086717,False,False
65,4;5;7;9;10,5,3,42,0.04285975351732296,0.7875416685149114,0.8767431079534433,False,False
65,4;5;7;9;10,5,4,41,0.05783958826248119,0.7194442066019962,0.8379928776424039,False,False
65,4;5;7;9;10,5,5,37,0.15446060656185662,0.3613507703811295,0.7506525013658502,False,False
65,4;5;7;9;10,5,6,0,,,,False,False
65,4;5;7;9;10,5,7,0,,,,False,False
65,4;5;7;9;10,5,8,0,,,,False,False
65,4;5;7;9;10,5,9,0,,,,False,False
65,4;5;7;9;10,5,10,0,,,,False,False
65,4;5;8;9;10,5,0,44,0.11400354159392365,0.4612128282960573,0.7510354628300103,False,False
65,4;5;8;9;10,5,1,44,0.11400354159392365,0.4612128282960573,0.7510354628300103,False,False
65,4;5;8;9;10,5,2,43,0.07924888849368754,0.6134518855713167,0.7848162741636515,False,False
65,4;5;8;9;10,5,3,41,0.13271651747841226,0.4081303382983465,0.7506525013658502,False,False
65,4;5;8;9;10,5,4,41,0.13271651747841226,0.4081303382983465,0.7506525013658502,False,False
65,4;5;8;9;10,5,5,38,0.1175184278805689,0.482259437695374,0.7522904331545663,False,False
65,4;5;8;9;10,5,6,0,,,,False,False
65,4;5;8;9;10,5,7,0,,,,False,False
65,4;5;8;9;10,5,8,0,,,,False,False
65,4;5;8;9;10,5,9,0,,,,False,False
65,4;5;8;9;10,5,10,0,,,,False,False
65,4;6;7;8;9,5,0,44,0.1930705139897094,0.20923560394884017,0.7506525013658502,False,False
65,4;6;7;8;9,5,1,44,0.1930705139897094,0.20923560394884017,0.7506525013658502,False,False
65,4;6;7;8;9,5,2,44,0.1930705139897094,0.20923560394884017,0.7506525013658502,False,False
65,4;6;7;8;9,5,3,42,0.16176100521054151,0.3060932463766627,0.7506525013658502,False,False
65,4;6;7;8;9,5,4,41,0.14910478376709604,0.35215035359330527,0.7506525013658502,False,False
65,4;6;7;8;9,5,5,35,0.12429824319249615,0.47682504018797517,0.7514459265969039,False,False
65,4;6;7;8;9,5,6,0,,,,False,False
65,4;6;7;8;9,5,7,0,,,,False,False
65,4;6;7;8;9,5,8,0,,,,False,False
65,4;6;7;8;9,5,9,0,,,,False,False
65,4;6;7;8;9,5,10,0,,,,False,False
65,4;6;7;8;10,5,0,44,0.1843010107901768,0.23106799319539592,0.7506525013658502,False,False
65,4;6;7;8;10,5,1,44,0.1843010107901768,0.23106799319539592,0.7506525013658502,False,False
65,4;6;7;8;10,5,2,43,0.1594827058118664,0.30699946130188965,0.7506525013658502,False,False
65,4;6;7;8;10,5,3,42,0.15248963537946975,0.335007981048496,0.7506525013658502,False,False
65,4;6;7;8;10,5,4,40,0.11943030344029928,0.46293349135515155,0.7510354628300103,False,False
65,4;6;7;8;10,5,5,35,0.13707919249251554,0.43231488616808494,0.7509041397983071,False,False
65,4;6;7;8;10,5,6,0,,,,False,False
65,4;6;7;8;10,5,7,0,,,,False,False
65,4;6;7;8;10,5,8,0,,,,False,False
65,4;6;7;8;10,5,9,0,,,,False,False
65,4;6;7;8;10,5,10,0,,,,False,False
65,4;6;7;9;10,5,0,44,0.11563014299383695,0.45480083119524406,0.7510354628300103,False,False
65,4;6;7;9;10,5,1,44,0.11563014299383695,0.45480083119524406,0.7510354628300103,False,False
65,4;6;7;9;10,5,2,43,0.08599186275366669,0.583494451569498,0.7751190144410416,False,False
65,4;6;7;9;10,5,3,42,0.08018921625821716,0.6136878219402937,0.7848162741636515,False,False
65,4;6;7;9;10,5,4,42,0.08018921625821716,0.6136878219402937,0.7848162741636515,False,False
65,4;6;7;9;10,5,5,35,0.12607245780498313,0.47050697049329004,0.7510354628300103,False,False
65,4;6;7;9;10,5,6,0,,,,False,False
65,4;6;7;9;10,5,7,0,,,,False,False
65,4;6;7;9;10,5,8,0,,,,False,False
65,4;6;7;9;10,5,9,0,,,,False,False
65,4;6;7;9;10,5,10,0,,,,False,False
65,4;6;8;9;10,5,0,44,0.19533361158958876,0.2038434237186962,0.7506525013658502,False,False
65,4;6;8;9;10,5,1,44,0.19533361158958876,0.2038434237186962,0.7506525013658502,False,False
65,4;6;8;9;10,5,2,43,0.16880164776666906,0.2792182132446517,0.7506525013658502,False,False
65,4;6;8;9;10,5,3,42,0.16477013401536303,0.29706173461649965,0.7506525013658502,False,False
65,4;6;8;9;10,5,4,41,0.17762520081212121,0.2665483056136046,0.7506525013658502,False,False
65,4;6;8;9;10,5,5,36,0.09845830952545646,0.567801517108923,0.7703040651288825,False,False
65,4;6;8;9;10,5,6,0,,,,False,False
65,4;6;8;9;10,5,7,0,,,,False,False
65,4;6;8;9;10,5,8,0,,,,False,False
65,4;6;8;9;10,5,9,0,,,,False,False
65,4;6;8;9;10,5,10,0,,,,False,False
65,4;7;8;9;10,5,0,44,0.056153109197007056,0.7173217997604856,0.8375798927824868,False,False
65,4;7;8;9;10,5,1,44,0.056153109197007056,0.7173217997604856,0.8375798927824868,False,False
65,4;7;8;9;10,5,2,43,0.02651731450553598,0.8659607833579935,0.9217808165254123,False,False
65,4;7;8;9;10,5,3,42,0.02464232507732231,0.8768966981319405,0.9277947669005358,False,False
65,4;7;8;9;10,5,4,41,0.03957905359955284,0.8059234600442957,0.8870270941770478,False,False
65,4;7;8;9;10,5,5,38,0.08702847688078758,0.603380079607301,0.7816886922645369,False,False
65,4;7;8;9;10,5,6,0,,,,False,False
65,4;7;8;9;10,5,7,0,,,,False,False
65,4;7;8;9;10,5,8,0,,,,False,False
65,4;7;8;9;10,5,9,0,,,,False,False
65,4;7;8;9;10,5,10,0,,,,False,False
65,5;6;7;8;9,5,0,44,0.06612488299647556,0.6697705589115122,0.8126373888437242,False,False
65,5;6;7;8;9,5,1,44,0.06612488299647556,0.6697705589115122,0.8126373888437242,False,False
65,5;6;7;8;9,5,2,44,0.06612488299647556,0.6697705589115122,0.8126373888437242,False,False
65,5;6;7;8;9,5,3,42,0.029034026576251037,0.8551731769585066,0.9151946746725005,False,False
65,5;6;7;8;9,5,4,41,-0.03620491523728902,0.8221901878384469,0.895713491083482,False,False
65,5;6;7;8;9,5,5,36,0.08340908527431712,0.6286436259938188,0.7934575291719805,False,False
65,5;6;7;8;9,5,6,0,,,,False,False
65,5;6;7;8;9,5,7,0,,,,False,False
65,5;6;7;8;9,5,8,0,,,,False,False
65,5;6;7;8;9,5,9,0,,,,False,False
65,5;6;7;8;9,5,10,0,,,,False,False
65,5;6;7;8;10,5,0,44,0.10961878999415733,0.47873727666826316,0.7519074874765345,False,False
65,5;6;7;8;10,5,1,44,0.10961878999415733,0.47873727666826316,0.7519074874765345,False,False
65,5;6;7;8;10,5,2,43,0.07955194351660795,0.6120915502261923,0.7841665053262773,False,False
65,5;6;7;8;10,5,3,42,0.07303236937107405,0.6457783430874636,0.8021967633715933,False,False
65,5;6;7;8;10,5,4,41,0.009532211982764499,0.952832905360738,0.9734329848047586,False,False
65,5;6;7;8;10,5,5,35,0.06179799661547831,0.7243421788817547,0.8403463654146589,False,False
65,5;6;7;8;10,5,6,0,,,,False,False
65,5;6;7;8;10,5,7,0,,,,False,False
65,5;6;7;8;10,5,8,0,,,,False,False
65,5;6;7;8;10,5,9,0,,,,False,False
65,5;6;7;8;10,5,10,0,,,,False,False
65,5;6;7;9;10,5,0,44,0.021216539998869164,0.8912692159324375,0.9375114372385212,False,False
65,5;6;7;9;10,5,1,44,0.021216539998869164,0.8912692159324375,0.9375114372385212,False,False
65,5;6;7;9;10,5,2,43,-0.015986152459051692,0.9189585740557416,0.9555115979052844,False,False
65,5;6;7;9;10,5,3,42,-0.02000664016178643,0.899923939545537,0.9435454447223474,False,False
65,5;6;7;9;10,5,4,42,-0.02000664016178643,0.899923939545537,0.9435454447223474,False,False
65,5;6;7;9;10,5,5,36,0.10067940186469725,0.5590553403879367,0.7688694341735423,False,False
65,5;6;7;9;10,5,6,0,,,,False,False
65,5;6;7;9;10,5,7,0,,,,False,False
65,5;6;7;9;10,5,8,0,,,,False,False
65,5;6;7;9;10,5,9,0,,,,False,False
65,5;6;7;9;10,5,10,0,,,,False,False
65,5;6;8;9;10,5,0,44,0.051697635797244526,0.7389273839683916,0.8492682073771566,False,False
65,5;6;8;9;10,5,1,44,0.051697635797244526,0.7389273839683916,0.8492682073771566,False,False
65,5;6;8;9;10,5,2,43,0.01750142757365375,0.9113061431148796,0.9499666786279832,False,False
65,5;6;8;9;10,5,3,42,0.013337760107857621,0.9331887207519417,0.9642688497189534,False,False
65,5;6;8;9;10,5,4,41,0.054082636154797366,0.7369957545402223,0.8489339809001659,False,False
65,5;6;8;9;10,5,5,37,0.019023926688104875,0.9110166616312402,0.9499666786279832,False,False
65,5;6;8;9;10,5,6,0,,,,False,False
65,5;6;8;9;10,5,7,0,,,,False,False
65,5;6;8;9;10,5,8,0,,,,False,False
65,5;6;8;9;10,5,9,0,,,,False,False
65,5;6;8;9;10,5,10,0,,,,False,False
65,5;7;8;9;10,5,0,44,0.02694500579856384,0.8621649479079736,0.918790202992081,False,False
65,5;7;8;9;10,5,1,44,0.02694500579856384,0.8621649479079736,0.918790202992081,False,False
65,5;7;8;9;10,5,2,43,-0.006970265527169458,0.9646168655373563,0.9822047745725144,False,False
65,5;7;8;9;10,5,3,42,-0.014964316218571964,0.9250628356105871,0.959196188607744,False,False
65,5;7;8;9;10,5,4,41,0.029007165110489057,0.8571288015284954,0.9151946746725005,False,False
65,5;7;8;9;10,5,5,39,0.040323237763639594,0.8074441689612815,0.8871632140814081,False,False
65,5;7;8;9;10,5,6,0,,,,False,False
65,5;7;8;9;10,5,7,0,,,,False,False
65,5;7;8;9;10,5,8,0,,,,False,False
65,5;7;8;9;10,5,9,0,,,,False,False
65,5;7;8;9;10,5,10,0,,,,False,False
65,6;7;8;9;10,5,0,44,0.05410217699711637,0.7272413358473084,0.8410096999454096,False,False
65,6;7;8;9;10,5,1,44,0.05410217699711637,0.7272413358473084,0.8410096999454096,False,False
65,6;7;8;9;10,5,2,43,0.02265336296330074,0.885351108640264,0.9333639712334205,False,False
65,6;7;8;9;10,5,3,42,0.020494606995000733,0.8974958674945634,0.9426084995758426,False,False
65,6;7;8;9;10,5,4,41,0.0572807233826674,0.7220463526293723,0.8392103693733669,False,False
65,6;7;8;9;10,5,5,38,-0.010316112013611642,0.9509848919644697,0.9725154305539765,False,False
65,6;7;8;9;10,5,6,0,,,,False,False
65,6;7;8;9;10,5,7,0,,,,False,False
65,6;7;8;9;10,5,8,0,,,,False,False
65,6;7;8;9;10,5,9,0,,,,False,False
65,6;7;8;9;10,5,10,0,,,,False,False
65,1;2;3;4;5;6,6,0,42,0.3193028717072838,0.03928666947932836,0.7506525013658502,True,False
65,1;2;3;4;5;6,6,1,42,0.3193028717072838,0.03928666947932836,0.7506525013658502,True,False
65,1;2;3;4;5;6,6,2,39,0.23143055717071304,0.15631067480604074,0.7506525013658502,False,False
65,1;2;3;4;5;6,6,3,38,0.22819010967610914,0.16822575367066386,0.7506525013658502,False,False
65,1;2;3;4;5;6,6,4,35,0.13974774234636572,0.42332064882570675,0.7506525013658502,False,False
65,1;2;3;4;5;6,6,5,0,,,,False,False
65,1;2;3;4;5;6,6,6,0,,,,False,False
65,1;2;3;4;5;6,6,7,0,,,,False,False
65,1;2;3;4;5;6,6,8,0,,,,False,False
65,1;2;3;4;5;6,6,9,0,,,,False,False
65,1;2;3;4;5;6,6,10,0,,,,False,False
65,1;2;3;4;5;7,6,0,43,0.0675311806828316,0.6669960478853074,0.812353866163547,False,False
65,1;2;3;4;5;7,6,1,43,0.0675311806828316,0.6669960478853074,0.812353866163547,False,False
65,1;2;3;4;5;7,6,2,40,0.17368513931430796,0.2838005138376271,0.7506525013658502,False,False
65,1;2;3;4;5;7,6,3,38,0.22654292409134416,0.17140213142761332,0.7506525013658502,False,False
65,1;2;3;4;5;7,6,4,35,0.1311802928155835,0.45256653216533765,0.7509923134248312,False,False
65,1;2;3;4;5;7,6,5,0,,,,False,False
65,1;2;3;4;5;7,6,6,0,,,,False,False
65,1;2;3;4;5;7,6,7,0,,,,False,False
65,1;2;3;4;5;7,6,8,0,,,,False,False
65,1;2;3;4;5;7,6,9,0,,,,False,False
65,1;2;3;4;5;7,6,10,0,,,,False,False
65,1;2;3;4;5;8,6,0,43,0.18607076158962021,0.23221969363610023,0.7506525013658502,False,False
65,1;2;3;4;5;8,6,1,43,0.18607076158962021,0.23221969363610023,0.7506525013658502,False,False
65,1;2;3;4;5;8,6,2,40,0.2844654724108736,0.07523559277394694,0.7506525013658502,False,False
65,1;2;3;4;5;8,6,3,37,0.1993826427089156,0.23677136615500835,0.7506525013658502,False,False
65,1;2;3;4;5;8,6,4,36,0.1449037083170017,0.3991153648377428,0.7506525013658502,False,False
65,1;2;3;4;5;8,6,5,0,,,,False,False
65,1;2;3;4;5;8,6,6,0,,,,False,False
65,1;2;3;4;5;8,6,7,0,,,,False,False
65,1;2;3;4;5;8,6,8,0,,,,False,False
65,1;2;3;4;5;8,6,9,0,,,,False,False
65,1;2;3;4;5;8,6,10,0,,,,False,False
65,1;2;3;4;5;9,6,0,43,0.1937258112517594,0.21322590025265883,0.7506525013658502,False,False
65,1;2;3;4;5;9,6,1,43,0.1937258112517594,0.21322590025265883,0.7506525013658502,False,False
65,1;2;3;4;5;9,6,2,41,0.2527015175713176,0.11092873595735572,0.7506525013658502,False,False
65,1;2;3;4;5;9,6,3,38,0.18970885502876222,0.25396351570571,0.7506525013658502,False,False
65,1;2;3;4;5;9,6,4,36,0.23073070493065745,0.17577553389122022,0.7506525013658502,False,False
65,1;2;3;4;5;9,6,5,0,,,,False,False
65,1;2;3;4;5;9,6,6,0,,,,False,False
65,1;2;3;4;5;9,6,7,0,,,,False,False
65,1;2;3;4;5;9,6,8,0,,,,False,False
65,1;2;3;4;5;9,6,9,0,,,,False,False
65,1;2;3;4;5;9,6,10,0,,,,False,False
65,1;2;3;4;5;10,6,0,42,0.1911687523385378,0.22522569462638606,0.7506525013658502,False,False
65,1;2;3;4;5;10,6,1,42,0.1911687523385378,0.22522569462638606,0.7506525013658502,False,False
65,1;2;3;4;5;10,6,2,41,0.2580903169294776,0.1032679371951513,0.7506525013658502,False,False
65,1;2;3;4;5;10,6,3,38,0.18883108126344694,0.2562080310307603,0.7506525013658502,False,False
65,1;2;3;4;5;10,6,4,35,0.1661523409002519,0.3401218364062358,0.7506525013658502,False,False
65,1;2;3;4;5;10,6,5,0,,,,False,False
65,1;2;3;4;5;10,6,6,0,,,,False,False
65,1;2;3;4;5;10,6,7,0,,,,False,False
65,1;2;3;4;5;10,6,8,0,,,,False,False
65,1;2;3;4;5;10,6,9,0,,,,False,False
65,1;2;3;4;5;10,6,10,0,,,,False,False
65,1;2;3;4;6;7,6,0,43,0.152191482391836,0.32992280073389624,0.7506525013658502,False,False
65,1;2;3;4;6;7,6,1,43,0.152191482391836,0.32992280073389624,0.7506525013658502,False,False
65,1;2;3;4;6;7,6,2,40,0.16172309338539415,0.3187764173841204,0.7506525013658502,False,False
65,1;2;3;4;6;7,6,3,37,0.12566932220830282,0.4586172462367776,0.7510354628300103,False,False
65,1;2;3;4;6;7,6,4,35,0.18158931492088987,0.29648889324940386,0.7506525013658502,False,False
65,1;2;3;4;6;7,6,5,0,,,,False,False
65,1;2;3;4;6;7,6,6,0,,,,False,False
65,1;2;3;4;6;7,6,7,0,,,,False,False
65,1;2;3;4;6;7,6,8,0,,,,False,False
65,1;2;3;4;6;7,6,9,0,,,,False,False
65,1;2;3;4;6;7,6,10,0,,,,False,False
65,1;2;3;4;6;8,6,0,43,0.2970310854051819,0.05307957187933237,0.7506525013658502,False,False
65,1;2;3;4;6;8,6,1,43,0.2970310854051819,0.05307957187933237,0.7506525013658502,False,False
65,1;2;3;4;6;8,6,2,40,0.19234119272504985,0.234424055630901,0.7506525013658502,False,False
65,1;2;3;4;6;8,6,3,37,0.11449343168079054,0.49983009214572877,0.7558129676892907,False,False
65,1;2;3;4;6;8,6,4,35,0.09438239483091233,0.5896788302314089,0.7773945074295122,False,False
65,1;2;3;4;6;8,6,5,0,,,,False,False
65,1;2;3;4;6;8,6,6,0,,,,False,False
65,1;2;3;4;6;8,6,7,0,,,,False,False
65,1;2;3;4;6;8,6,8,0,,,,False,False
65,1;2;3;4;6;8,6,9,0,,,,False,False
65,1;2;3;4;6;8,6,10,0,,,,False,False
65,1;2;3;4;6;9,6,0,43,0.25079761714869786,0.10476625991972881,0.7506525013658502,False,False
65,1;2;3;4;6;9,6,1,43,0.25079761714869786,0.10476625991972881,0.7506525013658502,False,False
65,1;2;3;4;6;9,6,2,41,0.18283698036042395,0.25254081947186974,0.7506525013658502,False,False
65,1;2;3;4;6;9,6,3,39,0.12886589602879983,0.43430154336077215,0.7509041397983071,False,False
65,1;2;3;4;6;9,6,4,34,0.10574762318989595,0.551697550739313,0.7658933455800226,False,False
65,1;2;3;4;6;9,6,5,0,,,,False,False
65,1;2;3;4;6;9,6,6,0,,,,False,False
65,1;2;3;4;6;9,6,7,0,,,,False,False
65,1;2;3;4;6;9,6,8,0,,,,False,False
65,1;2;3;4;6;9,6,9,0,,,,False,False
65,1;2;3;4;6;9,6,10,0,,,,False,False
65,1;2;3;4;6;10,6,0,42,0.24975769080018753,0.11067570034306283,0.7506525013658502,False,False
65,1;2;3;4;6;10,6,1,42,0.24975769080018753,0.11067570034306283,0.7506525013658502,False,False
65,1;2;3;4;6;10,6,2,41,0.19857617522645754,0.2132694952503512,0.7506525013658502,False,False
65,1;2;3;4;6;10,6,3,38,0.10467452151384568,0.5316927826882776,0.760535689565614,False,False
65,1;2;3;4;6;10,6,4,34,0.14023054379529679,0.4289363270277705,0.7508724417021384,False,False
65,1;2;3;4;6;10,6,5,0,,,,False,False
65,1;2;3;4;6;10,6,6,0,,,,False,False
65,1;2;3;4;6;10,6,7,0,,,,False,False
65,1;2;3;4;6;10,6,8,0,,,,False,False
65,1;2;3;4;6;10,6,9,0,,,,False,False
65,1;2;3;4;6;10,6,10,0,,,,False,False
65,1;2;3;4;7;8,6,0,43,0.12490615686341919,0.42483471287535307,0.7506525013658502,False,False
65,1;2;3;4;7;8,6,1,43,0.12490615686341919,0.42483471287535307,0.7506525013658502,False,False
65,1;2;3;4;7;8,6,2,42,0.11369627213893266,0.4734177777281042,0.7510354628300103,False,False
65,1;2;3;4;7;8,6,3,37,0.1427898353568322,0.3991848039344125,0.7506525013658502,False,False
65,1;2;3;4;7;8,6,4,35,0.1443825920925266,0.407950130045846,0.7506525013658502,False,False
65,1;2;3;4;7;8,6,5,0,,,,False,False
65,1;2;3;4;7;8,6,6,0,,,,False,False
65,1;2;3;4;7;8,6,7,0,,,,False,False
65,1;2;3;4;7;8,6,8,0,,,,False,False
65,1;2;3;4;7;8,6,9,0,,,,False,False
65,1;2;3;4;7;8,6,10,0,,,,False,False
65,1;2;3;4;7;9,6,0,43,0.08920785596374052,0.5694418584995119,0.7708420750908994,False,False
65,1;2;3;4;7;9,6,1,43,0.08920785596374052,0.5694418584995119,0.7708420750908994,False,False
65,1;2;3;4;7;9,6,2,42,0.07628548159250273,0.631108464507974,0.7952613943533301,False,False
65,1;2;3;4;7;9,6,3,40,0.11632383245833533,0.4747327803941547,0.7510354628300103,False,False
65,1;2;3;4;7;9,6,4,34,0.10697368258919909,0.5470682148312483,0.7642468984047789,False,False
65,1;2;3;4;7;9,6,5,0,,,,False,False
65,1;2;3;4;7;9,6,6,0,,,,False,False
65,1;2;3;4;7;9,6,7,0,,,,False,False
65,1;2;3;4;7;9,6,8,0,,,,False,False
65,1;2;3;4;7;9,6,9,0,,,,False,False
65,1;2;3;4;7;9,6,10,0,,,,False,False
65,1;2;3;4;7;10,6,0,42,0.09019253633911037,0.570011616804798,0.7709077668143348,False,False
65,1;2;3;4;7;10,6,1,42,0.09019253633911037,0.570011616804798,0.7709077668143348,False,False
65,1;2;3;4;7;10,6,2,42,0.09019253633911037,0.570011616804798,0.7709077668143348,False,False
65,1;2;3;4;7;10,6,3,39,0.09078495748601027,0.5825642745084133,0.7751190144410416,False,False
65,1;2;3;4;7;10,6,4,34,0.15586280113641185,0.3787339763977951,0.7506525013658502,False,False
65,1;2;3;4;7;10,6,5,0,,,,False,False
65,1;2;3;4;7;10,6,6,0,,,,False,False
65,1;2;3;4;7;10,6,7,0,,,,False,False
65,1;2;3;4;7;10,6,8,0,,,,False,False
65,1;2;3;4;7;10,6,9,0,,,,False,False
65,1;2;3;4;7;10,6,10,0,,,,False,False
65,1;2;3;4;8;9,6,0,43,0.18114424448032274,0.2450373963044784,0.7506525013658502,False,False
65,1;2;3;4;8;9,6,1,43,0.18114424448032274,0.2450373963044784,0.7506525013658502,False,False
65,1;2;3;4;8;9,6,2,42,0.16281826668250582,0.3029002736700507,0.7506525013658502,False,False
65,1;2;3;4;8;9,6,3,39,0.06514812008784336,0.6935574946277562,0.8233666737453104,False,False
65,1;2;3;4;8;9,6,4,35,0.09410149484629653,0.5907916000510604,0.7773945074295122,False,False
65,1;2;3;4;8;9,6,5,0,,,,False,False
65,1;2;3;4;8;9,6,6,0,,,,False,False
65,1;2;3;4;8;9,6,7,0,,,,False,False
65,1;2;3;4;8;9,6,8,0,,,,False,False
65,1;2;3;4;8;9,6,9,0,,,,False,False
65,1;2;3;4;8;9,6,10,0,,,,False,False
65,1;2;3;4;8;10,6,0,42,0.19681328939643564,0.2115681859930885,0.7506525013658502,False,False
65,1;2;3;4;8;10,6,1,42,0.19681328939643564,0.2115681859930885,0.7506525013658502,False,False
65,1;2;3;4;8;10,6,2,42,0.19681328939643564,0.2115681859930885,0.7506525013658502,False,False
65,1;2;3;4;8;10,6,3,38,0.05845274408902227,0.7273983109142929,0.8410329049400528,False,False
65,1;2;3;4;8;10,6,4,35,0.1769669903079606,0.3091612456093686,0.7506525013658502,False,False
65,1;2;3;4;8;10,6,5,0,,,,False,False
65,1;2;3;4;8;10,6,6,0,,,,False,False
65,1;2;3;4;8;10,6,7,0,,,,False,False
65,1;2;3;4;8;10,6,8,0,,,,False,False
65,1;2;3;4;8;10,6,9,0,,,,False,False
65,1;2;3;4;8;10,6,10,0,,,,False,False
65,1;2;3;4;9;10,6,0,42,0.12500083710839735,0.4302573652598937,0.7508724417021384,False,False
65,1;2;3;4;9;10,6,1,42,0.12500083710839735,0.4302573652598937,0.7508724417021384,False,False
65,1;2;3;4;9;10,6,2,42,0.12500083710839735,0.4302573652598937,0.7508724417021384,False,False
65,1;2;3;4;9;10,6,3,40,0.06587027148118146,0.6863385591225668,0.8202997501179793,False,False
65,1;2;3;4;9;10,6,4,35,0.04157319772313995,0.8125633262062724,0.8908309707681787,False,False
65,1;2;3;4;9;10,6,5,0,,,,False,False
65,1;2;3;4;9;10,6,6,0,,,,False,False
65,1;2;3;4;9;10,6,7,0,,,,False,False
65,1;2;3;4;9;10,6,8,0,,,,False,False
65,1;2;3;4;9;10,6,9,0,,,,False,False
65,1;2;3;4;9;10,6,10,0,,,,False,False
65,1;2;3;5;6;7,6,0,43,0.04585450540192269,0.7703009267324075,0.8671355310458455,False,False
65,1;2;3;5;6;7,6,1,43,0.04585450540192269,0.7703009267324075,0.8671355310458455,False,False
65,1;2;3;5;6;7,6,2,40,0.16793958969490844,0.30027565593533306,0.7506525013658502,False,False
65,1;2;3;5;6;7,6,3,38,0.10629837640350032,0.5253100326029667,0.7595331817189964,False,False
65,1;2;3;5;6;7,6,4,35,0.1156718314085854,0.5081650041011433,0.7558559619392049,False,False
65,1;2;3;5;6;7,6,5,0,,,,False,False
65,1;2;3;5;6;7,6,6,0,,,,False,False
65,1;2;3;5;6;7,6,7,0,,,,False,False
65,1;2;3;5;6;7,6,8,0,,,,False,False
65,1;2;3;5;6;7,6,9,0,,,,False,False
65,1;2;3;5;6;7,6,10,0,,,,False,False
65,1;2;3;5;6;8,6,0,43,0.16992694398530694,0.275978703171681,0.7506525013658502,False,False
65,1;2;3;5;6;8,6,1,43,0.16992694398530694,0.275978703171681,0.7506525013658502,False,False
65,1;2;3;5;6;8,6,2,40,0.1855659648012712,0.251630768745681,0.7506525013658502,False,False
65,1;2;3;5;6;8,6,3,38,0.13331221999364606,0.4249223423396639,0.7506525013658502,False,False
65,1;2;3;5;6;8,6,4,35,0.06474744645394433,0.7117343407326472,0.8350236927273972,False,False
65,1;2;3;5;6;8,6,5,0,,,,False,False
65,1;2;3;5;6;8,6,6,0,,,,False,False
65,1;2;3;5;6;8,6,7,0,,,,False,False
65,1;2;3;5;6;8,6,8,0,,,,False,False
65,1;2;3;5;6;8,6,9,0,,,,False,False
65,1;2;3;5;6;8,6,10,0,,,,False,False
65,1;2;3;5;6;9,6,0,43,0.12930212597633078,0.4085867230126469,0.7506525013658502,False,False
65,1;2;3;5;6;9,6,1,43,0.12930212597633078,0.4085867230126469,0.7506525013658502,False,False
65,1;2;3;5;6;9,6,2,41,0.18100074095938665,0.25741861167508057,0.7506525013658502,False,False
65,1;2;3;5;6;9,6,3,39,0.15425318839065955,0.3484514494948876,0.7506525013658502,False,False
65,1;2;3;5;6;9,6,4,35,0.14532767153885454,0.4048553905387877,0.7506525013658502,False,False
65,1;2;3;5;6;9,6,5,0,,,,False,False
65,1;2;3;5;6;9,6,6,0,,,,False,False
65,1;2;3;5;6;9,6,7,0,,,,False,False
65,1;2;3;5;6;9,6,8,0,,,,False,False
65,1;2;3;5;6;9,6,9,0,,,,False,False
65,1;2;3;5;6;9,6,10,0,,,,False,False
65,1;2;3;5;6;10,6,0,42,0.13492282938375486,0.3942602153337671,0.7506525013658502,False,False
65,1;2;3;5;6;10,6,1,42,0.13492282938375486,0.3942602153337671,0.7506525013658502,False,False
65,1;2;3;5;6;10,6,2,41,0.2078448122031218,0.1922359948131367,0.7506525013658502,False,False
65,1;2;3;5;6;10,6,3,39,0.1823823083276001,0.26645116731542295,0.7506525013658502,False,False
65,1;2;3;5;6;10,6,4,34,0.13471327649843265,0.44749504042404226,0.7509923134248312,False,False
65,1;2;3;5;6;10,6,5,0,,,,False,False
65,1;2;3;5;6;10,6,6,0,,,,False,False
65,1;2;3;5;6;10,6,7,0,,,,False,False
65,1;2;3;5;6;10,6,8,0,,,,False,False
65,1;2;3;5;6;10,6,9,0,,,,False,False
65,1;2;3;5;6;10,6,10,0,,,,False,False
65,1;2;3;5;7;8,6,0,43,0.028194836379364038,0.857565982902663,0.9152237374862853,False,False
65,1;2;3;5;7;8,6,1,43,0.028194836379364038,0.857565982902663,0.9152237374862853,False,False
65,1;2;3;5;7;8,6,2,42,0.016102905496072004,0.919379138683451,0.9557238138501378,False,False
65,1;2;3;5;7;8,6,3,38,0.1345201560891404,0.42070038104156887,0.7506525013658502,False,False
65,1;2;3;5;7;8,6,4,35,0.10365209432323409,0.5534867406527876,0.7667025748435622,False,False
65,1;2;3;5;7;8,6,5,0,,,,False,False
65,1;2;3;5;7;8,6,6,0,,,,False,False
65,1;2;3;5;7;8,6,7,0,,,,False,False
65,1;2;3;5;7;8,6,8,0,,,,False,False
65,1;2;3;5;7;8,6,9,0,,,,False,False
65,1;2;3;5;7;8,6,10,0,,,,False,False
65,1;2;3;5;7;9,6,0,43,-0.007579257091226893,0.9615276590751648,0.9792215533320188,False,False
65,1;2;3;5;7;9,6,1,43,-0.007579257091226893,0.9615276590751648,0.9792215533320188,False,False
65,1;2;3;5;7;9,6,2,42,-0.023747719216429423,0.8813333495532395,0.9308316787699891,False,False
65,1;2;3;5;7;9,6,3,40,0.10991895747277518,0.49955217922628026,0.7558129676892907,False,False
65,1;2;3;5;7;9,6,4,35,0.14574931855492476,0.40347900418521815,0.7506525013658502,False,False
65,1;2;3;5;7;9,6,5,0,,,,False,False
65,1;2;3;5;7;9,6,6,0,,,,False,False
65,1;2;3;5;7;9,6,7,0,,,,False,False
65,1;2;3;5;7;9,6,8,0,,,,False,False
65,1;2;3;5;7;9,6,9,0,,,,False,False
65,1;2;3;5;7;9,6,10,0,,,,False,False
65,1;2;3;5;7;10,6,0,42,0.0065062244428573755,0.967381152041619,0.9827359836155648,False,False
65,1;2;3;5;7;10,6,1,42,0.0065062244428573755,0.967381152041619,0.9827359836155648,False,False
65,1;2;3;5;7;10,6,2,42,0.0065062244428573755,0.967381152041619,0.9827359836155648,False,False
65,1;2;3;5;7;10,6,3,40,0.13940022027395652,0.3909546816750397,0.7506525013658502,False,False
65,1;2;3;5;7;10,6,4,34,0.11019208851236985,0.5350040637012373,0.760535689565614,False,False
65,1;2;3;5;7;10,6,5,0,,,,False,False
65,1;2;3;5;7;10,6,6,0,,,,False,False
65,1;2;3;5;7;10,6,7,0,,,,False,False
65,1;2;3;5;7;10,6,8,0,,,,False,False
65,1;2;3;5;7;10,6,9,0,,,,False,False
65,1;2;3;5;7;10,6,10,0,,,,False,False
65,1;2;3;5;8;9,6,0,43,0.12748310427443632,0.4152663660542397,0.7506525013658502,False,False
65,1;2;3;5;8;9,6,1,43,0.12748310427443632,0.4152663660542397,0.7506525013658502,False,False
65,1;2;3;5;8;9,6,2,42,0.10840996477911104,0.4943588894984199,0.7558129676892907,False,False
65,1;2;3;5;8;9,6,3,39,0.1453148099155634,0.3774182075237736,0.7506525013658502,False,False
65,1;2;3;5;8;9,6,4,36,0.18140830466008598,0.2896665845299574,0.7506525013658502,False,False
65,1;2;3;5;8;9,6,5,0,,,,False,False
65,1;2;3;5;8;9,6,6,0,,,,False,False
65,1;2;3;5;8;9,6,7,0,,,,False,False
65,1;2;3;5;8;9,6,8,0,,,,False,False
65,1;2;3;5;8;9,6,9,0,,,,False,False
65,1;2;3;5;8;9,6,10,0,,,,False,False
65,1;2;3;5;8;10,6,0,42,0.15720664810054136,0.3200919178351337,0.7506525013658502,False,False
65,1;2;3;5;8;10,6,1,42,0.15720664810054136,0.3200919178351337,0.7506525013658502,False,False
65,1;2;3;5;8;10,6,2,42,0.15720664810054136,0.3200919178351337,0.7506525013658502,False,False
65,1;2;3;5;8;10,6,3,39,0.19930047952106597,0.2238384349288602,0.7506525013658502,False,False
65,1;2;3;5;8;10,6,4,35,0.20477608878492584,0.23798835808701294,0.7506525013658502,False,False
65,1;2;3;5;8;10,6,5,0,,,,False,False
65,1;2;3;5;8;10,6,6,0,,,,False,False
65,1;2;3;5;8;10,6,7,0,,,,False,False
65,1;2;3;5;8;10,6,8,0,,,,False,False
65,1;2;3;5;8;10,6,9,0,,,,False,False
65,1;2;3;5;8;10,6,10,0,,,,False,False
65,1;2;3;5;9;10,6,0,42,0.1224796751367901,0.43968780577153027,0.7509041397983071,False,False
65,1;2;3;5;9;10,6,1,42,0.1224796751367901,0.43968780577153027,0.7509041397983071,False,False
65,1;2;3;5;9;10,6,2,42,0.1224796751367901,0.43968780577153027,0.7509041397983071,False,False
65,1;2;3;5;9;10,6,3,40,0.17323881399550722,0.28505885958042587,0.7506525013658502,False,False
65,1;2;3;5;9;10,6,4,36,0.2526804642133724,0.13706089960807333,0.7506525013658502,False,False
65,1;2;3;5;9;10,6,5,0,,,,False,False
65,1;2;3;5;9;10,6,6,0,,,,False,False
65,1;2;3;5;9;10,6,7,0,,,,False,False
65,1;2;3;5;9;10,6,8,0,,,,False,False
65,1;2;3;5;9;10,6,9,0,,,,False,False
65,1;2;3;5;9;10,6,10,0,,,,False,False
65,1;2;3;6;7;8,6,0,43,0.11058136096100035,0.4802300809320048,0.7521808738310315,False,False
65,1;2;3;6;7;8,6,1,43,0.11058136096100035,0.4802300809320048,0.7521808738310315,False,False
65,1;2;3;6;7;8,6,2,42,0.09930125055911071,0.5315289250322586,0.760535689565614,False,False
65,1;2;3;6;7;8,6,3,36,0.04415775102757965,0.7981664892323274,0.8823264080885201,False,False
65,1;2;3;6;7;8,6,4,36,0.04415775102757965,0.7981664892323274,0.8823264080885201,False,False
65,1;2;3;6;7;8,6,5,0,,,,False,False
65,1;2;3;6;7;8,6,6,0,,,,False,False
65,1;2;3;6;7;8,6,7,0,,,,False,False
65,1;2;3;6;7;8,6,8,0,,,,False,False
65,1;2;3;6;7;8,6,9,0,,,,False,False
65,1;2;3;6;7;8,6,10,0,,,,False,False
65,1;2;3;6;7;9,6,0,43,0.047370356820168075,0.762923259852902,0.8634188624311674,False,False
65,1;2;3;6;7;9,6,1,43,0.047370356820168075,0.762923259852902,0.8634188624311674,False,False
65,1;2;3;6;7;9,6,2,42,0.03521493979696554,0.8247808866802554,0.8972248958521001,False,False
65,1;2;3;6;7;9,6,3,39,0.1305288469460508,0.4283441983932545,0.7508724417021384,False,False
65,1;2;3;6;7;9,6,4,35,0.029234193114198982,0.8676012919291758,0.9224082271237326,False,False
65,1;2;3;6;7;9,6,5,0,,,,False,False
65,1;2;3;6;7;9,6,6,0,,,,False,False
65,1;2;3;6;7;9,6,7,0,,,,False,False
65,1;2;3;6;7;9,6,8,0,,,,False,False
65,1;2;3;6;7;9,6,9,0,,,,False,False
65,1;2;3;6;7;9,6,10,0,,,,False,False
65,1;2;3;6;7;10,6,0,42,0.0680713732333953,0.6684057880388949,0.8126373888437242,False,False
65,1;2;3;6;7;10,6,1,42,0.0680713732333953,0.6684057880388949,0.8126373888437242,False,False
65,1;2;3;6;7;10,6,2,42,0.0680713732333953,0.6684057880388949,0.8126373888437242,False,False
65,1;2;3;6;7;10,6,3,38,0.10377269184019401,0.535253707874662,0.760535689565614,False,False
65,1;2;3;6;7;10,6,4,35,0.06282540539445647,0.7199420811035904,0.8379928776424039,False,False
65,1;2;3;6;7;10,6,5,0,,,,False,False
65,1;2;3;6;7;10,6,6,0,,,,False,False
65,1;2;3;6;7;10,6,7,0,,,,False,False
65,1;2;3;6;7;10,6,8,0,,,,False,False
65,1;2;3;6;7;10,6,9,0,,,,False,False
65,1;2;3;6;7;10,6,10,0,,,,False,False
65,1;2;3;6;8;9,6,0,43,0.11186983466650893,0.47509747819590104,0.7510354628300103,False,False
65,1;2;3;6;8;9,6,1,43,0.11186983466650893,0.47509747819590104,0.7510354628300103,False,False
65,1;2;3;6;8;9,6,2,42,0.09084315878339612,0.5672210202867979,0.7703040651288825,False,False
65,1;2;3;6;8;9,6,3,39,0.07139270313233317,0.6658189705757572,0.8121775091832559,False,False
65,1;2;3;6;8;9,6,4,35,-0.054494597015467244,0.7558637236880887,0.8577998992455069,False,False
65,1;2;3;6;8;9,6,5,0,,,,False,False
65,1;2;3;6;8;9,6,6,0,,,,False,False
65,1;2;3;6;8;9,6,7,0,,,,False,False
65,1;2;3;6;8;9,6,8,0,,,,False,False
65,1;2;3;6;8;9,6,9,0,,,,False,False
65,1;2;3;6;8;9,6,10,0,,,,False,False
65,1;2;3;6;8;10,6,0,42,0.15216432415732686,0.3360522990416862,0.7506525013658502,False,False
65,1;2;3;6;8;10,6,1,42,0.15216432415732686,0.3360522990416862,0.7506525013658502,False,False
65,1;2;3;6;8;10,6,2,42,0.15216432415732686,0.3360522990416862,0.7506525013658502,False,False
65,1;2;3;6;8;10,6,3,38,0.06144754398983995,0.7140059788566893,0.8356141604337286,False,False
65,1;2;3;6;8;10,6,4,35,0.005758449684624116,0.973809812967132,0.9858460252236473,False,False
65,1;2;3;6;8;10,6,5,0,,,,False,False
65,1;2;3;6;8;10,6,6,0,,,,False,False
65,1;2;3;6;8;10,6,7,0,,,,False,False
65,1;2;3;6;8;10,6,8,0,,,,False,False
65,1;2;3;6;8;10,6,9,0,,,,False,False
65,1;2;3;6;8;10,6,10,0,,,,False,False
65,1;2;3;6;9;10,6,0,42,0.10564481939089664,0.5054993834991054,0.7558559619392049,False,False
65,1;2;3;6;9;10,6,1,42,0.10564481939089664,0.5054993834991054,0.7558559619392049,False,False
65,1;2;3;6;9;10,6,2,42,0.10564481939089664,0.5054993834991054,0.7558559619392049,False,False
65,1;2;3;6;9;10,6,3,40,0.12141579808990069,0.45547504879646344,0.7510354628300103,False,False
65,1;2;3;6;9;10,6,4,35,0.028792248423120573,0.8695855878703047,0.9238782888770809,False,False
65,1;2;3;6;9;10,6,5,0,,,,False,False
65,1;2;3;6;9;10,6,6,0,,,,False,False
65,1;2;3;6;9;10,6,7,0,,,,False,False
65,1;2;3;6;9;10,6,8,0,,,,False,False
65,1;2;3;6;9;10,6,9,0,,,,False,False
65,1;2;3;6;9;10,6,10,0,,,,False,False
65,1;2;3;7;8;9,6,0,43,0.013794247906032944,0.9300407364280908,0.961824956881778,False,False
65,1;2;3;7;8;9,6,1,43,0.013794247906032944,0.9300407364280908,0.961824956881778,False,False
65,1;2;3;7;8;9,6,2,42,0.0021958507494643643,0.9889885235331494,0.9938420579198652,False,False
65,1;2;3;7;8;9,6,3,41,0.06488900267166292,0.6868979265146972,0.8204577022321184,False,False
65,1;2;3;7;8;9,6,4,35,0.011657349361556135,0.9470089671941793,0.9710658971541436,False,False
65,1;2;3;7;8;9,6,5,0,,,,False,False
65,1;2;3;7;8;9,6,6,0,,,,False,False
65,1;2;3;7;8;9,6,7,0,,,,False,False
65,1;2;3;7;8;9,6,8,0,,,,False,False
65,1;2;3;7;8;9,6,9,0,,,,False,False
65,1;2;3;7;8;9,6,10,0,,,,False,False
65,1;2;3;7;8;10,6,0,42,0.025699586549286637,0.8716581857362903,0.9248007314297118,False,False
65,1;2;3;7;8;10,6,1,42,0.025699586549286637,0.8716581857362903,0.9248007314297118,False,False
65,1;2;3;7;8;10,6,2,42,0.025699586549286637,0.8716581857362903,0.9248007314297118,False,False
65,1;2;3;7;8;10,6,3,40,0.03698668971791774,0.8207471954469377,0.8956919562321084,False,False
65,1;2;3;7;8;10,6,4,35,0.04382039760006643,0.8026261386531837,0.8861488802563816,False,False
65,1;2;3;7;8;10,6,5,0,,,,False,False
65,1;2;3;7;8;10,6,6,0,,,,False,False
65,1;2;3;7;8;10,6,7,0,,,,False,False
65,1;2;3;7;8;10,6,8,0,,,,False,False
65,1;2;3;7;8;10,6,9,0,,,,False,False
65,1;2;3;7;8;10,6,10,0,,,,False,False
65,1;2;3;7;9;10,6,0,42,0.001951867332857213,0.9902119581865277,0.9943459221403065,False,False
65,1;2;3;7;9;10,6,1,42,0.001951867332857213,0.9902119581865277,0.9943459221403065,False,False
65,1;2;3;7;9;10,6,2,42,0.001951867332857213,0.9902119581865277,0.9943459221403065,False,False
65,1;2;3;7;9;10,6,3,41,0.06445174524126088,0.6889012598990835,0.8215725955270957,False,False
65,1;2;3;7;9;10,6,4,36,0.037314590780615546,0.8289399984766849,0.8998371462523901,False,False
65,1;2;3;7;9;10,6,5,0,,,,False,False
65,1;2;3;7;9;10,6,6,0,,,,False,False
65,1;2;3;7;9;10,6,7,0,,,,False,False
65,1;2;3;7;9;10,6,8,0,,,,False,False
65,1;2;3;7;9;10,6,9,0,,,,False,False
65,1;2;3;7;9;10,6,10,0,,,,False,False
65,1;2;3;8;9;10,6,0,42,0.05692946387500204,0.7202673602396048,0.8379928776424039,False,False
65,1;2;3;8;9;10,6,1,42,0.05692946387500204,0.7202673602396048,0.8379928776424039,False,False
65,1;2;3;8;9;10,6,2,42,0.05692946387500204,0.7202673602396048,0.8379928776424039,False,False
65,1;2;3;8;9;10,6,3,40,0.08733752686571926,0.5920406843333538,0.7778609894210258,False,False
65,1;2;3;8;9;10,6,4,37,0.004040175970355411,0.9810663783292501,0.9886303743563949,False,False
65,1;2;3;8;9;10,6,5,0,,,,False,False
65,1;2;3;8;9;10,6,6,0,,,,False,False
65,1;2;3;8;9;10,6,7,0,,,,False,False
65,1;2;3;8;9;10,6,8,0,,,,False,False
65,1;2;3;8;9;10,6,9,0,,,,False,False
65,1;2;3;8;9;10,6,10,0,,,,False,False
65,1;2;4;5;6;7,6,0,44,0.17029809439092317,0.2690700197700881,0.7506525013658502,False,False
65,1;2;4;5;6;7,6,1,44,0.17029809439092317,0.2690700197700881,0.7506525013658502,False,False
65,1;2;4;5;6;7,6,2,39,0.209822071726362,0.19983109327936768,0.7506525013658502,False,False
65,1;2;4;5;6;7,6,3,38,0.19173240206664416,0.24883925132800574,0.7506525013658502,False,False
65,1;2;4;5;6;7,6,4,35,0.06643284636163918,0.704563222633274,0.8299867745626475,False,False
65,1;2;4;5;6;7,6,5,0,,,,False,False
65,1;2;4;5;6;7,6,6,0,,,,False,False
65,1;2;4;5;6;7,6,7,0,,,,False,False
65,1;2;4;5;6;7,6,8,0,,,,False,False
65,1;2;4;5;6;7,6,9,0,,,,False,False
65,1;2;4;5;6;7,6,10,0,,,,False,False
65,1;2;4;5;6;8,6,0,44,0.34307145178171444,0.022616828015300985,0.7506525013658502,True,False
65,1;2;4;5;6;8,6,1,44,0.34307145178171444,0.022616828015300985,0.7506525013658502,True,False
65,1;2;4;5;6;8,6,2,39,0.24972212944865899,0.12523131792689846,0.7506525013658502,False,False
65,1;2;4;5;6;8,6,3,37,0.1537279409795038,0.3636605564324371,0.7506525013658502,False,False
65,1;2;4;5;6;8,6,4,36,0.09535515622997709,0.5801246958377263,0.7733483738375044,False,False
65,1;2;4;5;6;8,6,5,0,,,,False,False
65,1;2;4;5;6;8,6,6,0,,,,False,False
65,1;2;4;5;6;8,6,7,0,,,,False,False
65,1;2;4;5;6;8,6,8,0,,,,False,False
65,1;2;4;5;6;8,6,9,0,,,,False,False
65,1;2;4;5;6;8,6,10,0,,,,False,False
65,1;2;4;5;6;9,6,0,44,0.32355223498275476,0.03216000836157032,0.7506525013658502,True,False
65,1;2;4;5;6;9,6,1,44,0.32355223498275476,0.03216000836157032,0.7506525013658502,True,False
65,1;2;4;5;6;9,6,2,41,0.28138182821609,0.07471534917122571,0.7506525013658502,False,False
65,1;2;4;5;6;9,6,3,37,0.13625075047371335,0.4213419515649752,0.7506525013658502,False,False
65,1;2;4;5;6;9,6,4,36,0.14202785418227373,0.4086375787507054,0.7506525013658502,False,False
65,1;2;4;5;6;9,6,5,0,,,,False,False
65,1;2;4;5;6;9,6,6,0,,,,False,False
65,1;2;4;5;6;9,6,7,0,,,,False,False
65,1;2;4;5;6;9,6,8,0,,,,False,False
65,1;2;4;5;6;9,6,9,0,,,,False,False
65,1;2;4;5;6;9,6,10,0,,,,False,False
65,1;2;4;5;6;10,6,0,43,0.2768407634377957,0.07230696536420693,0.7506525013658502,False,False
65,1;2;4;5;6;10,6,1,43,0.2768407634377957,0.07230696536420693,0.7506525013658502,False,False
65,1;2;4;5;6;10,6,2,41,0.25506239680122267,0.10752107994684725,0.7506525013658502,False,False
65,1;2;4;5;6;10,6,3,37,0.1424331579995712,0.40037578802933727,0.7506525013658502,False,False
65,1;2;4;5;6;10,6,4,35,0.07303399600011073,0.6767217529193958,0.8170155842762705,False,False
65,1;2;4;5;6;10,6,5,0,,,,False,False
65,1;2;4;5;6;10,6,6,0,,,,False,False
65,1;2;4;5;6;10,6,7,0,,,,False,False
65,1;2;4;5;6;10,6,8,0,,,,False,False
65,1;2;4;5;6;10,6,9,0,,,,False,False
65,1;2;4;5;6;10,6,10,0,,,,False,False
65,1;2;4;5;7;8,6,0,44,0.08175440079564252,0.5977977991231814,0.7795100573155813,False,False
65,1;2;4;5;7;8,6,1,44,0.08175440079564252,0.5977977991231814,0.7795100573155813,False,False
65,1;2;4;5;7;8,6,2,41,0.1059912011294548,0.5095437304731808,0.7558820499480365,False,False
65,1;2;4;5;7;8,6,3,37,0.18131098994102343,0.28284480572100873,0.7506525013658502,False,False
65,1;2;4;5;7;8,6,4,36,0.13935530274475677,0.41760129087110676,0.7506525013658502,False,False
65,1;2;4;5;7;8,6,5,0,,,,False,False
65,1;2;4;5;7;8,6,6,0,,,,False,False
65,1;2;4;5;7;8,6,7,0,,,,False,False
65,1;2;4;5;7;8,6,8,0,,,,False,False
65,1;2;4;5;7;8,6,9,0,,,,False,False
65,1;2;4;5;7;8,6,10,0,,,,False,False
65,1;2;4;5;7;9,6,0,44,0.046039891797546084,0.7666499851066912,0.8655634733523991,False,False
65,1;2;4;5;7;9,6,1,44,0.046039891797546084,0.7666499851066912,0.8655634733523991,False,False
65,1;2;4;5;7;9,6,2,42,0.008946058608928893,0.9551597890431064,0.9743326145983874,False,False
65,1;2;4;5;7;9,6,3,38,0.11705998889063154,0.48398164696479823,0.7526877465585478,False,False
65,1;2;4;5;7;9,6,4,36,0.10716647179207929,0.5338748294425852,0.760535689565614,False,False
65,1;2;4;5;7;9,6,5,0,,,,False,False
65,1;2;4;5;7;9,6,6,0,,,,False,False
65,1;2;4;5;7;9,6,7,0,,,,False,False
65,1;2;4;5;7;9,6,8,0,,,,False,False
65,1;2;4;5;7;9,6,9,0,,,,False,False
65,1;2;4;5;7;9,6,10,0,,,,False,False
65,1;2;4;5;7;10,6,0,43,0.052125463942310726,0.7399170536491546,0.8492682073771566,False,False
65,1;2;4;5;7;10,6,1,43,0.052125463942310726,0.7399170536491546,0.8492682073771566,False,False
65,1;2;4;5;7;10,6,2,42,0.044974276461251614,0.7773196825275983,0.8710461163383868,False,False
65,1;2;4;5;7;10,6,3,38,0.13847340149257634,0.4070491252677809,0.7506525013658502,False,False
65,1;2;4;5;7;10,6,4,35,0.08188234551550877,0.6400591097223503,0.799000556508867,False,False
65,1;2;4;5;7;10,6,5,0,,,,False,False
65,1;2;4;5;7;10,6,6,0,,,,False,False
65,1;2;4;5;7;10,6,7,0,,,,False,False
65,1;2;4;5;7;10,6,8,0,,,,False,False
65,1;2;4;5;7;10,6,9,0,,,,False,False
65,1;2;4;5;7;10,6,10,0,,,,False,False
65,1;2;4;5;8;9,6,0,44,0.203678783989144,0.1848039575467404,0.7506525013658502,False,False
65,1;2;4;5;8;9,6,1,44,0.203678783989144,0.1848039575467404,0.7506525013658502,False,False
65,1;2;4;5;8;9,6,2,41,0.14119150246551299,0.37857180184212447,0.7506525013658502,False,False
65,1;2;4;5;8;9,6,3,38,0.21232321003632196,0.200623828603211,0.7506525013658502,False,False
65,1;2;4;5;8;9,6,4,37,0.18345105408458962,0.27710511872959964,0.7506525013658502,False,False
65,1;2;4;5;8;9,6,5,0,,,,False,False
65,1;2;4;5;8;9,6,6,0,,,,False,False
65,1;2;4;5;8;9,6,7,0,,,,False,False
65,1;2;4;5;8;9,6,8,0,,,,False,False
65,1;2;4;5;8;9,6,9,0,,,,False,False
65,1;2;4;5;8;9,6,10,0,,,,False,False
65,1;2;4;5;8;10,6,0,43,0.18865175176795598,0.22569079524167288,0.7506525013658502,False,False
65,1;2;4;5;8;10,6,1,43,0.18865175176795598,0.22569079524167288,0.7506525013658502,False,False
65,1;2;4;5;8;10,6,2,41,0.15054019724509832,0.3474809320732112,0.7506525013658502,False,False
65,1;2;4;5;8;10,6,3,38,0.19871696815285741,0.23168645353220524,0.7506525013658502,False,False
65,1;2;4;5;8;10,6,4,36,0.11806490926986338,0.4928431901411647,0.7551847635413256,False,False
65,1;2;4;5;8;10,6,5,0,,,,False,False
65,1;2;4;5;8;10,6,6,0,,,,False,False
65,1;2;4;5;8;10,6,7,0,,,,False,False
65,1;2;4;5;8;10,6,8,0,,,,False,False
65,1;2;4;5;8;10,6,9,0,,,,False,False
65,1;2;4;5;8;10,6,10,0,,,,False,False
65,1;2;4;5;9;10,6,0,43,0.1396326018105795,0.37183722870700864,0.7506525013658502,False,False
65,1;2;4;5;9;10,6,1,43,0.1396326018105795,0.37183722870700864,0.7506525013658502,False,False
65,1;2;4;5;9;10,6,2,41,0.10764104643410395,0.5029378096383635,0.7558559619392049,False,False
65,1;2;4;5;9;10,6,3,40,0.14519689842208996,0.37135579649141454,0.7506525013658502,False,False
65,1;2;4;5;9;10,6,4,36,0.14887101442923784,0.3861908728404589,0.7506525013658502,False,False
65,1;2;4;5;9;10,6,5,0,,,,False,False
65,1;2;4;5;9;10,6,6,0,,,,False,False
65,1;2;4;5;9;10,6,7,0,,,,False,False
65,1;2;4;5;9;10,6,8,0,,,,False,False
65,1;2;4;5;9;10,6,9,0,,,,False,False
65,1;2;4;5;9;10,6,10,0,,,,False,False
65,1;2;4;6;7;8,6,0,44,0.13394708919286064,0.38602878959656584,0.7506525013658502,False,False
65,1;2;4;6;7;8,6,1,44,0.13394708919286064,0.38602878959656584,0.7506525013658502,False,False
65,1;2;4;6;7;8,6,2,41,0.15872444723594098,0.3215860444993941,0.7506525013658502,False,False
65,1;2;4;6;7;8,6,3,37,0.0772800940732231,0.6493803395083698,0.8029676782608526,False,False
65,1;2;4;6;7;8,6,4,35,0.05688224688470163,0.7455130937909898,0.8528208988020998,False,False
65,1;2;4;6;7;8,6,5,0,,,,False,False
65,1;2;4;6;7;8,6,6,0,,,,False,False
65,1;2;4;6;7;8,6,7,0,,,,False,False
65,1;2;4;6;7;8,6,8,0,,,,False,False
65,1;2;4;6;7;8,6,9,0,,,,False,False
65,1;2;4;6;7;8,6,10,0,,,,False,False
65,1;2;4;6;7;9,6,0,44,0.09787897119478309,0.5273311879092933,0.7602430150966414,False,False
65,1;2;4;6;7;9,6,1,44,0.09787897119478309,0.5273311879092933,0.7602430150966414,False,False
65,1;2;4;6;7;9,6,2,42,0.07254440253785975,0.6479904787912459,0.8023796636191541,False,False
65,1;2;4;6;7;9,6,3,39,0.1389664593265198,0.3988290538417656,0.7506525013658502,False,False
65,1;2;4;6;7;9,6,4,34,0.03831435622822317,0.8296647773025626,0.9001467197049879,False,False
65,1;2;4;6;7;9,6,5,0,,,,False,False
65,1;2;4;6;7;9,6,6,0,,,,False,False
65,1;2;4;6;7;9,6,7,0,,,,False,False
65,1;2;4;6;7;9,6,8,0,,,,False,False
65,1;2;4;6;7;9,6,9,0,,,,False,False
65,1;2;4;6;7;9,6,10,0,,,,False,False
65,1;2;4;6;7;10,6,0,43,0.10493280168619237,0.5030701808706305,0.7558559619392049,False,False
65,1;2;4;6;7;10,6,1,43,0.10493280168619237,0.5030701808706305,0.7558559619392049,False,False
65,1;2;4;6;7;10,6,2,42,0.09840664469821782,0.5352516021334031,0.760535689565614,False,False
65,1;2;4;6;7;10,6,3,38,0.10904368571144196,0.5146053807125096,0.756979384639706,False,False
65,1;2;4;6;7;10,6,4,34,0.048122831422648296,0.7869581493543224,0.8762522949943089,False,False
65,1;2;4;6;7;10,6,5,0,,,,False,False
65,1;2;4;6;7;10,6,6,0,,,,False,False
65,1;2;4;6;7;10,6,7,0,,,,False,False
65,1;2;4;6;7;10,6,8,0,,,,False,False
65,1;2;4;6;7;10,6,9,0,,,,False,False
65,1;2;4;6;7;10,6,10,0,,,,False,False
65,1;2;4;6;8;9,6,0,44,0.25870034438621137,0.08995718439626849,0.7506525013658502,False,False
65,1;2;4;6;8;9,6,1,44,0.25870034438621137,0.08995718439626849,0.7506525013658502,False,False
65,1;2;4;6;8;9,6,2,42,0.2382904702196514,0.1285914654939577,0.7506525013658502,False,False
65,1;2;4;6;8;9,6,3,38,0.09502423767000251,0.570382844015001,0.7709077668143348,False,False
65,1;2;4;6;8;9,6,4,35,0.07331489598472654,0.6755459944966131,0.8169053236599791,False,False
65,1;2;4;6;8;9,6,5,0,,,,False,False
65,1;2;4;6;8;9,6,6,0,,,,False,False
65,1;2;4;6;8;9,6,7,0,,,,False,False
65,1;2;4;6;8;9,6,8,0,,,,False,False
65,1;2;4;6;8;9,6,9,0,,,,False,False
65,1;2;4;6;8;9,6,10,0,,,,False,False
65,1;2;4;6;8;10,6,0,43,0.21933607283864764,0.15760398517915675,0.7506525013658502,False,False
65,1;2;4;6;8;10,6,1,43,0.21933607283864764,0.15760398517915675,0.7506525013658502,False,False
65,1;2;4;6;8;10,6,2,42,0.21755187980804352,0.16636161411162534,0.7506525013658502,False,False
65,1;2;4;6;8;10,6,3,37,0.022220967836954757,0.8961379125624401,0.9416691010402978,False,False
65,1;2;4;6;8;10,6,4,35,0.07205084605395538,0.6808428133447939,0.8176938320739783,False,False
65,1;2;4;6;8;10,6,5,0,,,,False,False
65,1;2;4;6;8;10,6,6,0,,,,False,False
65,1;2;4;6;8;10,6,7,0,,,,False,False
65,1;2;4;6;8;10,6,8,0,,,,False,False
65,1;2;4;6;8;10,6,9,0,,,,False,False
65,1;2;4;6;8;10,6,10,0,,,,False,False
65,1;2;4;6;9;10,6,0,43,0.15827048572018476,0.31073845973630804,0.7506525013658502,False,False
65,1;2;4;6;9;10,6,1,43,0.15827048572018476,0.31073845973630804,0.7506525013658502,False,False
65,1;2;4;6;9;10,6,2,42,0.1514323739075054,0.33840937318176206,0.7506525013658502,False,False
65,1;2;4;6;9;10,6,3,40,0.05335491989975697,0.7436839537847076,0.8513698337867049,False,False
65,1;2;4;6;9;10,6,4,34,0.020996267213066296,0.9061772396168946,0.9474280286554709,False,False
65,1;2;4;6;9;10,6,5,0,,,,False,False
65,1;2;4;6;9;10,6,6,0,,,,False,False
65,1;2;4;6;9;10,6,7,0,,,,False,False
65,1;2;4;6;9;10,6,8,0,,,,False,False
65,1;2;4;6;9;10,6,9,0,,,,False,False
65,1;2;4;6;9;10,6,10,0,,,,False,False
65,1;2;4;7;8;9,6,0,44,0.03486584739814166,0.8222250327559425,0.895713491083482,False,False
65,1;2;4;7;8;9,6,1,44,0.03486584739814166,0.8222250327559425,0.895713491083482,False,False
65,1;2;4;7;8;9,6,2,42,0.010247303497500367,0.9486456968784274,0.9710658971541436,False,False
65,1;2;4;7;8;9,6,3,40,0.022587291430789462,0.8899699923746253,0.9366568271715432,False,False
65,1;2;4;7;8;9,6,4,35,0.0455057975077613,0.7951930826900102,0.8815865560304517,False,False
65,1;2;4;7;8;9,6,5,0,,,,False,False
65,1;2;4;7;8;9,6,6,0,,,,False,False
65,1;2;4;7;8;9,6,7,0,,,,False,False
65,1;2;4;7;8;9,6,8,0,,,,False,False
65,1;2;4;7;8;9,6,9,0,,,,False,False
65,1;2;4;7;8;9,6,10,0,,,,False,False
65,1;2;4;7;8;10,6,0,43,0.07333931554673952,0.6402301234793061,0.799000556508867,False,False
65,1;2;4;7;8;10,6,1,43,0.07333931554673952,0.6402301234793061,0.799000556508867,False,False
65,1;2;4;7;8;10,6,2,42,0.0685593400666096,0.6661668301366483,0.812353866163547,False,False
65,1;2;4;7;8;10,6,3,39,0.04749840222775989,0.7740062166889233,0.868988002214603,False,False
65,1;2;4;7;8;10,6,4,35,0.10056219449246016,0.565434796351685,0.7703040651288825,False,False
65,1;2;4;7;8;10,6,5,0,,,,False,False
65,1;2;4;7;8;10,6,6,0,,,,False,False
65,1;2;4;7;8;10,6,7,0,,,,False,False
65,1;2;4;7;8;10,6,8,0,,,,False,False
65,1;2;4;7;8;10,6,9,0,,,,False,False
65,1;2;4;7;8;10,6,10,0,,,,False,False
65,1;2;4;7;9;10,6,0,43,0.02568391319250485,0.870136841993919,0.924144298127359,False,False
65,1;2;4;7;9;10,6,1,43,0.02568391319250485,0.870136841993919,0.924144298127359,False,False
65,1;2;4;7;9;10,6,2,42,0.02399170263303657,0.8801229925890568,0.9300869677403364,False,False
65,1;2;4;7;9;10,6,3,41,-0.008911839883343023,0.9558995073053359,0.9747826483029015,False,False
65,1;2;4;7;9;10,6,4,35,0.06324705241052664,0.7181388359803296,0.8378968412967074,False,False
65,1;2;4;7;9;10,6,5,0,,,,False,False
65,1;2;4;7;9;10,6,6,0,,,,False,False
65,1;2;4;7;9;10,6,7,0,,,,False,False
65,1;2;4;7;9;10,6,8,0,,,,False,False
65,1;2;4;7;9;10,6,9,0,,,,False,False
65,1;2;4;7;9;10,6,10,0,,,,False,False
65,1;2;4;8;9;10,6,0,43,0.11364563359515423,0.4680714129555984,0.7510354628300103,False,False
65,1;2;4;8;9;10,6,1,43,0.11364563359515423,0.4680714129555984,0.7510354628300103,False,False
65,1;2;4;8;9;10,6,2,41,0.07339162256870725,0.6483766025948158,0.8025342473785922,False,False
65,1;2;4;8;9;10,6,3,41,0.07339162256870725,0.6483766025948158,0.8025342473785922,False,False
65,1;2;4;8;9;10,6,4,36,0.0704564049815193,0.6830333497341949,0.8187070960813969,False,False
65,1;2;4;8;9;10,6,5,0,,,,False,False
65,1;2;4;8;9;10,6,6,0,,,,False,False
65,1;2;4;8;9;10,6,7,0,,,,False,False
65,1;2;4;8;9;10,6,8,0,,,,False,False
65,1;2;4;8;9;10,6,9,0,,,,False,False
65,1;2;4;8;9;10,6,10,0,,,,False,False
65,1;2;5;6;7;8,6,0,44,0.09356494139501301,0.5457771449773572,0.7638890411473924,False,False
65,1;2;5;6;7;8,6,1,44,0.09356494139501301,0.5457771449773572,0.7638890411473924,False,False
65,1;2;5;6;7;8,6,2,41,-0.0032357049849751052,0.9839812136215056,0.9907550557739566,False,False
65,1;2;5;6;7;8,6,3,38,0.05051369126612618,0.7632790026193977,0.8636623527520649,False,False
65,1;2;5;6;7;8,6,4,35,-0.024157398676959704,0.8904406435307088,0.9369607525195519,False,False
65,1;2;5;6;7;8,6,5,0,,,,False,False
65,1;2;5;6;7;8,6,6,0,,,,False,False
65,1;2;5;6;7;8,6,7,0,,,,False,False
65,1;2;5;6;7;8,6,8,0,,,,False,False
65,1;2;5;6;7;8,6,9,0,,,,False,False
65,1;2;5;6;7;8,6,10,0,,,,False,False
65,1;2;5;6;7;9,6,0,44,0.018529111599012403,0.9049742660070907,0.9471100633527244,False,False
65,1;2;5;6;7;9,6,1,44,0.018529111599012403,0.9049742660070907,0.9471100633527244,False,False
65,1;2;5;6;7;9,6,2,42,-0.015452283051786269,0.9226264984508766,0.9579287380909738,False,False
65,1;2;5;6;7;9,6,3,39,0.053167123795003546,0.7478668699083365,0.8528208988020998,False,False
65,1;2;5;6;7;9,6,4,35,0.02220674284636269,0.899240334096883,0.9435454447223474,False,False
65,1;2;5;6;7;9,6,5,0,,,,False,False
65,1;2;5;6;7;9,6,6,0,,,,False,False
65,1;2;5;6;7;9,6,7,0,,,,False,False
65,1;2;5;6;7;9,6,8,0,,,,False,False
65,1;2;5;6;7;9,6,9,0,,,,False,False
65,1;2;5;6;7;9,6,10,0,,,,False,False
65,1;2;5;6;7;10,6,0,43,0.025532385681044645,0.8708965035682964,0.924631389806437,False,False
65,1;2;5;6;7;10,6,1,43,0.025532385681044645,0.8708965035682964,0.924631389806437,False,False
65,1;2;5;6;7;10,6,2,42,0.019843984550714996,0.9007334982521978,0.9442330852838313,False,False
65,1;2;5;6;7;10,6,3,39,0.08051312054616216,0.626089966977276,0.7913725652554335,False,False
65,1;2;5;6;7;10,6,4,34,-0.02344838601167258,0.8952768218797252,0.9414045732295707,False,False
65,1;2;5;6;7;10,6,5,0,,,,False,False
65,1;2;5;6;7;10,6,6,0,,,,False,False
65,1;2;5;6;7;10,6,7,0,,,,False,False
65,1;2;5;6;7;10,6,8,0,,,,False,False
65,1;2;5;6;7;10,6,9,0,,,,False,False
65,1;2;5;6;7;10,6,10,0,,,,False,False
65,1;2;5;6;8;9,6,0,44,0.07425788999604208,0.6319008231539377,0.7957701428115292,False,False
65,1;2;5;6;8;9,6,1,44,0.07425788999604208,0.6319008231539377,0.7957701428115292,False,False
65,1;2;5;6;8;9,6,2,42,0.038956018851608536,0.8065046310062719,0.8870270941770478,False,False
65,1;2;5;6;8;9,6,3,38,-0.061996182775463524,0.7115615230908752,0.8350236927273972,False,False
65,1;2;5;6;8;9,6,4,36,-0.009683717330609572,0.9552995828953421,0.9743326145983874,False,False
65,1;2;5;6;8;9,6,5,0,,,,False,False
65,1;2;5;6;8;9,6,6,0,,,,False,False
65,1;2;5;6;8;9,6,7,0,,,,False,False
65,1;2;5;6;8;9,6,8,0,,,,False,False
65,1;2;5;6;8;9,6,9,0,,,,False,False
65,1;2;5;6;8;9,6,10,0,,,,False,False
65,1;2;5;6;8;10,6,0,43,0.12811651093960383,0.4129334107309713,0.7506525013658502,False,False
65,1;2;5;6;8;10,6,1,43,0.12811651093960383,0.4129334107309713,0.7506525013658502,False,False
65,1;2;5;6;8;10,6,2,42,0.12695270444125456,0.423034643323933,0.7506525013658502,False,False
65,1;2;5;6;8;10,6,3,38,0.039721448079146536,0.8128327205908158,0.8908309707681787,False,False
65,1;2;5;6;8;10,6,4,35,0.03778104793082651,0.8293970237866682,0.9000234215918699,False,False
65,1;2;5;6;8;10,6,5,0,,,,False,False
65,1;2;5;6;8;10,6,6,0,,,,False,False
65,1;2;5;6;8;10,6,7,0,,,,False,False
65,1;2;5;6;8;10,6,8,0,,,,False,False
65,1;2;5;6;8;10,6,9,0,,,,False,False
65,1;2;5;6;8;10,6,10,0,,,,False,False
65,1;2;5;6;9;10,6,0,43,0.038336460399432025,0.8071758841689235,0.8870270941770478,False,False
65,1;2;5;6;9;10,6,1,43,0.038336460399432025,0.8071758841689235,0.8870270941770478,False,False
65,1;2;5;6;9;10,6,2,42,0.03578423443571557,0.8219935624427872,0.895713491083482,False,False
65,1;2;5;6;9;10,6,3,40,0.06699947613514456,0.6812432774673376,0.8176938320739783,False,False
65,1;2;5;6;9;10,6,4,35,0.0489110538641406,0.780229616916261,0.8722862017385093,False,False
65,1;2;5;6;9;10,6,5,0,,,,False,False
65,1;2;5;6;9;10,6,6,0,,,,False,False
65,1;2;5;6;9;10,6,7,0,,,,False,False
65,1;2;5;6;9;10,6,8,0,,,,False,False
65,1;2;5;6;9;10,6,9,0,,,,False,False
65,1;2;5;6;9;10,6,10,0,,,,False,False
65,1;2;5;7;8;9,6,0,44,-0.005657743999698444,0.9709242794833995,0.9843848570500946,False,False
65,1;2;5;7;8;9,6,1,44,-0.005657743999698444,0.9709242794833995,0.9843848570500946,False,False
65,1;2;5;7;8;9,6,2,42,-0.03635352907446558,0.819208397876866,0.8946483890057932,False,False
65,1;2;5;7;8;9,6,3,40,-0.09486662400931574,0.5603785539536661,0.7692215166831052,False,False
65,1;2;5;7;8;9,6,4,36,0.07191774070866043,0.6768113100819528,0.8170155842762705,False,False
65,1;2;5;7;8;9,6,5,0,,,,False,False
65,1;2;5;7;8;9,6,6,0,,,,False,False
65,1;2;5;7;8;9,6,7,0,,,,False,False
65,1;2;5;7;8;9,6,8,0,,,,False,False
65,1;2;5;7;8;9,6,9,0,,,,False,False
65,1;2;5;7;8;9,6,10,0,,,,False,False
65,1;2;5;7;8;10,6,0,43,0.01106150833659501,0.9438754127560617,0.9696321687386831,False,False
65,1;2;5;7;8;10,6,1,43,0.01106150833659501,0.9438754127560617,0.9696321687386831,False,False
65,1;2;5;7;8;10,6,2,42,0.004147718082321577,0.9792021753610506,0.9885252446861921,False,False
65,1;2;5;7;8;10,6,3,40,-0.05270368000517541,0.7467087887522476,0.8528208988020998,False,False
65,1;2;5;7;8;10,6,4,35,0.05744404685393325,0.7430839303963722,0.8510283079744372,False,False
65,1;2;5;7;8;10,6,5,0,,,,False,False
65,1;2;5;7;8;10,6,6,0,,,,False,False
65,1;2;5;7;8;10,6,7,0,,,,False,False
65,1;2;5;7;8;10,6,8,0,,,,False,False
65,1;2;5;7;8;10,6,9,0,,,,False,False
65,1;2;5;7;8;10,6,10,0,,,,False,False
65,1;2;5;7;9;10,6,0,43,-0.03523014641449781,0.8225382083774982,0.8957369640246361,False,False
65,1;2;5;7;9;10,6,1,43,-0.03523014641449781,0.8225382083774982,0.8957369640246361,False,False
65,1;2;5;7;9;10,6,2,42,-0.04424232621143016,0.7808539629703828,0.8724197090260369,False,False
65,1;2;5;7;9;10,6,3,41,-0.06413029876837038,0.6903753344402538,0.8218945115245114,False,False
65,1;2;5;7;9;10,6,4,36,0.06397471620414008,0.7108746020429503,0.8348122118810636,False,False
65,1;2;5;7;9;10,6,5,0,,,,False,False
65,1;2;5;7;9;10,6,6,0,,,,False,False
65,1;2;5;7;9;10,6,7,0,,,,False,False
65,1;2;5;7;9;10,6,8,0,,,,False,False
65,1;2;5;7;9;10,6,9,0,,,,False,False
65,1;2;5;7;9;10,6,10,0,,,,False,False
65,1;2;5;8;9;10,6,0,43,-0.03341181627697534,0.8315616695571139,0.9010907278337185,False,False
65,1;2;5;8;9;10,6,1,43,-0.03341181627697534,0.8315616695571139,0.9010907278337185,False,False
65,1;2;5;8;9;10,6,2,41,-0.0055043716926530435,0.9727532099040415,0.985101049858313,False,False
65,1;2;5;8;9;10,6,3,41,-0.0055043716926530435,0.9727532099040415,0.985101049858313,False,False
65,1;2;5;8;9;10,6,4,37,0.04066364329582417,0.8111393706145567,0.8902028600610251,False,False
65,1;2;5;8;9;10,6,5,0,,,,False,False
65,1;2;5;8;9;10,6,6,0,,,,False,False
65,1;2;5;8;9;10,6,7,0,,,,False,False
65,1;2;5;8;9;10,6,8,0,,,,False,False
65,1;2;5;8;9;10,6,9,0,,,,False,False
65,1;2;5;8;9;10,6,10,0,,,,False,False
65,1;2;6;7;8;9,6,0,44,0.039250598997907955,0.8002982446949145,0.8838964611939698,False,False
65,1;2;6;7;8;9,6,1,44,0.039250598997907955,0.8002982446949145,0.8838964611939698,False,False
65,1;2;6;7;8;9,6,2,42,0.014557677190893379,0.9270936341069359,0.9602144937661239,False,False
65,1;2;6;7;8;9,6,3,40,0.029769462038612502,0.8553091771078014,0.9151946746725005,False,False
65,1;2;6;7;8;9,6,4,35,-0.0856744953078222,0.6245933166871989,0.7902938711451004,False,False
65,1;2;6;7;8;9,6,5,0,,,,False,False
65,1;2;6;7;8;9,6,6,0,,,,False,False
65,1;2;6;7;8;9,6,7,0,,,,False,False
65,1;2;6;7;8;9,6,8,0,,,,False,False
65,1;2;6;7;8;9,6,9,0,,,,False,False
65,1;2;6;7;8;9,6,10,0,,,,False,False
65,1;2;6;7;8;10,6,0,43,0.06023218580543173,0.7012164103072738,0.8277425842654847,False,False
65,1;2;6;7;8;10,6,1,43,0.06023218580543173,0.7012164103072738,0.8277425842654847,False,False
65,1;2;6;7;8;10,6,2,42,0.053351040431430484,0.737203448505693,0.8490140202794286,False,False
65,1;2;6;7;8;10,6,3,39,0.012493093815938713,0.9398297825498272,0.9668576255980681,False,False
65,1;2;6;7;8;10,6,4,35,-0.0853935953232064,0.6257336438038651,0.7910849503780909,False,False
65,1;2;6;7;8;10,6,5,0,,,,False,False
65,1;2;6;7;8;10,6,6,0,,,,False,False
65,1;2;6;7;8;10,6,7,0,,,,False,False
65,1;2;6;7;8;10,6,8,0,,,,False,False
65,1;2;6;7;8;10,6,9,0,,,,False,False
65,1;2;6;7;8;10,6,10,0,,,,False,False
65,1;2;6;7;9;10,6,0,43,-0.013182893497037888,0.9331341354615112,0.9642688497189534,False,False
65,1;2;6;7;9;10,6,1,43,-0.013182893497037888,0.9331341354615112,0.9642688497189534,False,False
65,1;2;6;7;9;10,6,2,42,-0.02057593480053645,0.8970912779654792,0.9424374462041696,False,False
65,1;2;6;7;9;10,6,3,41,0.0391782657640229,0.8078515826321145,0.8873721789486734,False,False
65,1;2;6;7;9;10,6,4,35,-0.03162352620526332,0.8568874494689892,0.9151946746725005,False,False
65,1;2;6;7;9;10,6,5,0,,,,False,False
65,1;2;6;7;9;10,6,6,0,,,,False,False
65,1;2;6;7;9;10,6,7,0,,,,False,False
65,1;2;6;7;9;10,6,8,0,,,,False,False
65,1;2;6;7;9;10,6,9,0,,,,False,False
65,1;2;6;7;9;10,6,10,0,,,,False,False
65,1;2;6;8;9;10,6,0,43,0.02879022717743907,0.8545901532508984,0.9147494879631065,False,False
65,1;2;6;8;9;10,6,1,43,0.02879022717743907,0.8545901532508984,0.9147494879631065,False,False
65,1;2;6;8;9;10,6,2,42,0.022527802133393664,0.8873890806806148,0.9347104119720536,False,False
65,1;2;6;8;9;10,6,3,40,0.05223311143370062,0.7488967901618955,0.8533617106222452,False,False
65,1;2;6;8;9;10,6,4,36,-0.14000952271968578,0.4153968792205172,0.7506525013658502,False,False
65,1;2;6;8;9;10,6,5,0,,,,False,False
65,1;2;6;8;9;10,6,6,0,,,,False,False
65,1;2;6;8;9;10,6,7,0,,,,False,False
65,1;2;6;8;9;10,6,8,0,,,,False,False
65,1;2;6;8;9;10,6,9,0,,,,False,False
65,1;2;6;8;9;10,6,10,0,,,,False,False
65,1;2;7;8;9;10,6,0,43,-0.04394297832345963,0.7796328860187443,0.8722862017385093,False,False
65,1;2;7;8;9;10,6,1,43,-0.04394297832345963,0.7796328860187443,0.8722862017385093,False,False
65,1;2;7;8;9;10,6,2,42,-0.05148050090410899,0.7461060918687337,0.8528208988020998,False,False
65,1;2;7;8;9;10,6,3,40,-0.014775853144308106,0.9278960744918354,0.9605772810251677,False,False
65,1;2;7;8;9;10,6,4,38,-0.06793269506835752,0.6852973761636706,0.8196615618717734,False,False
65,1;2;7;8;9;10,6,5,0,,,,False,False
65,1;2;7;8;9;10,6,6,0,,,,False,False
65,1;2;7;8;9;10,6,7,0,,,,False,False
65,1;2;7;8;9;10,6,8,0,,,,False,False
65,1;2;7;8;9;10,6,9,0,,,,False,False
65,1;2;7;8;9;10,6,10,0,,,,False,False
65,1;3;4;5;6;7,6,0,43,0.18356960674951533,0.2386686644438453,0.7506525013658502,False,False
65,1;3;4;5;6;7,6,1,43,0.18356960674951533,0.2386686644438453,0.7506525013658502,False,False
65,1;3;4;5;6;7,6,2,41,0.2365311262501768,0.13650839856070734,0.7506525013658502,False,False
65,1;3;4;5;6;7,6,3,38,0.21105937959455334,0.20337974708386808,0.7506525013658502,False,False
65,1;3;4;5;6;7,6,4,36,0.17598542295494465,0.3045672729153162,0.7506525013658502,False,False
65,1;3;4;5;6;7,6,5,0,,,,False,False
65,1;3;4;5;6;7,6,6,0,,,,False,False
65,1;3;4;5;6;7,6,7,0,,,,False,False
65,1;3;4;5;6;7,6,8,0,,,,False,False
65,1;3;4;5;6;7,6,9,0,,,,False,False
65,1;3;4;5;6;7,6,10,0,,,,False,False
65,1;3;4;5;6;8,6,0,43,0.2686088713130811,0.08156960315584465,0.7506525013658502,False,False
65,1;3;4;5;6;8,6,1,43,0.2686088713130811,0.08156960315584465,0.7506525013658502,False,False
65,1;3;4;5;6;8,6,2,41,0.33298558046960897,0.03339197733475483,0.7506525013658502,True,False
65,1;3;4;5;6;8,6,3,38,0.2368652870892047,0.15219313437810753,0.7506525013658502,False,False
65,1;3;4;5;6;8,6,4,36,0.1624521538478229,0.3438314002588638,0.7506525013658502,False,False
65,1;3;4;5;6;8,6,5,0,,,,False,False
65,1;3;4;5;6;8,6,6,0,,,,False,False
65,1;3;4;5;6;8,6,7,0,,,,False,False
65,1;3;4;5;6;8,6,8,0,,,,False,False
65,1;3;4;5;6;8,6,9,0,,,,False,False
65,1;3;4;5;6;8,6,10,0,,,,False,False
65,1;3;4;5;6;9,6,0,43,0.24003507207915567,0.12104596221272701,0.7506525013658502,False,False
65,1;3;4;5;6;9,6,1,43,0.24003507207915567,0.12104596221272701,0.7506525013658502,False,False
65,1;3;4;5;6;9,6,2,42,0.3206858395592644,0.03839607524642375,0.7506525013658502,True,False
65,1;3;4;5;6;9,6,3,39,0.23589872062640033,0.1482470982356727,0.7506525013658502,False,False
65,1;3;4;5;6;9,6,4,36,0.18747676752060133,0.27355777008301846,0.7506525013658502,False,False
65,1;3;4;5;6;9,6,5,0,,,,False,False
65,1;3;4;5;6;9,6,6,0,,,,False,False
65,1;3;4;5;6;9,6,7,0,,,,False,False
65,1;3;4;5;6;9,6,8,0,,,,False,False
65,1;3;4;5;6;9,6,9,0,,,,False,False
65,1;3;4;5;6;9,6,10,0,,,,False,False
65,1;3;4;5;6;10,6,0,43,0.2194952853619308,0.1572950925630428,0.7506525013658502,False,False
65,1;3;4;5;6;10,6,1,43,0.2194952853619308,0.1572950925630428,0.7506525013658502,False,False
65,1;3;4;5;6;10,6,2,41,0.27902094898618496,0.07729061787466578,0.7506525013658502,False,False
65,1;3;4;5;6;10,6,3,39,0.2105114282645406,0.1983237508427265,0.7506525013658502,False,False
65,1;3;4;5;6;10,6,4,35,0.11755664356171669,0.5012306755983911,0.7558559619392049,False,False
65,1;3;4;5;6;10,6,5,0,,,,False,False
65,1;3;4;5;6;10,6,6,0,,,,False,False
65,1;3;4;5;6;10,6,7,0,,,,False,False
65,1;3;4;5;6;10,6,8,0,,,,False,False
65,1;3;4;5;6;10,6,9,0,,,,False,False
65,1;3;4;5;6;10,6,10,0,,,,False,False
65,1;3;4;5;7;8,6,0,43,0.1185395809067886,0.4489983085184523,0.7509923134248312,False,False
65,1;3;4;5;7;8,6,1,43,0.1185395809067886,0.4489983085184523,0.7509923134248312,False,False
65,1;3;4;5;7;8,6,2,43,0.1185395809067886,0.4489983085184523,0.7509923134248312,False,False
65,1;3;4;5;7;8,6,3,38,0.1903048412265145,0.2524470389964435,0.7506525013658502,False,False
65,1;3;4;5;7;8,6,4,36,0.1143229613257912,0.5067467403400399,0.7558559619392049,False,False
65,1;3;4;5;7;8,6,5,0,,,,False,False
65,1;3;4;5;7;8,6,6,0,,,,False,False
65,1;3;4;5;7;8,6,7,0,,,,False,False
65,1;3;4;5;7;8,6,8,0,,,,False,False
65,1;3;4;5;7;8,6,9,0,,,,False,False
65,1;3;4;5;7;8,6,10,0,,,,False,False
65,1;3;4;5;7;9,6,0,43,0.12134390603054256,0.4382635187593008,0.7509041397983071,False,False
65,1;3;4;5;7;9,6,1,43,0.12134390603054256,0.4382635187593008,0.7509041397983071,False,False
65,1;3;4;5;7;9,6,2,43,0.12134390603054256,0.4382635187593008,0.7509041397983071,False,False
65,1;3;4;5;7;9,6,3,40,0.20165937270712225,0.21209339200863037,0.7506525013658502,False,False
65,1;3;4;5;7;9,6,4,36,0.18360328058835748,0.2837710407213427,0.7506525013658502,False,False
65,1;3;4;5;7;9,6,5,0,,,,False,False
65,1;3;4;5;7;9,6,6,0,,,,False,False
65,1;3;4;5;7;9,6,7,0,,,,False,False
65,1;3;4;5;7;9,6,8,0,,,,False,False
65,1;3;4;5;7;9,6,9,0,,,,False,False
65,1;3;4;5;7;9,6,10,0,,,,False,False
65,1;3;4;5;7;10,6,0,43,0.10747386555359734,0.4927274778530373,0.7551847635413256,False,False
65,1;3;4;5;7;10,6,1,43,0.10747386555359734,0.4927274778530373,0.7551847635413256,False,False
65,1;3;4;5;7;10,6,2,42,0.08986722511696751,0.5714092723636637,0.7712268365394804,False,False
65,1;3;4;5;7;10,6,3,40,0.17227229924396384,0.2877961945710198,0.7506525013658502,False,False
65,1;3;4;5;7;10,6,4,35,0.13932639236944203,0.4247338045204804,0.7506525013658502,False,False
65,1;3;4;5;7;10,6,5,0,,,,False,False
65,1;3;4;5;7;10,6,6,0,,,,False,False
65,1;3;4;5;7;10,6,7,0,,,,False,False
65,1;3;4;5;7;10,6,8,0,,,,False,False
65,1;3;4;5;7;10,6,9,0,,,,False,False
65,1;3;4;5;7;10,6,10,0,,,,False,False
65,1;3;4;5;8;9,6,0,43,0.20559511056689672,0.1859580595515939,0.7506525013658502,False,False
65,1;3;4;5;8;9,6,1,43,0.20559511056689672,0.1859580595515939,0.7506525013658502,False,False
65,1;3;4;5;8;9,6,2,43,0.20559511056689672,0.1859580595515939,0.7506525013658502,False,False
65,1;3;4;5;8;9,6,3,39,0.2481741293242639,0.1276670561105209,0.7506525013658502,False,False
65,1;3;4;5;8;9,6,4,37,0.20468548886835522,0.2242758092767085,0.7506525013658502,False,False
65,1;3;4;5;8;9,6,5,0,,,,False,False
65,1;3;4;5;8;9,6,6,0,,,,False,False
65,1;3;4;5;8;9,6,7,0,,,,False,False
65,1;3;4;5;8;9,6,8,0,,,,False,False
65,1;3;4;5;8;9,6,9,0,,,,False,False
65,1;3;4;5;8;9,6,10,0,,,,False,False
65,1;3;4;5;8;10,6,0,43,0.19380160382267164,0.21304341208736158,0.7506525013658502,False,False
65,1;3;4;5;8;10,6,1,43,0.19380160382267164,0.21304341208736158,0.7506525013658502,False,False
65,1;3;4;5;8;10,6,2,42,0.17843320534536355,0.2582304952872451,0.7506525013658502,False,False
65,1;3;4;5;8;10,6,3,39,0.23329521508092196,0.1529076654967637,0.7506525013658502,False,False
65,1;3;4;5;8;10,6,4,36,0.14374241412746208,0.4029450603616936,0.7506525013658502,False,False
65,1;3;4;5;8;10,6,5,0,,,,False,False
65,1;3;4;5;8;10,6,6,0,,,,False,False
65,1;3;4;5;8;10,6,7,0,,,,False,False
65,1;3;4;5;8;10,6,8,0,,,,False,False
65,1;3;4;5;8;10,6,9,0,,,,False,False
65,1;3;4;5;8;10,6,10,0,,,,False,False
65,1;3;4;5;9;10,6,0,43,0.1560569035083617,0.3176404002749045,0.7506525013658502,False,False
65,1;3;4;5;9;10,6,1,43,0.1560569035083617,0.3176404002749045,0.7506525013658502,False,False
65,1;3;4;5;9;10,6,2,42,0.13288963424536188,0.40149012932971395,0.7506525013658502,False,False
65,1;3;4;5;9;10,6,3,40,0.20843235904402418,0.19681800474889802,0.7506525013658502,False,False
65,1;3;4;5;9;10,6,4,37,0.15111230702625625,0.3719783383294296,0.7506525013658502,False,False
65,1;3;4;5;9;10,6,5,0,,,,False,False
65,1;3;4;5;9;10,6,6,0,,,,False,False
65,1;3;4;5;9;10,6,7,0,,,,False,False
65,1;3;4;5;9;10,6,8,0,,,,False,False
65,1;3;4;5;9;10,6,9,0,,,,False,False
65,1;3;4;5;9;10,6,10,0,,,,False,False
65,1;3;4;6;7;8,6,0,43,0.14832606127531028,0.34249708050484307,0.7506525013658502,False,False
65,1;3;4;6;7;8,6,1,43,0.14832606127531028,0.34249708050484307,0.7506525013658502,False,False
65,1;3;4;6;7;8,6,2,43,0.14832606127531028,0.34249708050484307,0.7506525013658502,False,False
65,1;3;4;6;7;8,6,3,37,0.10795434679767166,0.5247860134238248,0.7595331817189964,False,False
65,1;3;4;6;7;8,6,4,36,0.1608788239191937,0.3485878298331468,0.7506525013658502,False,False
65,1;3;4;6;7;8,6,5,0,,,,False,False
65,1;3;4;6;7;8,6,6,0,,,,False,False
65,1;3;4;6;7;8,6,7,0,,,,False,False
65,1;3;4;6;7;8,6,8,0,,,,False,False
65,1;3;4;6;7;8,6,9,0,,,,False,False
65,1;3;4;6;7;8,6,10,0,,,,False,False
65,1;3;4;6;7;9,6,0,43,0.14605228414794222,0.35002963637057033,0.7506525013658502,False,False
65,1;3;4;6;7;9,6,1,43,0.14605228414794222,0.35002963637057033,0.7506525013658502,False,False
65,1;3;4;6;7;9,6,2,43,0.14605228414794222,0.35002963637057033,0.7506525013658502,False,False
65,1;3;4;6;7;9,6,3,40,0.16285336544166945,0.31536047809142875,0.7506525013658502,False,False
65,1;3;4;6;7;9,6,4,35,0.18102711889946294,0.2980122157741679,0.7506525013658502,False,False
65,1;3;4;6;7;9,6,5,0,,,,False,False
65,1;3;4;6;7;9,6,6,0,,,,False,False
65,1;3;4;6;7;9,6,7,0,,,,False,False
65,1;3;4;6;7;9,6,8,0,,,,False,False
65,1;3;4;6;7;9,6,9,0,,,,False,False
65,1;3;4;6;7;9,6,10,0,,,,False,False
65,1;3;4;6;7;10,6,0,43,0.154162089235555,0.32362465958311926,0.7506525013658502,False,False
65,1;3;4;6;7;10,6,1,43,0.154162089235555,0.32362465958311926,0.7506525013658502,False,False
65,1;3;4;6;7;10,6,2,42,0.1361427464667906,0.3899588942922862,0.7506525013658502,False,False
65,1;3;4;6;7;10,6,3,39,0.12917054353714216,0.4332067558727096,0.7509041397983071,False,False
65,1;3;4;6;7;10,6,4,35,0.19255213733871449,0.2677785451594508,0.7506525013658502,False,False
65,1;3;4;6;7;10,6,5,0,,,,False,False
65,1;3;4;6;7;10,6,6,0,,,,False,False
65,1;3;4;6;7;10,6,7,0,,,,False,False
65,1;3;4;6;7;10,6,8,0,,,,False,False
65,1;3;4;6;7;10,6,9,0,,,,False,False
65,1;3;4;6;7;10,6,10,0,,,,False,False
65,1;3;4;6;8;9,6,0,43,0.2851316517719557,0.06383679398706878,0.7506525013658502,False,False
65,1;3;4;6;8;9,6,1,43,0.2851316517719557,0.06383679398706878,0.7506525013658502,False,False
65,1;3;4;6;8;9,6,2,43,0.2851316517719557,0.06383679398706878,0.7506525013658502,False,False
65,1;3;4;6;8;9,6,3,40,0.2378857804348953,0.13937392975896573,0.7506525013658502,False,False
65,1;3;4;6;8;9,6,4,35,0.16952314071564165,0.33027509741873984,0.7506525013658502,False,False
65,1;3;4;6;8;9,6,5,0,,,,False,False
65,1;3;4;6;8;9,6,6,0,,,,False,False
65,1;3;4;6;8;9,6,7,0,,,,False,False
65,1;3;4;6;8;9,6,8,0,,,,False,False
65,1;3;4;6;8;9,6,9,0,,,,False,False
65,1;3;4;6;8;9,6,10,0,,,,False,False
65,1;3;4;6;8;10,6,0,43,0.2854348220556047,0.06354271720848773,0.7506525013658502,False,False
65,1;3;4;6;8;10,6,1,43,0.2854348220556047,0.06354271720848773,0.7506525013658502,False,False
65,1;3;4;6;8;10,6,2,42,0.27147221487822404,0.08202208787793623,0.7506525013658502,False,False
65,1;3;4;6;8;10,6,3,39,0.19057347278032682,0.2451958058671681,0.7506525013658502,False,False
65,1;3;4;6;8;10,6,4,35,0.17991644014642663,0.301036331929983,0.7506525013658502,False,False
65,1;3;4;6;8;10,6,5,0,,,,False,False
65,1;3;4;6;8;10,6,6,0,,,,False,False
65,1;3;4;6;8;10,6,7,0,,,,False,False
65,1;3;4;6;8;10,6,8,0,,,,False,False
65,1;3;4;6;8;10,6,9,0,,,,False,False
65,1;3;4;6;8;10,6,10,0,,,,False,False
65,1;3;4;6;9;10,6,0,43,0.20706530373231874,0.18276190625956037,0.7506525013658502,False,False
65,1;3;4;6;9;10,6,1,43,0.20706530373231874,0.18276190625956037,0.7506525013658502,False,False
65,1;3;4;6;9;10,6,2,42,0.18762324737089958,0.2341076021322481,0.7506525013658502,False,False
65,1;3;4;6;9;10,6,3,41,0.17409298321262745,0.2763282666993712,0.7506525013658502,False,False
65,1;3;4;6;9;10,6,4,35,0.09985994453092063,0.5681666480708069,0.7703040651288825,False,False
65,1;3;4;6;9;10,6,5,0,,,,False,False
65,1;3;4;6;9;10,6,6,0,,,,False,False
65,1;3;4;6;9;10,6,7,0,,,,False,False
65,1;3;4;6;9;10,6,8,0,,,,False,False
65,1;3;4;6;9;10,6,9,0,,,,False,False
65,1;3;4;6;9;10,6,10,0,,,,False,False
65,1;3;4;7;8;9,6,0,43,0.08420554628353077,0.5913665201396892,0.7773945074295122,False,False
65,1;3;4;7;8;9,6,1,43,0.08420554628353077,0.5913665201396892,0.7773945074295122,False,False
65,1;3;4;7;8;9,6,2,43,0.08420554628353077,0.5913665201396892,0.7773945074295122,False,False
65,1;3;4;7;8;9,6,3,42,0.06481826101196661,0.6834039543818841,0.81879939902294,False,False
65,1;3;4;7;8;9,6,4,35,0.11011279396939772,0.5288927969094928,0.760535689565614,False,False
65,1;3;4;7;8;9,6,5,0,,,,False,False
65,1;3;4;7;8;9,6,6,0,,,,False,False
65,1;3;4;7;8;9,6,7,0,,,,False,False
65,1;3;4;7;8;9,6,8,0,,,,False,False
65,1;3;4;7;8;9,6,9,0,,,,False,False
65,1;3;4;7;8;9,6,10,0,,,,False,False
65,1;3;4;7;8;10,6,0,43,0.10247155587338759,0.5131922480093193,0.756979384639706,False,False
65,1;3;4;7;8;10,6,1,43,0.10247155587338759,0.5131922480093193,0.756979384639706,False,False
65,1;3;4;7;8;10,6,2,42,0.08173444456339579,0.6068489945319187,0.7816886922645369,False,False
65,1;3;4;7;8;10,6,3,41,0.06378081485137653,0.6919792631151421,0.822687945290559,False,False
65,1;3;4;7;8;10,6,4,35,0.14817474188484003,0.39561373633843055,0.7506525013658502,False,False
65,1;3;4;7;8;10,6,5,0,,,,False,False
65,1;3;4;7;8;10,6,6,0,,,,False,False
65,1;3;4;7;8;10,6,7,0,,,,False,False
65,1;3;4;7;8;10,6,8,0,,,,False,False
65,1;3;4;7;8;10,6,9,0,,,,False,False
65,1;3;4;7;8;10,6,10,0,,,,False,False
65,1;3;4;7;9;10,6,0,43,0.06442368527542859,0.6814885637419069,0.8176938320739783,False,False
65,1;3;4;7;9;10,6,1,43,0.06442368527542859,0.6814885637419069,0.8176938320739783,False,False
65,1;3;4;7;9;10,6,2,42,0.043429048156072986,0.7847860523252711,0.8746264004778919,False,False
65,1;3;4;7;9;10,6,3,42,0.043429048156072986,0.7847860523252711,0.8746264004778919,False,False
65,1;3;4;7;9;10,6,4,36,0.07889001718669932,0.647420169719791,0.8023796636191541,False,False
65,1;3;4;7;9;10,6,5,0,,,,False,False
65,1;3;4;7;9;10,6,6,0,,,,False,False
65,1;3;4;7;9;10,6,7,0,,,,False,False
65,1;3;4;7;9;10,6,8,0,,,,False,False
65,1;3;4;7;9;10,6,9,0,,,,False,False
65,1;3;4;7;9;10,6,10,0,,,,False,False
65,1;3;4;8;9;10,6,0,43,0.15833068063572978,0.3105521134254758,0.7506525013658502,False,False
65,1;3;4;8;9;10,6,1,43,0.15833068063572978,0.3105521134254758,0.7506525013658502,False,False
65,1;3;4;8;9;10,6,2,42,0.13988382552143358,0.37694041925257954,0.7506525013658502,False,False
65,1;3;4;8;9;10,6,3,41,0.12520261326304463,0.4354074079233133,0.7509041397983071,False,False
65,1;3;4;8;9;10,6,4,37,0.14104967284740802,0.4050146773453881,0.7506525013658502,False,False
65,1;3;4;8;9;10,6,5,0,,,,False,False
65,1;3;4;8;9;10,6,6,0,,,,False,False
65,1;3;4;8;9;10,6,7,0,,,,False,False
65,1;3;4;8;9;10,6,8,0,,,,False,False
65,1;3;4;8;9;10,6,9,0,,,,False,False
65,1;3;4;8;9;10,6,10,0,,,,False,False
65,1;3;5;6;7;8,6,0,43,0.08670670112363564,0.5803574806105967,0.7733483738375044,False,False
65,1;3;5;6;7;8,6,1,43,0.08670670112363564,0.5803574806105967,0.7733483738375044,False,False
65,1;3;5;6;7;8,6,2,43,0.08670670112363564,0.5803574806105967,0.7733483738375044,False,False
65,1;3;5;6;7;8,6,3,38,0.10135681964920537,0.544849264792818,0.7636342764367513,False,False
65,1;3;5;6;7;8,6,4,36,0.1156881430430157,0.5016515822410682,0.7558559619392049,False,False
65,1;3;5;6;7;8,6,5,0,,,,False,False
65,1;3;5;6;7;8,6,6,0,,,,False,False
65,1;3;5;6;7;8,6,7,0,,,,False,False
65,1;3;5;6;7;8,6,8,0,,,,False,False
65,1;3;5;6;7;8,6,9,0,,,,False,False
65,1;3;5;6;7;8,6,10,0,,,,False,False
65,1;3;5;6;7;9,6,0,43,0.028801176946662194,0.8545354435990837,0.9147494879631065,False,False
65,1;3;5;6;7;9,6,1,43,0.028801176946662194,0.8545354435990837,0.9147494879631065,False,False
65,1;3;5;6;7;9,6,2,43,0.028801176946662194,0.8545354435990837,0.9147494879631065,False,False
65,1;3;5;6;7;9,6,3,40,0.1399653563020942,0.3890178372622631,0.7506525013658502,False,False
65,1;3;5;6;7;9,6,4,36,0.14888661225690786,0.38614054587925556,0.7506525013658502,False,False
65,1;3;5;6;7;9,6,5,0,,,,False,False
65,1;3;5;6;7;9,6,6,0,,,,False,False
65,1;3;5;6;7;9,6,7,0,,,,False,False
65,1;3;5;6;7;9,6,8,0,,,,False,False
65,1;3;5;6;7;9,6,9,0,,,,False,False
65,1;3;5;6;7;9,6,10,0,,,,False,False
65,1;3;5;6;7;10,6,0,43,0.07094184637388372,0.6512263887336177,0.8036882209882894,False,False
65,1;3;5;6;7;10,6,1,43,0.07094184637388372,0.6512263887336177,0.8036882209882894,False,False
65,1;3;5;6;7;10,6,2,42,0.04619419354428737,0.7714390864549314,0.8672683775112799,False,False
65,1;3;5;6;7;10,6,3,40,0.17133040586373438,0.2904801170469107,0.7506525013658502,False,False
65,1;3;5;6;7;10,6,4,35,0.13591088817995395,0.436285566837832,0.7509041397983071,False,False
65,1;3;5;6;7;10,6,5,0,,,,False,False
65,1;3;5;6;7;10,6,6,0,,,,False,False
65,1;3;5;6;7;10,6,7,0,,,,False,False
65,1;3;5;6;7;10,6,8,0,,,,False,False
65,1;3;5;6;7;10,6,9,0,,,,False,False
65,1;3;5;6;7;10,6,10,0,,,,False,False
65,1;3;5;6;8;9,6,0,43,0.1515908649341174,0.3318574898419309,0.7506525013658502,False,False
65,1;3;5;6;8;9,6,1,43,0.1515908649341174,0.3318574898419309,0.7506525013658502,False,False
65,1;3;5;6;8;9,6,2,43,0.1515908649341174,0.3318574898419309,0.7506525013658502,False,False
65,1;3;5;6;8;9,6,3,40,0.17672881788381734,0.2753156991267257,0.7506525013658502,False,False
65,1;3;5;6;8;9,6,4,36,0.12370130981303534,0.47227532062118177,0.7510354628300103,False,False
65,1;3;5;6;8;9,6,5,0,,,,False,False
65,1;3;5;6;8;9,6,6,0,,,,False,False
65,1;3;5;6;8;9,6,7,0,,,,False,False
65,1;3;5;6;8;9,6,8,0,,,,False,False
65,1;3;5;6;8;9,6,9,0,,,,False,False
65,1;3;5;6;8;9,6,10,0,,,,False,False
65,1;3;5;6;8;10,6,0,43,0.19812178036467096,0.20282048310494416,0.7506525013658502,False,False
65,1;3;5;6;8;10,6,1,43,0.19812178036467096,0.20282048310494416,0.7506525013658502,False,False
65,1;3;5;6;8;10,6,2,42,0.17672532142911346,0.26288972939561883,0.7506525013658502,False,False
65,1;3;5;6;8;10,6,3,40,0.22151231295243018,0.16954197709843663,0.7506525013658502,False,False
65,1;3;5;6;8;10,6,4,35,0.12696679304634634,0.4673389922403554,0.7510354628300103,False,False
65,1;3;5;6;8;10,6,5,0,,,,False,False
65,1;3;5;6;8;10,6,6,0,,,,False,False
65,1;3;5;6;8;10,6,7,0,,,,False,False
65,1;3;5;6;8;10,6,8,0,,,,False,False
65,1;3;5;6;8;10,6,9,0,,,,False,False
65,1;3;5;6;8;10,6,10,0,,,,False,False
65,1;3;5;6;9;10,6,0,43,0.12672517856531365,0.4180677776633642,0.7506525013658502,False,False
65,1;3;5;6;9;10,6,1,43,0.12672517856531365,0.4180677776633642,0.7506525013658502,False,False
65,1;3;5;6;9;10,6,2,42,0.09645477736536061,0.5434174283335719,0.7631477354085332,False,False
65,1;3;5;6;9;10,6,3,41,0.17085770426794275,0.2854897800960201,0.7506525013658502,False,False
65,1;3;5;6;9;10,6,4,36,0.19264141676359312,0.2603180366479714,0.7506525013658502,False,False
65,1;3;5;6;9;10,6,5,0,,,,False,False
65,1;3;5;6;9;10,6,6,0,,,,False,False
65,1;3;5;6;9;10,6,7,0,,,,False,False
65,1;3;5;6;9;10,6,8,0,,,,False,False
65,1;3;5;6;9;10,6,9,0,,,,False,False
65,1;3;5;6;9;10,6,10,0,,,,False,False
65,1;3;5;7;8;9,6,0,43,0.0015916439891576475,0.9919179246094414,0.9943459221403065,False,False
65,1;3;5;7;8;9,6,1,43,0.0015916439891576475,0.9919179246094414,0.9943459221403065,False,False
65,1;3;5;7;8;9,6,2,43,0.0015916439891576475,0.9919179246094414,0.9943459221403065,False,False
65,1;3;5;7;8;9,6,3,42,-0.018786723078750674,0.9059980153849583,0.9474280286554709,False,False
65,1;3;5;7;8;9,6,4,36,0.10535884455703214,0.5408360399466171,0.7614936820923571,False,False
65,1;3;5;7;8;9,6,5,0,,,,False,False
65,1;3;5;7;8;9,6,6,0,,,,False,False
65,1;3;5;7;8;9,6,7,0,,,,False,False
65,1;3;5;7;8;9,6,8,0,,,,False,False
65,1;3;5;7;8;9,6,9,0,,,,False,False
65,1;3;5;7;8;9,6,10,0,,,,False,False
65,1;3;5;7;8;10,6,0,43,0.048507245383852114,0.7574035465687495,0.8590712678308399,False,False
65,1;3;5;7;8;10,6,1,43,0.048507245383852114,0.7574035465687495,0.8590712678308399,False,False
65,1;3;5;7;8;10,6,2,42,0.023666391410893706,0.8817368612668999,0.9308316787699891,False,False
65,1;3;5;7;8;10,6,3,42,0.023666391410893706,0.8817368612668999,0.9308316787699891,False,False
65,1;3;5;7;8;10,6,4,35,0.1015453444386155,0.5616203494087072,0.7692215166831052,False,False
65,1;3;5;7;8;10,6,5,0,,,,False,False
65,1;3;5;7;8;10,6,6,0,,,,False,False
65,1;3;5;7;8;10,6,7,0,,,,False,False
65,1;3;5;7;8;10,6,8,0,,,,False,False
65,1;3;5;7;8;10,6,9,0,,,,False,False
65,1;3;5;7;8;10,6,10,0,,,,False,False
65,1;3;5;7;9;10,6,0,43,0.016371195317050086,0.9170133210072715,0.9542299690799787,False,False
65,1;3;5;7;9;10,6,1,43,0.016371195317050086,0.9170133210072715,0.9542299690799787,False,False
65,1;3;5;7;9;10,6,2,42,-0.010897925941786105,0.9453898622812088,0.9705096798117423,False,False
65,1;3;5;7;9;10,6,3,42,-0.010897925941786105,0.9453898622812088,0.9705096798117423,False,False
65,1;3;5;7;9;10,6,4,37,0.16374252282674479,0.33285549490161015,0.7506525013658502,False,False
65,1;3;5;7;9;10,6,5,0,,,,False,False
65,1;3;5;7;9;10,6,6,0,,,,False,False
65,1;3;5;7;9;10,6,7,0,,,,False,False
65,1;3;5;7;9;10,6,8,0,,,,False,False
65,1;3;5;7;9;10,6,9,0,,,,False,False
65,1;3;5;7;9;10,6,10,0,,,,False,False
65,1;3;5;8;9;10,6,0,43,0.13794247906032944,0.3777105738044235,0.7506525013658502,False,False
65,1;3;5;8;9;10,6,1,43,0.13794247906032944,0.3777105738044235,0.7506525013658502,False,False
65,1;3;5;8;9;10,6,2,42,0.11532282824964699,0.46707017221222785,0.7510354628300103,False,False
65,1;3;5;8;9;10,6,3,41,0.1577919885227206,0.32447358028547585,0.7506525013658502,False,False
65,1;3;5;8;9;10,6,4,38,0.2912174674089915,0.07608144427490482,0.7506525013658502,False,False
65,1;3;5;8;9;10,6,5,0,,,,False,False
65,1;3;5;8;9;10,6,6,0,,,,False,False
65,1;3;5;8;9;10,6,7,0,,,,False,False
65,1;3;5;8;9;10,6,8,0,,,,False,False
65,1;3;5;8;9;10,6,9,0,,,,False,False
65,1;3;5;8;9;10,6,10,0,,,,False,False
65,1;3;6;7;8;9,6,0,43,0.049189378522062524,0.7540974079274197,0.8562699402769205,False,False
65,1;3;6;7;8;9,6,1,43,0.049189378522062524,0.7540974079274197,0.8562699402769205,False,False
65,1;3;6;7;8;9,6,2,43,0.049189378522062524,0.7540974079274197,0.8562699402769205,False,False
65,1;3;6;7;8;9,6,3,41,0.08946287026025766,0.5780441185157565,0.7726120583207773,False,False
65,1;3;6;7;8;9,6,4,36,0.03860575309136349,0.8231129797323893,0.8960451948424716,False,False
65,1;3;6;7;8;9,6,5,0,,,,False,False
65,1;3;6;7;8;9,6,6,0,,,,False,False
65,1;3;6;7;8;9,6,7,0,,,,False,False
65,1;3;6;7;8;9,6,8,0,,,,False,False
65,1;3;6;7;8;9,6,9,0,,,,False,False
65,1;3;6;7;8;9,6,10,0,,,,False,False
65,1;3;6;7;8;10,6,0,43,0.05252425164220237,0.737997468072469,0.8492430588804891,False,False
65,1;3;6;7;8;10,6,1,43,0.05252425164220237,0.737997468072469,0.8492430588804891,False,False
65,1;3;6;7;8;10,6,2,42,0.030091288048215366,0.8499585527102758,0.9127464469858803,False,False
65,1;3;6;7;8;10,6,3,40,0.04875090400478725,0.76514730729458,0.8648205903791363,False,False
65,1;3;6;7;8;10,6,4,36,0.04635272695585115,0.788356512727209,0.8771733486113465,False,False
65,1;3;6;7;8;10,6,5,0,,,,False,False
65,1;3;6;7;8;10,6,6,0,,,,False,False
65,1;3;6;7;8;10,6,7,0,,,,False,False
65,1;3;6;7;8;10,6,8,0,,,,False,False
65,1;3;6;7;8;10,6,9,0,,,,False,False
65,1;3;6;7;8;10,6,10,0,,,,False,False
65,1;3;6;7;9;10,6,0,43,0.001667436560069916,0.9915330774708221,0.9943459221403065,False,False
65,1;3;6;7;9;10,6,1,43,0.001667436560069916,0.9915330774708221,0.9943459221403065,False,False
65,1;3;6;7;9;10,6,2,42,-0.021145229439286473,0.8942598775210439,0.9404962211285349,False,False
65,1;3;6;7;9;10,6,3,41,0.03769159050065596,0.8150134426470074,0.8913933743608311,False,False
65,1;3;6;7;9;10,6,4,37,0.04759957058917,0.7796633322385749,0.8722862017385093,False,False
65,1;3;6;7;9;10,6,5,0,,,,False,False
65,1;3;6;7;9;10,6,6,0,,,,False,False
65,1;3;6;7;9;10,6,7,0,,,,False,False
65,1;3;6;7;9;10,6,8,0,,,,False,False
65,1;3;6;7;9;10,6,9,0,,,,False,False
65,1;3;6;7;9;10,6,10,0,,,,False,False
65,1;3;6;8;9;10,6,0,43,0.1183122031940518,0.4498749454263918,0.7509923134248312,False,False
65,1;3;6;8;9;10,6,1,43,0.1183122031940518,0.4498749454263918,0.7509923134248312,False,False
65,1;3;6;8;9;10,6,2,42,0.09653610517089632,0.5430759985180147,0.7631477354085332,False,False
65,1;3;6;8;9;10,6,3,41,0.16161034627659446,0.31275184755594104,0.7506525013658502,False,False
65,1;3;6;8;9;10,6,4,37,0.06381101459061339,0.7075058984610049,0.8324475644983629,False,False
65,1;3;6;8;9;10,6,5,0,,,,False,False
65,1;3;6;8;9;10,6,6,0,,,,False,False
65,1;3;6;8;9;10,6,7,0,,,,False,False
65,1;3;6;8;9;10,6,8,0,,,,False,False
65,1;3;6;8;9;10,6,9,0,,,,False,False
65,1;3;6;8;9;10,6,10,0,,,,False,False
65,1;3;7;8;9;10,6,0,43,-0.0013642662764208407,0.9930724765441737,0.9946917044530995,False,False
65,1;3;7;8;9;10,6,1,43,-0.0013642662764208407,0.9930724765441737,0.9946917044530995,False,False
65,1;3;7;8;9;10,6,2,42,-0.02529294752160805,0.8736723698819402,0.9259781518607244,False,False
65,1;3;7;8;9;10,6,3,41,0.03358137065487677,0.8348896289806106,0.9034220522860473,False,False
65,1;3;7;8;9;10,6,4,39,-0.01755817005427876,0.9155099468477682,0.9533781324776811,False,False
65,1;3;7;8;9;10,6,5,0,,,,False,False
65,1;3;7;8;9;10,6,6,0,,,,False,False
65,1;3;7;8;9;10,6,7,0,,,,False,False
65,1;3;7;8;9;10,6,8,0,,,,False,False
65,1;3;7;8;9;10,6,9,0,,,,False,False
65,1;3;7;8;9;10,6,10,0,,,,False,False
65,1;4;5;6;7;8,6,0,44,0.18606905579008257,0.22654550835104997,0.7506525013658502,False,False
65,1;4;5;6;7;8,6,1,44,0.18606905579008257,0.22654550835104997,0.7506525013658502,False,False
65,1;4;5;6;7;8,6,2,42,0.14392764116538348,0.3631624826295915,0.7506525013658502,False,False
65,1;4;5;6;7;8,6,3,38,0.15154107379837856,0.363763685565479,0.7506525013658502,False,False
65,1;4;5;6;7;8,6,4,36,0.0668389322423926,0.6985237325920011,0.8266290289563982,False,False
65,1;4;5;6;7;8,6,5,0,,,,False,False
65,1;4;5;6;7;8,6,6,0,,,,False,False
65,1;4;5;6;7;8,6,7,0,,,,False,False
65,1;4;5;6;7;8,6,8,0,,,,False,False
65,1;4;5;6;7;8,6,9,0,,,,False,False
65,1;4;5;6;7;8,6,10,0,,,,False,False
65,1;4;5;6;7;9,6,0,44,0.15021310319199369,0.33042752407375864,0.7506525013658502,False,False
65,1;4;5;6;7;9,6,1,44,0.15021310319199369,0.33042752407375864,0.7506525013658502,False,False
65,1;4;5;6;7;9,6,2,43,0.14453643272969685,0.3551071068740745,0.7506525013658502,False,False
65,1;4;5;6;7;9,6,3,39,0.18766063198006988,0.25261955713595274,0.7506525013658502,False,False
65,1;4;5;6;7;9,6,4,36,0.1335061829313373,0.4376004071880941,0.7509041397983071,False,False
65,1;4;5;6;7;9,6,5,0,,,,False,False
65,1;4;5;6;7;9,6,6,0,,,,False,False
65,1;4;5;6;7;9,6,7,0,,,,False,False
65,1;4;5;6;7;9,6,8,0,,,,False,False
65,1;4;5;6;7;9,6,9,0,,,,False,False
65,1;4;5;6;7;9,6,10,0,,,,False,False
65,1;4;5;6;7;10,6,0,44,0.11400354159392365,0.4612128282960573,0.7510354628300103,False,False
65,1;4;5;6;7;10,6,1,44,0.11400354159392365,0.4612128282960573,0.7510354628300103,False,False
65,1;4;5;6;7;10,6,2,42,0.07937593820285999,0.6173002838757341,0.7857595615102848,False,False
65,1;4;5;6;7;10,6,3,39,0.12697081762898552,0.44114605029559806,0.7509923134248312,False,False
65,1;4;5;6;7;10,6,4,35,0.031741698261586584,0.8563581983886581,0.9151946746725005,False,False
65,1;4;5;6;7;10,6,5,0,,,,False,False
65,1;4;5;6;7;10,6,6,0,,,,False,False
65,1;4;5;6;7;10,6,7,0,,,,False,False
65,1;4;5;6;7;10,6,8,0,,,,False,False
65,1;4;5;6;7;10,6,9,0,,,,False,False
65,1;4;5;6;7;10,6,10,0,,,,False,False
65,1;4;5;6;8;9,6,0,44,0.2343013233875118,0.12581030765961473,0.7506525013658502,False,False
65,1;4;5;6;8;9,6,1,44,0.2343013233875118,0.12581030765961473,0.7506525013658502,False,False
65,1;4;5;6;8;9,6,2,43,0.2377612949517876,0.12471679929321923,0.7506525013658502,False,False
65,1;4;5;6;8;9,6,3,38,0.18906092552588258,0.25561903585242673,0.7506525013658502,False,False
65,1;4;5;6;8;9,6,4,37,0.14706996364396457,0.38505273861955824,0.7506525013658502,False,False
65,1;4;5;6;8;9,6,5,0,,,,False,False
65,1;4;5;6;8;9,6,6,0,,,,False,False
65,1;4;5;6;8;9,6,7,0,,,,False,False
65,1;4;5;6;8;9,6,8,0,,,,False,False
65,1;4;5;6;8;9,6,9,0,,,,False,False
65,1;4;5;6;8;9,6,10,0,,,,False,False
65,1;4;5;6;8;10,6,0,44,0.23529142858745902,0.12417307873883571,0.7506525013658502,False,False
65,1;4;5;6;8;10,6,1,44,0.23529142858745902,0.12417307873883571,0.7506525013658502,False,False
65,1;4;5;6;8;10,6,2,42,0.21039503292090042,0.18109444575154876,0.7506525013658502,False,False
65,1;4;5;6;8;10,6,3,38,0.18489127075514342,0.2664445245830991,0.7506525013658502,False,False
65,1;4;5;6;8;10,6,4,36,0.08916158721909902,0.6050713976296048,0.7816886922645369,False,False
65,1;4;5;6;8;10,6,5,0,,,,False,False
65,1;4;5;6;8;10,6,6,0,,,,False,False
65,1;4;5;6;8;10,6,7,0,,,,False,False
65,1;4;5;6;8;10,6,8,0,,,,False,False
65,1;4;5;6;8;10,6,9,0,,,,False,False
65,1;4;5;6;8;10,6,10,0,,,,False,False
65,1;4;5;6;9;10,6,0,44,0.16753994419107016,0.27701611577397334,0.7506525013658502,False,False
65,1;4;5;6;9;10,6,1,44,0.16753994419107016,0.27701611577397334,0.7506525013658502,False,False
65,1;4;5;6;9;10,6,2,42,0.131425733745719,0.40674272652002824,0.7506525013658502,False,False
65,1;4;5;6;9;10,6,3,40,0.19507010397212735,0.2277251843359722,0.7506525013658502,False,False
65,1;4;5;6;9;10,6,4,36,0.08056852819067165,0.6404201825819043,0.799000556508867,False,False
65,1;4;5;6;9;10,6,5,0,,,,False,False
65,1;4;5;6;9;10,6,6,0,,,,False,False
65,1;4;5;6;9;10,6,7,0,,,,False,False
65,1;4;5;6;9;10,6,8,0,,,,False,False
65,1;4;5;6;9;10,6,9,0,,,,False,False
65,1;4;5;6;9;10,6,10,0,,,,False,False
65,1;4;5;7;8;9,6,0,44,0.05686032719696937,0.7139117999596626,0.8356141604337286,False,False
65,1;4;5;7;8;9,6,1,44,0.05686032719696937,0.7139117999596626,0.8356141604337286,False,False
65,1;4;5;7;8;9,6,2,43,0.051463155649430596,0.7431085534714115,0.8510283079744372,False,False
65,1;4;5;7;8;9,6,3,40,0.00865846171513596,0.957711682267521,0.9762871828559316,False,False
65,1;4;5;7;8;9,6,4,37,0.09273611288786772,0.5851282036012492,0.7753327339781004,False,False
65,1;4;5;7;8;9,6,5,0,,,,False,False
65,1;4;5;7;8;9,6,6,0,,,,False,False
65,1;4;5;7;8;9,6,7,0,,,,False,False
65,1;4;5;7;8;9,6,8,0,,,,False,False
65,1;4;5;7;8;9,6,9,0,,,,False,False
65,1;4;5;7;8;9,6,10,0,,,,False,False
65,1;4;5;7;8;10,6,0,44,0.09816185839476801,0.5261324186923912,0.7595331817189964,False,False
65,1;4;5;7;8;10,6,1,44,0.09816185839476801,0.5261324186923912,0.7595331817189964,False,False
65,1;4;5;7;8;10,6,2,42,0.06831535665000245,0.6672859528994397,0.812353866163547,False,False
65,1;4;5;7;8;10,6,3,40,0.07378515200724557,0.6509245172121034,0.8036882209882894,False,False
65,1;4;5;7;8;10,6,4,36,0.09806484267223625,0.5693573988051605,0.7708420750908994,False,False
65,1;4;5;7;8;10,6,5,0,,,,False,False
65,1;4;5;7;8;10,6,6,0,,,,False,False
65,1;4;5;7;8;10,6,7,0,,,,False,False
65,1;4;5;7;8;10,6,8,0,,,,False,False
65,1;4;5;7;8;10,6,9,0,,,,False,False
65,1;4;5;7;8;10,6,10,0,,,,False,False
65,1;4;5;7;9;10,6,0,44,0.03847265919794941,0.8041779422254696,0.8862693037479475,False,False
65,1;4;5;7;9;10,6,1,44,0.03847265919794941,0.8041779422254696,0.8862693037479475,False,False
65,1;4;5;7;9;10,6,2,42,0.0006506224442857377,0.9967372494184757,0.9975491891785104,False,False
65,1;4;5;7;9;10,6,3,41,-0.0016600486057207593,0.9917813184189209,0.9943459221403065,False,False
65,1;4;5;7;9;10,6,4,37,0.1123349865904412,0.5080004467621781,0.7558559619392049,False,False
65,1;4;5;7;9;10,6,5,0,,,,False,False
65,1;4;5;7;9;10,6,6,0,,,,False,False
65,1;4;5;7;9;10,6,7,0,,,,False,False
65,1;4;5;7;9;10,6,8,0,,,,False,False
65,1;4;5;7;9;10,6,9,0,,,,False,False
65,1;4;5;7;9;10,6,10,0,,,,False,False
65,1;4;5;8;9;10,6,0,44,0.07114613079620792,0.6462871021714602,0.8021967633715933,False,False
65,1;4;5;8;9;10,6,1,44,0.07114613079620792,0.6462871021714602,0.8021967633715933,False,False
65,1;4;5;8;9;10,6,2,41,0.07671171978014878,0.6335701991797225,0.7962401255239433,False,False
65,1;4;5;8;9;10,6,3,41,0.07671171978014878,0.6335701991797225,0.7962401255239433,False,False
65,1;4;5;8;9;10,6,4,38,0.12026162180868676,0.47202114420671515,0.7510354628300103,False,False
65,1;4;5;8;9;10,6,5,0,,,,False,False
65,1;4;5;8;9;10,6,6,0,,,,False,False
65,1;4;5;8;9;10,6,7,0,,,,False,False
65,1;4;5;8;9;10,6,8,0,,,,False,False
65,1;4;5;8;9;10,6,9,0,,,,False,False
65,1;4;5;8;9;10,6,10,0,,,,False,False
65,1;4;6;7;8;9,6,0,44,0.11782251879372009,0.44623570045905386,0.7509923134248312,False,False
65,1;4;6;7;8;9,6,1,44,0.11782251879372009,0.44623570045905386,0.7509923134248312,False,False
65,1;4;6;7;8;9,6,2,43,0.11679635177580641,0.45574300066305,0.7510354628300103,False,False
65,1;4;6;7;8;9,6,3,41,0.08447813555367438,0.5994886213993322,0.7803896167103407,False,False
65,1;4;6;7;8;9,6,4,35,0.056039546930854195,0.7491613611100307,0.8535048667097401,False,False
65,1;4;6;7;8;9,6,5,0,,,,False,False
65,1;4;6;7;8;9,6,6,0,,,,False,False
65,1;4;6;7;8;9,6,7,0,,,,False,False
65,1;4;6;7;8;9,6,8,0,,,,False,False
65,1;4;6;7;8;9,6,9,0,,,,False,False
65,1;4;6;7;8;9,6,10,0,,,,False,False
65,1;4;6;7;8;10,6,0,44,0.12383387179339968,0.42321086801389823,0.7506525013658502,False,False
65,1;4;6;7;8;10,6,1,44,0.12383387179339968,0.42321086801389823,0.7506525013658502,False,False
65,1;4;6;7;8;10,6,2,42,0.09661743297643204,0.542734671507574,0.7629334295357042,False,False
65,1;4;6;7;8;10,6,3,40,0.07124408172128176,0.662216585216894,0.8097648698395292,False,False
65,1;4;6;7;8;10,6,4,35,0.08244414548474038,0.6377582429572979,0.7978853603001306,False,False
65,1;4;6;7;8;10,6,5,0,,,,False,False
65,1;4;6;7;8;10,6,6,0,,,,False,False
65,1;4;6;7;8;10,6,7,0,,,,False,False
65,1;4;6;7;8;10,6,8,0,,,,False,False
65,1;4;6;7;8;10,6,9,0,,,,False,False
65,1;4;6;7;8;10,6,10,0,,,,False,False
65,1;4;6;7;9;10,6,0,44,0.08189584439563496,0.5971621572186351,0.77934292156237,False,False
65,1;4;6;7;9;10,6,1,44,0.08189584439563496,0.5971621572186351,0.77934292156237,False,False
65,1;4;6;7;9;10,6,2,42,0.049853944793394646,0.7538741582844322,0.8562699402769205,False,False
65,1;4;6;7;9;10,6,3,42,0.049853944793394646,0.7538741582844322,0.8562699402769205,False,False
65,1;4;6;7;9;10,6,4,35,0.08643763829438643,0.6214996324232257,0.7876773761039562,False,False
65,1;4;6;7;9;10,6,5,0,,,,False,False
65,1;4;6;7;9;10,6,6,0,,,,False,False
65,1;4;6;7;9;10,6,7,0,,,,False,False
65,1;4;6;7;9;10,6,8,0,,,,False,False
65,1;4;6;7;9;10,6,9,0,,,,False,False
65,1;4;6;7;9;10,6,10,0,,,,False,False
65,1;4;6;8;9;10,6,0,44,0.18217935679028988,0.23657608238619102,0.7506525013658502,False,False
65,1;4;6;8;9;10,6,1,44,0.18217935679028988,0.23657608238619102,0.7506525013658502,False,False
65,1;4;6;8;9;10,6,2,42,0.1566373534617913,0.32186961573583195,0.7506525013658502,False,False
65,1;4;6;8;9;10,6,3,41,0.1519381329130737,0.3429699916860549,0.7506525013658502,False,False
65,1;4;6;8;9;10,6,4,36,0.0989744736645152,0.5657634073012083,0.7703040651288825,False,False
65,1;4;6;8;9;10,6,5,0,,,,False,False
65,1;4;6;8;9;10,6,6,0,,,,False,False
65,1;4;6;8;9;10,6,7,0,,,,False,False
65,1;4;6;8;9;10,6,8,0,,,,False,False
65,1;4;6;8;9;10,6,9,0,,,,False,False
65,1;4;6;8;9;10,6,10,0,,,,False,False
65,1;4;7;8;9;10,6,0,44,0.004172586199777602,0.9785545691678137,0.9885252446861921,False,False
65,1;4;7;8;9;10,6,1,44,0.004172586199777602,0.9785545691678137,0.9885252446861921,False,False
65,1;4;7;8;9;10,6,2,42,-0.03122987732571541,0.8443498620173587,0.9082194365912512,False,False
65,1;4;7;8;9;10,6,3,41,-0.04412234452047281,0.7841482795972512,0.8745502689843707,False,False
65,1;4;7;8;9;10,6,4,38,0.03116782778580538,0.8526343828807033,0.9139112758642924,False,False
65,1;4;7;8;9;10,6,5,0,,,,False,False
65,1;4;7;8;9;10,6,6,0,,,,False,False
65,1;4;7;8;9;10,6,7,0,,,,False,False
65,1;4;7;8;9;10,6,8,0,,,,False,False
65,1;4;7;8;9;10,6,9,0,,,,False,False
65,1;4;7;8;9;10,6,10,0,,,,False,False
65,1;5;6;7;8;9,6,0,44,0.018882720598993555,0.9031693239586471,0.9459793959212224,False,False
65,1;5;6;7;8;9,6,1,44,0.018882720598993555,0.9031693239586471,0.9459793959212224,False,False
65,1;5;6;7;8;9,6,2,43,0.012051018775050758,0.938863854826154,0.9668576255980681,False,False
65,1;5;6;7;8;9,6,3,41,-0.08911306431593602,0.5795376205021343,0.7732622942538252,False,False
65,1;5;6;7;8;9,6,4,36,0.014073669187152579,0.9350714999285847,0.9654023905985372,False,False
65,1;5;6;7;8;9,6,5,0,,,,False,False
65,1;5;6;7;8;9,6,6,0,,,,False,False
65,1;5;6;7;8;9,6,7,0,,,,False,False
65,1;5;6;7;8;9,6,8,0,,,,False,False
65,1;5;6;7;8;9,6,9,0,,,,False,False
65,1;5;6;7;8;9,6,10,0,,,,False,False
65,1;5;6;7;8;10,6,0,44,0.009971773799468507,0.948777065720197,0.9710658971541436,False,False
65,1;5;6;7;8;10,6,1,44,0.009971773799468507,0.948777065720197,0.9710658971541436,False,False
65,1;5;6;7;8;10,6,2,42,-0.02992863243714393,0.8507603975064304,0.9131960723190637,False,False
65,1;5;6;7;8;10,6,3,41,-0.09978214561774582,0.5347898481357988,0.760535689565614,False,False
65,1;5;6;7;8;10,6,4,35,-0.049438397292382655,0.77791913194836,0.8715588596678416,False,False
65,1;5;6;7;8;10,6,5,0,,,,False,False
65,1;5;6;7;8;10,6,6,0,,,,False,False
65,1;5;6;7;8;10,6,7,0,,,,False,False
65,1;5;6;7;8;10,6,8,0,,,,False,False
65,1;5;6;7;8;10,6,9,0,,,,False,False
65,1;5;6;7;8;10,6,10,0,,,,False,False
65,1;5;6;7;9;10,6,0,44,-0.04314029799770064,0.7809726637751987,0.8724197090260369,False,False
65,1;5;6;7;9;10,6,1,44,-0.04314029799770064,0.7809726637751987,0.8724197090260369,False,False
65,1;5;6;7;9;10,6,2,42,-0.09157510903321757,0.5640891463131996,0.7702155202938398,False,False
65,1;5;6;7;9;10,6,3,42,-0.09157510903321757,0.5640891463131996,0.7702155202938398,False,False
65,1;5;6;7;9;10,6,4,36,0.02403898427064658,0.8893208847387544,0.9364240992372589,False,False
65,1;5;6;7;9;10,6,5,0,,,,False,False
65,1;5;6;7;9;10,6,6,0,,,,False,False
65,1;5;6;7;9;10,6,7,0,,,,False,False
65,1;5;6;7;9;10,6,8,0,,,,False,False
65,1;5;6;7;9;10,6,9,0,,,,False,False
65,1;5;6;7;9;10,6,10,0,,,,False,False
65,1;5;6;8;9;10,6,0,44,-0.016336735799129254,0.9161751247904776,0.953747465105559,False,False
65,1;5;6;8;9;10,6,1,44,-0.016336735799129254,0.9161751247904776,0.953747465105559,False,False
65,1;5;6;8;9;10,6,2,42,-0.06091452634625219,0.7015612364680224,0.8278314782218713,False,False
65,1;5;6;8;9;10,6,3,41,-0.02516284202355677,0.875904787393244,0.9276380546904089,False,False
65,1;5;6;8;9;10,6,4,37,-0.014743543183281277,0.930983129420749,0.9626374960497662,False,False
65,1;5;6;8;9;10,6,5,0,,,,False,False
65,1;5;6;8;9;10,6,6,0,,,,False,False
65,1;5;6;8;9;10,6,7,0,,,,False,False
65,1;5;6;8;9;10,6,8,0,,,,False,False
65,1;5;6;8;9;10,6,9,0,,,,False,False
65,1;5;6;8;9;10,6,10,0,,,,False,False
65,1;5;7;8;9;10,6,0,44,-0.08592698699542012,0.5791724289489468,0.7729429135419033,False,False
65,1;5;7;8;9;10,6,1,44,-0.08592698699542012,0.5791724289489468,0.7729429135419033,False,False
65,1;5;7;8;9;10,6,2,42,-0.1290672273851832,0.4152876736952744,0.7506525013658502,False,False
65,1;5;7;8;9;10,6,3,41,-0.09986502928099093,0.5344488948763171,0.760535689565614,False,False
65,1;5;7;8;9;10,6,4,39,-0.06876280092187406,0.6774502448968488,0.8170155842762705,False,False
65,1;5;7;8;9;10,6,5,0,,,,False,False
65,1;5;7;8;9;10,6,6,0,,,,False,False
65,1;5;7;8;9;10,6,7,0,,,,False,False
65,1;5;7;8;9;10,6,8,0,,,,False,False
65,1;5;7;8;9;10,6,9,0,,,,False,False
65,1;5;7;8;9;10,6,10,0,,,,False,False
65,1;6;7;8;9;10,6,0,44,-0.012517758599332806,0.9357233952091222,0.9655885800049787,False,False
65,1;6;7;8;9;10,6,1,44,-0.012517758599332806,0.9357233952091222,0.9655885800049787,False,False
65,1;6;7;8;9;10,6,2,42,-0.04993527259893036,0.7534851782396386,0.8562699402769205,False,False
65,1;6;7;8;9;10,6,3,41,0.0046349287622616375,0.97705572900259,0.9883073075613905,False,False
65,1;6;7;8;9;10,6,4,38,-0.06859117030326889,0.6824058172168592,0.8182742407111392,False,False
65,1;6;7;8;9;10,6,5,0,,,,False,False
65,1;6;7;8;9;10,6,6,0,,,,False,False
65,1;6;7;8;9;10,6,7,0,,,,False,False
65,1;6;7;8;9;10,6,8,0,,,,False,False
65,1;6;7;8;9;10,6,9,0,,,,False,False
65,1;6;7;8;9;10,6,10,0,,,,False,False
65,2;3;4;5;6;7,6,0,44,0.257993126386249,0.09087036909561753,0.7506525013658502,False,False
65,2;3;4;5;6;7,6,1,44,0.257993126386249,0.09087036909561753,0.7506525013658502,False,False
65,2;3;4;5;6;7,6,2,40,0.3016884496874883,0.05850605561636628,0.7506525013658502,False,False
65,2;3;4;5;6;7,6,3,38,0.2769468029851527,0.09231891804322306,0.7506525013658502,False,False
65,2;3;4;5;6;7,6,4,36,0.24519172281103438,0.1494889554199795,0.7506525013658502,False,False
65,2;3;4;5;6;7,6,5,0,,,,False,False
65,2;3;4;5;6;7,6,6,0,,,,False,False
65,2;3;4;5;6;7,6,7,0,,,,False,False
65,2;3;4;5;6;7,6,8,0,,,,False,False
65,2;3;4;5;6;7,6,9,0,,,,False,False
65,2;3;4;5;6;7,6,10,0,,,,False,False
65,2;3;4;5;6;8,6,0,44,0.3652780969805308,0.014763213292340566,0.7506525013658502,True,False
65,2;3;4;5;6;8,6,1,44,0.3652780969805308,0.014763213292340566,0.7506525013658502,True,False
65,2;3;4;5;6;8,6,2,40,0.288605889475405,0.07090709095302905,0.7506525013658502,False,False
65,2;3;4;5;6;8,6,3,38,0.24136759435422903,0.1443255978275307,0.7506525013658502,False,False
65,2;3;4;5;6;8,6,4,36,0.1454198390679082,0.39742001725904347,0.7506525013658502,False,False
65,2;3;4;5;6;8,6,5,0,,,,False,False
65,2;3;4;5;6;8,6,6,0,,,,False,False
65,2;3;4;5;6;8,6,7,0,,,,False,False
65,2;3;4;5;6;8,6,8,0,,,,False,False
65,2;3;4;5;6;8,6,9,0,,,,False,False
65,2;3;4;5;6;8,6,10,0,,,,False,False
65,2;3;4;5;6;9,6,0,44,0.33543349738212147,0.026021733476732728,0.7506525013658502,True,False
65,2;3;4;5;6;9,6,1,44,0.33543349738212147,0.026021733476732728,0.7506525013658502,True,False
65,2;3;4;5;6;9,6,2,41,0.29292390445118127,0.06308019767101274,0.7506525013658502,False,False
65,2;3;4;5;6;9,6,3,39,0.24960785850180453,0.12540992428677217,0.7506525013658502,False,False
65,2;3;4;5;6;9,6,4,36,0.2176899655921032,0.20216619572996525,0.7506525013658502,False,False
65,2;3;4;5;6;9,6,5,0,,,,False,False
65,2;3;4;5;6;9,6,6,0,,,,False,False
65,2;3;4;5;6;9,6,7,0,,,,False,False
65,2;3;4;5;6;9,6,8,0,,,,False,False
65,2;3;4;5;6;9,6,9,0,,,,False,False
65,2;3;4;5;6;9,6,10,0,,,,False,False
65,2;3;4;5;6;10,6,0,43,0.3181320103107017,0.03761605304782894,0.7506525013658502,True,False
65,2;3;4;5;6;10,6,1,43,0.3181320103107017,0.03761605304782894,0.7506525013658502,True,False
65,2;3;4;5;6;10,6,2,41,0.2933611043085711,0.06266955245194351,0.7506525013658502,False,False
65,2;3;4;5;6;10,6,3,39,0.2613875621577074,0.10797989215369687,0.7506525013658502,False,False
65,2;3;4;5;6;10,6,4,35,0.20238843891569147,0.24362392746859382,0.7506525013658502,False,False
65,2;3;4;5;6;10,6,5,0,,,,False,False
65,2;3;4;5;6;10,6,6,0,,,,False,False
65,2;3;4;5;6;10,6,7,0,,,,False,False
65,2;3;4;5;6;10,6,8,0,,,,False,False
65,2;3;4;5;6;10,6,9,0,,,,False,False
65,2;3;4;5;6;10,6,10,0,,,,False,False
65,2;3;4;5;7;8,6,0,44,0.20134496458926837,0.18999580180847803,0.7506525013658502,False,False
65,2;3;4;5;7;8,6,1,44,0.20134496458926837,0.18999580180847803,0.7506525013658502,False,False
65,2;3;4;5;7;8,6,2,42,0.1871352805376853,0.235348443333897,0.7506525013658502,False,False
65,2;3;4;5;7;8,6,3,38,0.28177854736713,0.08654748554192043,0.7506525013658502,False,False
65,2;3;4;5;7;8,6,4,36,0.20025873135172453,0.24157608525059374,0.7506525013658502,False,False
65,2;3;4;5;7;8,6,5,0,,,,False,False
65,2;3;4;5;7;8,6,6,0,,,,False,False
65,2;3;4;5;7;8,6,7,0,,,,False,False
65,2;3;4;5;7;8,6,8,0,,,,False,False
65,2;3;4;5;7;8,6,9,0,,,,False,False
65,2;3;4;5;7;8,6,10,0,,,,False,False
65,2;3;4;5;7;9,6,0,44,0.14681845679217462,0.3415973035004482,0.7506525013658502,False,False
65,2;3;4;5;7;9,6,1,44,0.14681845679217462,0.3415973035004482,0.7506525013658502,False,False
65,2;3;4;5;7;9,6,2,42,0.1301244888571475,0.41144463400830983,0.7506525013658502,False,False
65,2;3;4;5;7;9,6,3,40,0.225395085888904,0.16199603964763298,0.7506525013658502,False,False
65,2;3;4;5;7;9,6,4,36,0.2174317331299536,0.2027151769150301,0.7506525013658502,False,False
65,2;3;4;5;7;9,6,5,0,,,,False,False
65,2;3;4;5;7;9,6,6,0,,,,False,False
65,2;3;4;5;7;9,6,7,0,,,,False,False
65,2;3;4;5;7;9,6,8,0,,,,False,False
65,2;3;4;5;7;9,6,9,0,,,,False,False
65,2;3;4;5;7;9,6,10,0,,,,False,False
65,2;3;4;5;7;10,6,0,43,0.11652465631289813,0.4567991325754716,0.7510354628300103,False,False
65,2;3;4;5;7;10,6,1,43,0.11652465631289813,0.4567991325754716,0.7510354628300103,False,False
65,2;3;4;5;7;10,6,2,42,0.10971120966768251,0.48916036862005535,0.7550030513650754,False,False
65,2;3;4;5;7;10,6,3,40,0.1898857054542543,0.24056517058941995,0.7506525013658502,False,False
65,2;3;4;5;7;10,6,4,35,0.14410169210791077,0.4088725444054641,0.7506525013658502,False,False
65,2;3;4;5;7;10,6,5,0,,,,False,False
65,2;3;4;5;7;10,6,6,0,,,,False,False
65,2;3;4;5;7;10,6,7,0,,,,False,False
65,2;3;4;5;7;10,6,8,0,,,,False,False
65,2;3;4;5;7;10,6,9,0,,,,False,False
65,2;3;4;5;7;10,6,10,0,,,,False,False
65,2;3;4;5;8;9,6,0,44,0.2387567967872743,0.11856879087286157,0.7506525013658502,False,False
65,2;3;4;5;8;9,6,1,44,0.2387567967872743,0.11856879087286157,0.7506525013658502,False,False
65,2;3;4;5;8;9,6,2,42,0.22877511697197248,0.1450349203198357,0.7506525013658502,False,False
65,2;3;4;5;8;9,6,3,39,0.2236549169370822,0.17109560672060348,0.7506525013658502,False,False
65,2;3;4;5;8;9,6,4,37,0.2048516955202514,0.2238915945809313,0.7506525013658502,False,False
65,2;3;4;5;8;9,6,5,0,,,,False,False
65,2;3;4;5;8;9,6,6,0,,,,False,False
65,2;3;4;5;8;9,6,7,0,,,,False,False
65,2;3;4;5;8;9,6,8,0,,,,False,False
65,2;3;4;5;8;9,6,9,0,,,,False,False
65,2;3;4;5;8;9,6,10,0,,,,False,False
65,2;3;4;5;8;10,6,0,43,0.24986886639787906,0.10610137242001674,0.7506525013658502,False,False
65,2;3;4;5;8;10,6,1,43,0.24986886639787906,0.10610137242001674,0.7506525013658502,False,False
65,2;3;4;5;8;10,6,2,42,0.2556946206042949,0.10217923638578665,0.7506525013658502,False,False
65,2;3;4;5;8;10,6,3,39,0.2536920564168355,0.1191436144705616,0.7506525013658502,False,False
65,2;3;4;5;8;10,6,4,36,0.19806517566037188,0.24687755897573577,0.7506525013658502,False,False
65,2;3;4;5;8;10,6,5,0,,,,False,False
65,2;3;4;5;8;10,6,6,0,,,,False,False
65,2;3;4;5;8;10,6,7,0,,,,False,False
65,2;3;4;5;8;10,6,8,0,,,,False,False
65,2;3;4;5;8;10,6,9,0,,,,False,False
65,2;3;4;5;8;10,6,10,0,,,,False,False
65,2;3;4;5;9;10,6,0,43,0.1479666149408908,0.34368116264904514,0.7506525013658502,False,False
65,2;3;4;5;9;10,6,1,43,0.1479666149408908,0.34368116264904514,0.7506525013658502,False,False
65,2;3;4;5;9;10,6,2,42,0.14931785096357678,0.34527587012754773,0.7506525013658502,False,False
65,2;3;4;5;9;10,6,3,40,0.186224667516083,0.24992176334667238,0.7506525013658502,False,False
65,2;3;4;5;9;10,6,4,37,0.1935569125403188,0.25103213970009447,0.7506525013658502,False,False
65,2;3;4;5;9;10,6,5,0,,,,False,False
65,2;3;4;5;9;10,6,6,0,,,,False,False
65,2;3;4;5;9;10,6,7,0,,,,False,False
65,2;3;4;5;9;10,6,8,0,,,,False,False
65,2;3;4;5;9;10,6,9,0,,,,False,False
65,2;3;4;5;9;10,6,10,0,,,,False,False
65,2;3;4;6;7;8,6,0,44,0.22942151918777187,0.13411707427666406,0.7506525013658502,False,False
65,2;3;4;6;7;8,6,1,44,0.22942151918777187,0.13411707427666406,0.7506525013658502,False,False
65,2;3;4;6;7;8,6,2,42,0.23048300088822254,0.1419749115352541,0.7506525013658502,False,False
65,2;3;4;6;7;8,6,3,37,0.17940871070229794,0.28801096786199715,0.7506525013658502,False,False
65,2;3;4;6;7;8,6,4,36,0.20258336655635226,0.23604192346468358,0.7506525013658502,False,False
65,2;3;4;6;7;8,6,5,0,,,,False,False
65,2;3;4;6;7;8,6,6,0,,,,False,False
65,2;3;4;6;7;8,6,7,0,,,,False,False
65,2;3;4;6;7;8,6,8,0,,,,False,False
65,2;3;4;6;7;8,6,9,0,,,,False,False
65,2;3;4;6;7;8,6,10,0,,,,False,False
65,2;3;4;6;7;9,6,0,44,0.18670555199004865,0.22493241337111275,0.7506525013658502,False,False
65,2;3;4;6;7;9,6,1,44,0.18670555199004865,0.22493241337111275,0.7506525013658502,False,False
65,2;3;4;6;7;9,6,2,42,0.18835519762072106,0.23225471368079267,0.7506525013658502,False,False
65,2;3;4;6;7;9,6,3,40,0.21267952525580666,0.18764327299098374,0.7506525013658502,False,False
65,2;3;4;6;7;9,6,4,35,0.20801252792795433,0.23049054724207352,0.7506525013658502,False,False
65,2;3;4;6;7;9,6,5,0,,,,False,False
65,2;3;4;6;7;9,6,6,0,,,,False,False
65,2;3;4;6;7;9,6,7,0,,,,False,False
65,2;3;4;6;7;9,6,8,0,,,,False,False
65,2;3;4;6;7;9,6,9,0,,,,False,False
65,2;3;4;6;7;9,6,10,0,,,,False,False
65,2;3;4;6;7;10,6,0,43,0.23024605366378242,0.13744498389496662,0.7506525013658502,False,False
65,2;3;4;6;7;10,6,1,43,0.23024605366378242,0.13744498389496662,0.7506525013658502,False,False
65,2;3;4;6;7;10,6,2,42,0.2334921296930441,0.13669993397440175,0.7506525013658502,False,False
65,2;3;4;6;7;10,6,3,39,0.21904155849812548,0.1803283901127211,0.7506525013658502,False,False
65,2;3;4;6;7;10,6,4,35,0.24891228848676153,0.14932712830074524,0.7506525013658502,False,False
65,2;3;4;6;7;10,6,5,0,,,,False,False
65,2;3;4;6;7;10,6,6,0,,,,False,False
65,2;3;4;6;7;10,6,7,0,,,,False,False
65,2;3;4;6;7;10,6,8,0,,,,False,False
65,2;3;4;6;7;10,6,9,0,,,,False,False
65,2;3;4;6;7;10,6,10,0,,,,False,False
65,2;3;4;6;8;9,6,0,44,0.23826174418730073,0.11935748589275502,0.7506525013658502,False,False
65,2;3;4;6;8;9,6,1,44,0.23826174418730073,0.11935748589275502,0.7506525013658502,False,False
65,2;3;4;6;8;9,6,2,42,0.2335734574985798,0.13655941455786583,0.7506525013658502,False,False
65,2;3;4;6;8;9,6,3,40,0.14058597941840728,0.386897298505253,0.7506525013658502,False,False
65,2;3;4;6;8;9,6,4,35,0.09466329481552814,0.5885669828040245,0.7773467911697347,False,False
65,2;3;4;6;8;9,6,5,0,,,,False,False
65,2;3;4;6;8;9,6,6,0,,,,False,False
65,2;3;4;6;8;9,6,7,0,,,,False,False
65,2;3;4;6;8;9,6,8,0,,,,False,False
65,2;3;4;6;8;9,6,9,0,,,,False,False
65,2;3;4;6;8;9,6,10,0,,,,False,False
65,2;3;4;6;8;10,6,0,43,0.27752263723936654,0.07157854098393415,0.7506525013658502,False,False
65,2;3;4;6;8;10,6,1,43,0.27752263723936654,0.07157854098393415,0.7506525013658502,False,False
65,2;3;4;6;8;10,6,2,42,0.28171951837572434,0.07069092405506368,0.7506525013658502,False,False
65,2;3;4;6;8;10,6,3,39,0.15059160468903354,0.36014965626948664,0.7506525013658502,False,False
65,2;3;4;6;8;10,6,4,35,0.13567469256943648,0.43709074617098,0.7509041397983071,False,False
65,2;3;4;6;8;10,6,5,0,,,,False,False
65,2;3;4;6;8;10,6,6,0,,,,False,False
65,2;3;4;6;8;10,6,7,0,,,,False,False
65,2;3;4;6;8;10,6,8,0,,,,False,False
65,2;3;4;6;8;10,6,9,0,,,,False,False
65,2;3;4;6;8;10,6,10,0,,,,False,False
65,2;3;4;6;9;10,6,0,43,0.23395847769455744,0.13104202308008925,0.7506525013658502,False,False
65,2;3;4;6;9;10,6,1,43,0.23395847769455744,0.13104202308008925,0.7506525013658502,False,False
65,2;3;4;6;9;10,6,2,42,0.2449593502735802,0.11792638916993639,0.7506525013658502,False,False
65,2;3;4;6;9;10,6,3,41,0.19516601633881692,0.22139537567775544,0.7506525013658502,False,False
65,2;3;4;6;9;10,6,4,35,0.1950850393156804,0.26141383522841344,0.7506525013658502,False,False
65,2;3;4;6;9;10,6,5,0,,,,False,False
65,2;3;4;6;9;10,6,6,0,,,,False,False
65,2;3;4;6;9;10,6,7,0,,,,False,False
65,2;3;4;6;9;10,6,8,0,,,,False,False
65,2;3;4;6;9;10,6,9,0,,,,False,False
65,2;3;4;6;9;10,6,10,0,,,,False,False
65,2;3;4;7;8;9,6,0,44,0.14186793079243848,0.358298429207971,0.7506525013658502,False,False
65,2;3;4;7;8;9,6,1,44,0.14186793079243848,0.358298429207971,0.7506525013658502,False,False
65,2;3;4;7;8;9,6,2,42,0.13459751816161197,0.3954118803221103,0.7506525013658502,False,False
65,2;3;4;7;8;9,6,3,42,0.13459751816161197,0.3954118803221103,0.7506525013658502,False,False
65,2;3;4;7;8;9,6,4,35,0.106741994154008,0.541657997518643,0.7620995780816915,False,False
65,2;3;4;7;8;9,6,5,0,,,,False,False
65,2;3;4;7;8;9,6,6,0,,,,False,False
65,2;3;4;7;8;9,6,7,0,,,,False,False
65,2;3;4;7;8;9,6,8,0,,,,False,False
65,2;3;4;7;8;9,6,9,0,,,,False,False
65,2;3;4;7;8;9,6,10,0,,,,False,False
65,2;3;4;7;8;10,6,0,43,0.22403342569391396,0.14867527453412394,0.7506525013658502,False,False
65,2;3;4;7;8;10,6,1,43,0.22403342569391396,0.14867527453412394,0.7506525013658502,False,False
65,2;3;4;7;8;10,6,2,42,0.22609129938929381,0.14994126695208707,0.7506525013658502,False,False
65,2;3;4;7;8;10,6,3,41,0.19317723511834728,0.22623151577327855,0.7506525013658502,False,False
65,2;3;4;7;8;10,6,4,35,0.24606838652345,0.15418381470607165,0.7506525013658502,False,False
65,2;3;4;7;8;10,6,5,0,,,,False,False
65,2;3;4;7;8;10,6,6,0,,,,False,False
65,2;3;4;7;8;10,6,7,0,,,,False,False
65,2;3;4;7;8;10,6,8,0,,,,False,False
65,2;3;4;7;8;10,6,9,0,,,,False,False
65,2;3;4;7;8;10,6,10,0,,,,False,False
65,2;3;4;7;9;10,6,0,43,0.10781182440393629,0.4913602282755846,0.7550319149425593,False,False
65,2;3;4;7;9;10,6,1,43,0.10781182440393629,0.4913602282755846,0.7550319149425593,False,False
65,2;3;4;7;9;10,6,2,42,0.10751535891821813,0.49794928607677175,0.7558129676892907,False,False
65,2;3;4;7;9;10,6,3,42,0.10751535891821813,0.49794928607677175,0.7558129676892907,False,False
65,2;3;4;7;9;10,6,4,36,0.12550097660470005,0.46580464439252267,0.7510354628300103,False,False
65,2;3;4;7;9;10,6,5,0,,,,False,False
65,2;3;4;7;9;10,6,6,0,,,,False,False
65,2;3;4;7;9;10,6,7,0,,,,False,False
65,2;3;4;7;9;10,6,8,0,,,,False,False
65,2;3;4;7;9;10,6,9,0,,,,False,False
65,2;3;4;7;9;10,6,10,0,,,,False,False
65,2;3;4;8;9;10,6,0,43,0.1809996124392156,0.24542077651791103,0.7506525013658502,False,False
65,2;3;4;8;9;10,6,1,43,0.1809996124392156,0.24542077651791103,0.7506525013658502,False,False
65,2;3;4;8;9;10,6,2,42,0.1888431644539353,0.23102503155976964,0.7506525013658502,False,False
65,2;3;4;8;9;10,6,3,41,0.18426539523500426,0.24878945260046695,0.7506525013658502,False,False
65,2;3;4;8;9;10,6,4,37,0.10064791314385389,0.5533733743065473,0.7667025748435622,False,False
65,2;3;4;8;9;10,6,5,0,,,,False,False
65,2;3;4;8;9;10,6,6,0,,,,False,False
65,2;3;4;8;9;10,6,7,0,,,,False,False
65,2;3;4;8;9;10,6,8,0,,,,False,False
65,2;3;4;8;9;10,6,9,0,,,,False,False
65,2;3;4;8;9;10,6,10,0,,,,False,False
65,2;3;5;6;7;8,6,0,44,0.1858568903900939,0.22708496956982502,0.7506525013658502,False,False
65,2;3;5;6;7;8,6,1,44,0.1858568903900939,0.22708496956982502,0.7506525013658502,False,False
65,2;3;5;6;7;8,6,2,42,0.17501743751286344,0.26760445226533736,0.7506525013658502,False,False
65,2;3;5;6;7;8,6,3,38,0.16889142862456974,0.3107530218692724,0.7506525013658502,False,False
65,2;3;5;6;7;8,6,4,36,0.13983287825400223,0.41599143943163386,0.7506525013658502,False,False
65,2;3;5;6;7;8,6,5,0,,,,False,False
65,2;3;5;6;7;8,6,6,0,,,,False,False
65,2;3;5;6;7;8,6,7,0,,,,False,False
65,2;3;5;6;7;8,6,8,0,,,,False,False
65,2;3;5;6;7;8,6,9,0,,,,False,False
65,2;3;5;6;7;8,6,10,0,,,,False,False
65,2;3;5;6;7;9,6,0,44,0.1532541405918316,0.3206171202338788,0.7506525013658502,False,False
65,2;3;5;6;7;9,6,1,44,0.1532541405918316,0.3206171202338788,0.7506525013658502,False,False
65,2;3;5;6;7;9,6,2,42,0.13785063038304066,0.38398338000298443,0.7506525013658502,False,False
65,2;3;5;6;7;9,6,3,40,0.23170577153644123,0.15025558294203367,0.7506525013658502,False,False
65,2;3;5;6;7;9,6,4,36,0.2135075377156352,0.21118556891018433,0.7506525013658502,False,False
65,2;3;5;6;7;9,6,5,0,,,,False,False
65,2;3;5;6;7;9,6,6,0,,,,False,False
65,2;3;5;6;7;9,6,7,0,,,,False,False
65,2;3;5;6;7;9,6,8,0,,,,False,False
65,2;3;5;6;7;9,6,9,0,,,,False,False
65,2;3;5;6;7;9,6,10,0,,,,False,False
65,2;3;5;6;7;10,6,0,43,0.16834706523228843,0.28053389947782204,0.7506525013658502,False,False
65,2;3;5;6;7;10,6,1,43,0.16834706523228843,0.28053389947782204,0.7506525013658502,False,False
65,2;3;5;6;7;10,6,2,42,0.17143901406929185,0.27766319042496285,0.7506525013658502,False,False
65,2;3;5;6;7;10,6,3,40,0.25534729538020007,0.11178135418242101,0.7506525013658502,False,False
65,2;3;5;6;7;10,6,4,35,0.1956442154565624,0.26002228572826797,0.7506525013658502,False,False
65,2;3;5;6;7;10,6,5,0,,,,False,False
65,2;3;5;6;7;10,6,6,0,,,,False,False
65,2;3;5;6;7;10,6,7,0,,,,False,False
65,2;3;5;6;7;10,6,8,0,,,,False,False
65,2;3;5;6;7;10,6,9,0,,,,False,False
65,2;3;5;6;7;10,6,10,0,,,,False,False
65,2;3;5;6;8;9,6,0,44,0.1808356425903615,0.24011044342617757,0.7506525013658502,False,False
65,2;3;5;6;8;9,6,1,44,0.1808356425903615,0.24011044342617757,0.7506525013658502,False,False
65,2;3;5;6;8;9,6,2,42,0.1650954452375059,0.2960957309869552,0.7506525013658502,False,False
65,2;3;5;6;8;9,6,3,40,0.13089363947189056,0.42078183194482305,0.7506525013658502,False,False
65,2;3;5;6;8;9,6,4,36,0.12821241745727072,0.4561452021959316,0.7510354628300103,False,False
65,2;3;5;6;8;9,6,5,0,,,,False,False
65,2;3;5;6;8;9,6,6,0,,,,False,False
65,2;3;5;6;8;9,6,7,0,,,,False,False
65,2;3;5;6;8;9,6,8,0,,,,False,False
65,2;3;5;6;8;9,6,9,0,,,,False,False
65,2;3;5;6;8;9,6,10,0,,,,False,False
65,2;3;5;6;8;10,6,0,43,0.2100928946395751,0.17630392878322484,0.7506525013658502,False,False
65,2;3;5;6;8;10,6,1,43,0.2100928946395751,0.17630392878322484,0.7506525013658502,False,False
65,2;3;5;6;8;10,6,2,42,0.2167386017526863,0.16799069951606085,0.7506525013658502,False,False
65,2;3;5;6;8;10,6,3,40,0.19036508458061438,0.23935779271508753,0.7506525013658502,False,False
65,2;3;5;6;8;10,6,4,35,0.1415735922463685,0.41722738991028074,0.7506525013658502,False,False
65,2;3;5;6;8;10,6,5,0,,,,False,False
65,2;3;5;6;8;10,6,6,0,,,,False,False
65,2;3;5;6;8;10,6,7,0,,,,False,False
65,2;3;5;6;8;10,6,8,0,,,,False,False
65,2;3;5;6;8;10,6,9,0,,,,False,False
65,2;3;5;6;8;10,6,10,0,,,,False,False
65,2;3;5;6;9;10,6,0,43,0.11735805762592924,0.4535637440299568,0.7510354628300103,False,False
65,2;3;5;6;9;10,6,1,43,0.11735805762592924,0.4535637440299568,0.7510354628300103,False,False
65,2;3;5;6;9;10,6,2,42,0.12630208199696882,0.4254345950242282,0.7506525013658502,False,False
65,2;3;5;6;9;10,6,3,41,0.13465755607606544,0.4012465127680006,0.7506525013658502,False,False
65,2;3;5;6;9;10,6,4,36,0.22685721799841357,0.18334362926456826,0.7506525013658502,False,False
65,2;3;5;6;9;10,6,5,0,,,,False,False
65,2;3;5;6;9;10,6,6,0,,,,False,False
65,2;3;5;6;9;10,6,7,0,,,,False,False
65,2;3;5;6;9;10,6,8,0,,,,False,False
65,2;3;5;6;9;10,6,9,0,,,,False,False
65,2;3;5;6;9;10,6,10,0,,,,False,False
65,2;3;5;7;8;9,6,0,44,0.11633736099379925,0.4520281791458869,0.7509923134248312,False,False
65,2;3;5;7;8;9,6,1,44,0.11633736099379925,0.4520281791458869,0.7509923134248312,False,False
65,2;3;5;7;8;9,6,2,42,0.1027170183916108,0.5174322377361267,0.756979384639706,False,False
65,2;3;5;7;8;9,6,3,42,0.1027170183916108,0.5174322377361267,0.756979384639706,False,False
65,2;3;5;7;8;9,6,4,36,0.19212495183929393,0.2616226043603509,0.7506525013658502,False,False
65,2;3;5;7;8;9,6,5,0,,,,False,False
65,2;3;5;7;8;9,6,6,0,,,,False,False
65,2;3;5;7;8;9,6,7,0,,,,False,False
65,2;3;5;7;8;9,6,8,0,,,,False,False
65,2;3;5;7;8;9,6,9,0,,,,False,False
65,2;3;5;7;8;9,6,10,0,,,,False,False
65,2;3;5;7;8;10,6,0,43,0.1345564301766626,0.38964177860679966,0.7506525013658502,False,False
65,2;3;5;7;8;10,6,1,43,0.1345564301766626,0.38964177860679966,0.7506525013658502,False,False
65,2;3;5;7;8;10,6,2,42,0.13638672988339776,0.38910193596808135,0.7506525013658502,False,False
65,2;3;5;7;8;10,6,3,42,0.13638672988339776,0.38910193596808135,0.7506525013658502,False,False
65,2;3;5;7;8;10,6,4,35,0.1817422900464294,0.2960752542871098,0.7506525013658502,False,False
65,2;3;5;7;8;10,6,5,0,,,,False,False
65,2;3;5;7;8;10,6,6,0,,,,False,False
65,2;3;5;7;8;10,6,7,0,,,,False,False
65,2;3;5;7;8;10,6,8,0,,,,False,False
65,2;3;5;7;8;10,6,9,0,,,,False,False
65,2;3;5;7;8;10,6,10,0,,,,False,False
65,2;3;5;7;9;10,6,0,43,0.034927091391577396,0.8240405830549958,0.8965783389491391,False,False
65,2;3;5;7;9;10,6,1,43,0.034927091391577396,0.8240405830549958,0.8965783389491391,False,False
65,2;3;5;7;9;10,6,2,42,0.03724813493535848,0.8148361528297701,0.8913933743608311,False,False
65,2;3;5;7;9;10,6,3,42,0.03724813493535848,0.8148361528297701,0.8913933743608311,False,False
65,2;3;5;7;9;10,6,4,37,0.2238369806955719,0.18293034667811414,0.7506525013658502,False,False
65,2;3;5;7;9;10,6,5,0,,,,False,False
65,2;3;5;7;9;10,6,6,0,,,,False,False
65,2;3;5;7;9;10,6,7,0,,,,False,False
65,2;3;5;7;9;10,6,8,0,,,,False,False
65,2;3;5;7;9;10,6,9,0,,,,False,False
65,2;3;5;7;9;10,6,10,0,,,,False,False
65,2;3;5;8;9;10,6,0,43,0.08830599117757203,0.5733669155910479,0.7712268365394804,False,False
65,2;3;5;8;9;10,6,1,43,0.08830599117757203,0.5733669155910479,0.7712268365394804,False,False
65,2;3;5;8;9;10,6,2,42,0.09706866875815565,0.5408427372568703,0.7614936820923571,False,False
65,2;3;5;8;9;10,6,3,41,0.13857640877737482,0.38755439719589285,0.7506525013658502,False,False
65,2;3;5;8;9;10,6,4,38,0.2135967655660972,0.19787321192495616,0.7506525013658502,False,False
65,2;3;5;8;9;10,6,5,0,,,,False,False
65,2;3;5;8;9;10,6,6,0,,,,False,False
65,2;3;5;8;9;10,6,7,0,,,,False,False
65,2;3;5;8;9;10,6,8,0,,,,False,False
65,2;3;5;8;9;10,6,9,0,,,,False,False
65,2;3;5;8;9;10,6,10,0,,,,False,False
65,2;3;6;7;8;9,6,0,44,0.1359272995927551,0.3789805652871238,0.7506525013658502,False,False
65,2;3;6;7;8;9,6,1,44,0.1359272995927551,0.3789805652871238,0.7506525013658502,False,False
65,2;3;6;7;8;9,6,2,42,0.1301244888571475,0.41144463400830983,0.7506525013658502,False,False
65,2;3;6;7;8;9,6,3,41,0.13904786286784912,0.3859258405678056,0.7506525013658502,False,False
65,2;3;6;7;8;9,6,4,36,0.04893505157734703,0.7768563819502822,0.8706857789309584,False,False
65,2;3;6;7;8;9,6,5,0,,,,False,False
65,2;3;6;7;8;9,6,6,0,,,,False,False
65,2;3;6;7;8;9,6,7,0,,,,False,False
65,2;3;6;7;8;9,6,8,0,,,,False,False
65,2;3;6;7;8;9,6,9,0,,,,False,False
65,2;3;6;7;8;9,6,10,0,,,,False,False
65,2;3;6;7;8;10,6,0,43,0.17031692288127112,0.27486181251040626,0.7506525013658502,False,False
65,2;3;6;7;8;10,6,1,43,0.17031692288127112,0.27486181251040626,0.7506525013658502,False,False
65,2;3;6;7;8;10,6,2,42,0.1805477282892922,0.2525386604072287,0.7506525013658502,False,False
65,2;3;6;7;8;10,6,3,40,0.1421117085853837,0.3817130610818845,0.7506525013658502,False,False
65,2;3;6;7;8;10,6,4,36,0.07759885487595138,0.6528251558525024,0.8045469226958312,False,False
65,2;3;6;7;8;10,6,5,0,,,,False,False
65,2;3;6;7;8;10,6,6,0,,,,False,False
65,2;3;6;7;8;10,6,7,0,,,,False,False
65,2;3;6;7;8;10,6,8,0,,,,False,False
65,2;3;6;7;8;10,6,9,0,,,,False,False
65,2;3;6;7;8;10,6,10,0,,,,False,False
65,2;3;6;7;9;10,6,0,43,0.08849206669276008,0.5725560752256519,0.7712268365394804,False,False
65,2;3;6;7;9;10,6,1,43,0.08849206669276008,0.5725560752256519,0.7712268365394804,False,False
65,2;3;6;7;9;10,6,2,42,0.09466556564357483,0.5509547772678483,0.7653810937938471,False,False
65,2;3;6;7;9;10,6,3,41,0.1282913300799589,0.4240744235633948,0.7506525013658502,False,False
65,2;3;6;7;9;10,6,4,37,0.08663121847228938,0.6101699477751138,0.783770661364737,False,False
65,2;3;6;7;9;10,6,5,0,,,,False,False
65,2;3;6;7;9;10,6,6,0,,,,False,False
65,2;3;6;7;9;10,6,7,0,,,,False,False
65,2;3;6;7;9;10,6,8,0,,,,False,False
65,2;3;6;7;9;10,6,9,0,,,,False,False
65,2;3;6;7;9;10,6,10,0,,,,False,False
65,2;3;6;8;9;10,6,0,43,0.11122119341179092,0.47767769382045233,0.7519074874765345,False,False
65,2;3;6;8;9;10,6,1,43,0.11122119341179092,0.47767769382045233,0.7519074874765345,False,False
65,2;3;6;8;9;10,6,2,42,0.1215037414703615,0.4433686973519151,0.7509923134248312,False,False
65,2;3;6;8;9;10,6,3,41,0.13380077370302462,0.40427676425807574,0.7506525013658502,False,False
65,2;3;6;8;9;10,6,4,37,-0.014615930716285749,0.9315790949294629,0.9630916156431658,False,False
65,2;3;6;8;9;10,6,5,0,,,,False,False
65,2;3;6;8;9;10,6,6,0,,,,False,False
65,2;3;6;8;9;10,6,7,0,,,,False,False
65,2;3;6;8;9;10,6,8,0,,,,False,False
65,2;3;6;8;9;10,6,9,0,,,,False,False
65,2;3;6;8;9;10,6,10,0,,,,False,False
65,2;3;7;8;9;10,6,0,43,0.07485459066134158,0.6333189822505282,0.7962401255239433,False,False
65,2;3;7;8;9;10,6,1,43,0.07485459066134158,0.6333189822505282,0.7962401255239433,False,False
65,2;3;7;8;9;10,6,2,42,0.07766805428660993,0.6249154326843768,0.790538612640059,False,False
65,2;3;7;8;9;10,6,3,41,0.1282913300799589,0.4240744235633948,0.7506525013658502,False,False
65,2;3;7;8;9;10,6,4,39,0.08251325002386493,0.6175097945884667,0.7858634075319972,False,False
65,2;3;7;8;9;10,6,5,0,,,,False,False
65,2;3;7;8;9;10,6,6,0,,,,False,False
65,2;3;7;8;9;10,6,7,0,,,,False,False
65,2;3;7;8;9;10,6,8,0,,,,False,False
65,2;3;7;8;9;10,6,9,0,,,,False,False
65,2;3;7;8;9;10,6,10,0,,,,False,False
65,2;4;5;6;7;8,6,0,44,0.3238351221827397,0.03200107604362949,0.7506525013658502,True,False
65,2;4;5;6;7;8,6,1,44,0.3238351221827397,0.03200107604362949,0.7506525013658502,True,False
65,2;4;5;6;7;8,6,2,42,0.2605742889364379,0.09557736995418835,0.7506525013658502,False,False
65,2;4;5;6;7;8,6,3,38,0.26706368947656284,0.10504111557260278,0.7506525013658502,False,False
65,2;4;5;6;7;8,6,4,36,0.17264573617822646,0.31398128130621994,0.7506525013658502,False,False
65,2;4;5;6;7;8,6,5,0,,,,False,False
65,2;4;5;6;7;8,6,6,0,,,,False,False
65,2;4;5;6;7;8,6,7,0,,,,False,False
65,2;4;5;6;7;8,6,8,0,,,,False,False
65,2;4;5;6;7;8,6,9,0,,,,False,False
65,2;4;5;6;7;8,6,10,0,,,,False,False
65,2;4;5;6;7;9,6,0,44,0.21584293358849566,0.15937627417260491,0.7506525013658502,False,False
65,2;4;5;6;7;9,6,1,44,0.21584293358849566,0.15937627417260491,0.7506525013658502,False,False
65,2;4;5;6;7;9,6,2,43,0.1946370884706341,0.21103898104097352,0.7506525013658502,False,False
65,2;4;5;6;7;9,6,3,39,0.23432164502386843,0.1510576468429473,0.7506525013658502,False,False
65,2;4;5;6;7;9,6,4,36,0.1679802166283074,0.32743512555791926,0.7506525013658502,False,False
65,2;4;5;6;7;9,6,5,0,,,,False,False
65,2;4;5;6;7;9,6,6,0,,,,False,False
65,2;4;5;6;7;9,6,7,0,,,,False,False
65,2;4;5;6;7;9,6,8,0,,,,False,False
65,2;4;5;6;7;9,6,9,0,,,,False,False
65,2;4;5;6;7;9,6,10,0,,,,False,False
65,2;4;5;6;7;10,6,0,43,0.1541792429107592,0.32357016913123615,0.7506525013658502,False,False
65,2;4;5;6;7;10,6,1,43,0.1541792429107592,0.32357016913123615,0.7506525013658502,False,False
65,2;4;5;6;7;10,6,2,43,0.1541792429107592,0.32357016913123615,0.7506525013658502,False,False
65,2;4;5;6;7;10,6,3,39,0.19335347888737428,0.23824879643417846,0.7506525013658502,False,False
65,2;4;5;6;7;10,6,4,35,0.09578689475399138,0.5841288574633379,0.7751789957652375,False,False
65,2;4;5;6;7;10,6,5,0,,,,False,False
65,2;4;5;6;7;10,6,6,0,,,,False,False
65,2;4;5;6;7;10,6,7,0,,,,False,False
65,2;4;5;6;7;10,6,8,0,,,,False,False
65,2;4;5;6;7;10,6,9,0,,,,False,False
65,2;4;5;6;7;10,6,10,0,,,,False,False
65,2;4;5;6;8;9,6,0,44,0.32305718238278114,0.03243970815015827,0.7506525013658502,True,False
65,2;4;5;6;8;9,6,1,44,0.32305718238278114,0.03243970815015827,0.7506525013658502,True,False
65,2;4;5;6;8;9,6,2,43,0.3027519678974908,0.048454406503078126,0.7506525013658502,True,False
65,2;4;5;6;8;9,6,3,38,0.17249203420005074,0.30039811305125036,0.7506525013658502,False,False
65,2;4;5;6;8;9,6,4,37,0.19367580499273912,0.2507354971387284,0.7506525013658502,False,False
65,2;4;5;6;8;9,6,5,0,,,,False,False
65,2;4;5;6;8;9,6,6,0,,,,False,False
65,2;4;5;6;8;9,6,7,0,,,,False,False
65,2;4;5;6;8;9,6,8,0,,,,False,False
65,2;4;5;6;8;9,6,9,0,,,,False,False
65,2;4;5;6;8;9,6,10,0,,,,False,False
65,2;4;5;6;8;10,6,0,43,0.2702493166892767,0.07965344754386429,0.7506525013658502,False,False
65,2;4;5;6;8;10,6,1,43,0.2702493166892767,0.07965344754386429,0.7506525013658502,False,False
65,2;4;5;6;8;10,6,2,43,0.2702493166892767,0.07965344754386429,0.7506525013658502,False,False
65,2;4;5;6;8;10,6,3,38,0.16481109120132073,0.3227567918875345,0.7506525013658502,False,False
65,2;4;5;6;8;10,6,4,36,0.12271008602802191,0.4758593396819338,0.7513306618470189,False,False
65,2;4;5;6;8;10,6,5,0,,,,False,False
65,2;4;5;6;8;10,6,6,0,,,,False,False
65,2;4;5;6;8;10,6,7,0,,,,False,False
65,2;4;5;6;8;10,6,8,0,,,,False,False
65,2;4;5;6;8;10,6,9,0,,,,False,False
65,2;4;5;6;8;10,6,10,0,,,,False,False
65,2;4;5;6;9;10,6,0,43,0.2222908593121216,0.15194308315254249,0.7506525013658502,False,False
65,2;4;5;6;9;10,6,1,43,0.2222908593121216,0.15194308315254249,0.7506525013658502,False,False
65,2;4;5;6;9;10,6,2,43,0.2222908593121216,0.15194308315254249,0.7506525013658502,False,False
65,2;4;5;6;9;10,6,3,40,0.2092792625344965,0.19496382517910338,0.7506525013658502,False,False
65,2;4;5;6;9;10,6,4,36,0.16294468361639042,0.342350577817392,0.7506525013658502,False,False
65,2;4;5;6;9;10,6,5,0,,,,False,False
65,2;4;5;6;9;10,6,6,0,,,,False,False
65,2;4;5;6;9;10,6,7,0,,,,False,False
65,2;4;5;6;9;10,6,8,0,,,,False,False
65,2;4;5;6;9;10,6,9,0,,,,False,False
65,2;4;5;6;9;10,6,10,0,,,,False,False
65,2;4;5;7;8;9,6,0,44,0.1422215397924196,0.357089339992183,0.7506525013658502,False,False
65,2;4;5;7;8;9,6,1,44,0.1422215397924196,0.357089339992183,0.7506525013658502,False,False
65,2;4;5;7;8;9,6,2,43,0.12000978907648284,0.4433526206577684,0.7509923134248312,False,False
65,2;4;5;7;8;9,6,3,40,0.09769003543816442,0.5487119341115732,0.7642468984047789,False,False
65,2;4;5;7;8;9,6,4,37,0.1820243446555455,0.2809230795720451,0.7506525013658502,False,False
65,2;4;5;7;8;9,6,5,0,,,,False,False
65,2;4;5;7;8;9,6,6,0,,,,False,False
65,2;4;5;7;8;9,6,7,0,,,,False,False
65,2;4;5;7;8;9,6,8,0,,,,False,False
65,2;4;5;7;8;9,6,9,0,,,,False,False
65,2;4;5;7;8;9,6,10,0,,,,False,False
65,2;4;5;7;8;10,6,0,43,0.12569207075624056,0.4219035092066122,0.7506525013658502,False,False
65,2;4;5;7;8;10,6,1,43,0.12569207075624056,0.4219035092066122,0.7506525013658502,False,False
65,2;4;5;7;8;10,6,2,43,0.12569207075624056,0.4219035092066122,0.7506525013658502,False,False
65,2;4;5;7;8;10,6,3,40,0.1270535142981907,0.4346553994554646,0.7509041397983071,False,False
65,2;4;5;7;8;10,6,4,36,0.14077466230974964,0.4128270707219382,0.7506525013658502,False,False
65,2;4;5;7;8;10,6,5,0,,,,False,False
65,2;4;5;7;8;10,6,6,0,,,,False,False
65,2;4;5;7;8;10,6,7,0,,,,False,False
65,2;4;5;7;8;10,6,8,0,,,,False,False
65,2;4;5;7;8;10,6,9,0,,,,False,False
65,2;4;5;7;8;10,6,10,0,,,,False,False
65,2;4;5;7;9;10,6,0,43,0.04591283597244229,0.7700166559636006,0.8671333304462692,False,False
65,2;4;5;7;9;10,6,1,43,0.04591283597244229,0.7700166559636006,0.8671333304462692,False,False
65,2;4;5;7;9;10,6,2,43,0.04591283597244229,0.7700166559636006,0.8671333304462692,False,False
65,2;4;5;7;9;10,6,3,41,0.053121555383064296,0.741507352404606,0.8500557093353476,False,False
65,2;4;5;7;9;10,6,4,37,0.14779666667937283,0.38268272853067514,0.7506525013658502,False,False
65,2;4;5;7;9;10,6,5,0,,,,False,False
65,2;4;5;7;9;10,6,6,0,,,,False,False
65,2;4;5;7;9;10,6,7,0,,,,False,False
65,2;4;5;7;9;10,6,8,0,,,,False,False
65,2;4;5;7;9;10,6,9,0,,,,False,False
65,2;4;5;7;9;10,6,10,0,,,,False,False
65,2;4;5;8;9;10,6,0,43,0.12016131658794305,0.442772974907417,0.7509923134248312,False,False
65,2;4;5;8;9;10,6,1,43,0.12016131658794305,0.442772974907417,0.7509923134248312,False,False
65,2;4;5;8;9;10,6,2,42,0.17478636919019586,0.2682465972224558,0.7506525013658502,False,False
65,2;4;5;8;9;10,6,3,41,0.1801589592103266,0.25967557982610184,0.7506525013658502,False,False
65,2;4;5;8;9;10,6,4,38,0.1345262302348996,0.42067921055737206,0.7506525013658502,False,False
65,2;4;5;8;9;10,6,5,0,,,,False,False
65,2;4;5;8;9;10,6,6,0,,,,False,False
65,2;4;5;8;9;10,6,7,0,,,,False,False
65,2;4;5;8;9;10,6,8,0,,,,False,False
65,2;4;5;8;9;10,6,9,0,,,,False,False
65,2;4;5;8;9;10,6,10,0,,,,False,False
65,2;4;6;7;8;9,6,0,44,0.21867180558834484,0.15384752960952625,0.7506525013658502,False,False
65,2;4;6;7;8;9,6,1,44,0.21867180558834484,0.15384752960952625,0.7506525013658502,False,False
65,2;4;6;7;8;9,6,2,43,0.20585012431868935,0.1854008352902386,0.7506525013658502,False,False
65,2;4;6;7;8;9,6,3,41,0.20218783581790387,0.20489154962528375,0.7506525013658502,False,False
65,2;4;6;7;8;9,6,4,35,0.11587124365402184,0.5074290924911229,0.7558559619392049,False,False
65,2;4;6;7;8;9,6,5,0,,,,False,False
65,2;4;6;7;8;9,6,6,0,,,,False,False
65,2;4;6;7;8;9,6,7,0,,,,False,False
65,2;4;6;7;8;9,6,8,0,,,,False,False
65,2;4;6;7;8;9,6,9,0,,,,False,False
65,2;4;6;7;8;9,6,10,0,,,,False,False
65,2;4;6;7;8;10,6,0,43,0.24562609607699332,0.11236628075456308,0.7506525013658502,False,False
65,2;4;6;7;8;10,6,1,43,0.24562609607699332,0.11236628075456308,0.7506525013658502,False,False
65,2;4;6;7;8;10,6,2,43,0.24562609607699332,0.11236628075456308,0.7506525013658502,False,False
65,2;4;6;7;8;10,6,3,40,0.20563846573447905,0.20302263730533193,0.7506525013658502,False,False
65,2;4;6;7;8;10,6,4,35,0.14789384190022423,0.39652009949113387,0.7506525013658502,False,False
65,2;4;6;7;8;10,6,5,0,,,,False,False
65,2;4;6;7;8;10,6,6,0,,,,False,False
65,2;4;6;7;8;10,6,7,0,,,,False,False
65,2;4;6;7;8;10,6,8,0,,,,False,False
65,2;4;6;7;8;10,6,9,0,,,,False,False
65,2;4;6;7;8;10,6,10,0,,,,False,False
65,2;4;6;7;9;10,6,0,43,0.1459967572919081,0.3502148418188345,0.7506525013658502,False,False
65,2;4;6;7;9;10,6,1,43,0.1459967572919081,0.3502148418188345,0.7506525013658502,False,False
65,2;4;6;7;9;10,6,2,43,0.1459967572919081,0.3502148418188345,0.7506525013658502,False,False
65,2;4;6;7;9;10,6,3,42,0.14118507041000505,0.3724734243361291,0.7506525013658502,False,False
65,2;4;6;7;9;10,6,4,35,0.1634584932298722,0.3481186310880428,0.7506525013658502,False,False
65,2;4;6;7;9;10,6,5,0,,,,False,False
65,2;4;6;7;9;10,6,6,0,,,,False,False
65,2;4;6;7;9;10,6,7,0,,,,False,False
65,2;4;6;7;9;10,6,8,0,,,,False,False
65,2;4;6;7;9;10,6,9,0,,,,False,False
65,2;4;6;7;9;10,6,10,0,,,,False,False
65,2;4;6;8;9;10,6,0,43,0.22895806981637068,0.13971981880524967,0.7506525013658502,False,False
65,2;4;6;8;9;10,6,1,43,0.22895806981637068,0.13971981880524967,0.7506525013658502,False,False
65,2;4;6;8;9;10,6,2,43,0.22895806981637068,0.13971981880524967,0.7506525013658502,False,False
65,2;4;6;8;9;10,6,3,41,0.23939648314078316,0.13168315222888488,0.7506525013658502,False,False
65,2;4;6;8;9;10,6,4,36,0.08684461639663459,0.6145202860288794,0.7848162741636515,False,False
65,2;4;6;8;9;10,6,5,0,,,,False,False
65,2;4;6;8;9;10,6,6,0,,,,False,False
65,2;4;6;8;9;10,6,7,0,,,,False,False
65,2;4;6;8;9;10,6,8,0,,,,False,False
65,2;4;6;8;9;10,6,9,0,,,,False,False
65,2;4;6;8;9;10,6,10,0,,,,False,False
65,2;4;7;8;9;10,6,0,43,0.06045947707262204,0.7001415040112469,0.8274402033540069,False,False
65,2;4;7;8;9;10,6,1,43,0.06045947707262204,0.7001415040112469,0.8274402033540069,False,False
65,2;4;7;8;9;10,6,2,43,0.06045947707262204,0.7001415040112469,0.8274402033540069,False,False
65,2;4;7;8;9;10,6,3,41,0.056354281615257344,0.7263667864385692,0.8410096999454096,False,False
65,2;4;7;8;9;10,6,4,38,0.11095307708256776,0.507224762272366,0.7558559619392049,False,False
65,2;4;7;8;9;10,6,5,0,,,,False,False
65,2;4;7;8;9;10,6,6,0,,,,False,False
65,2;4;7;8;9;10,6,7,0,,,,False,False
65,2;4;7;8;9;10,6,8,0,,,,False,False
65,2;4;7;8;9;10,6,9,0,,,,False,False
65,2;4;7;8;9;10,6,10,0,,,,False,False
65,2;5;6;7;8;9,6,0,44,0.10205155739456069,0.509786640555871,0.7558820499480365,False,False
65,2;5;6;7;8;9,6,1,44,0.10205155739456069,0.509786640555871,0.7558820499480365,False,False
65,2;5;6;7;8;9,6,2,43,0.0756122282186426,0.6298748844068416,0.7946850307889152,False,False
65,2;5;6;7;8;9,6,3,41,0.013030271425980828,0.9355552352176051,0.9655885800049787,False,False
65,2;5;6;7;8;9,6,4,36,0.04041338032641062,0.8149708455837884,0.8913933743608311,False,False
65,2;5;6;7;8;9,6,5,0,,,,False,False
65,2;5;6;7;8;9,6,6,0,,,,False,False
65,2;5;6;7;8;9,6,7,0,,,,False,False
65,2;5;6;7;8;9,6,8,0,,,,False,False
65,2;5;6;7;8;9,6,9,0,,,,False,False
65,2;5;6;7;8;9,6,10,0,,,,False,False
65,2;5;6;7;8;10,6,0,43,0.14486030095595656,0.3540185414146826,0.7506525013658502,False,False
65,2;5;6;7;8;10,6,1,43,0.14486030095595656,0.3540185414146826,0.7506525013658502,False,False
65,2;5;6;7;8;10,6,2,43,0.14486030095595656,0.3540185414146826,0.7506525013658502,False,False
65,2;5;6;7;8;10,6,3,41,0.07984320679141274,0.6197328545930652,0.7867367071223805,False,False
65,2;5;6;7;8;10,6,4,35,0.06601149638471547,0.7063536839885937,0.831447909983779,False,False
65,2;5;6;7;8;10,6,5,0,,,,False,False
65,2;5;6;7;8;10,6,6,0,,,,False,False
65,2;5;6;7;8;10,6,7,0,,,,False,False
65,2;5;6;7;8;10,6,8,0,,,,False,False
65,2;5;6;7;8;10,6,9,0,,,,False,False
65,2;5;6;7;8;10,6,10,0,,,,False,False
65,2;5;6;7;9;10,6,0,43,0.012425255939736861,0.9369690588427132,0.9662247655650137,False,False
65,2;5;6;7;9;10,6,1,43,0.012425255939736861,0.9369690588427132,0.9662247655650137,False,False
65,2;5;6;7;9;10,6,2,43,0.012425255939736861,0.9369690588427132,0.9662247655650137,False,False
65,2;5;6;7;9;10,6,3,42,0.014639004996429098,0.9266874374443398,0.9599731750793558,False,False
65,2;5;6;7;9;10,6,4,36,0.09589745338075141,0.5779625260384471,0.7726120583207773,False,False
65,2;5;6;7;9;10,6,5,0,,,,False,False
65,2;5;6;7;9;10,6,6,0,,,,False,False
65,2;5;6;7;9;10,6,7,0,,,,False,False
65,2;5;6;7;9;10,6,8,0,,,,False,False
65,2;5;6;7;9;10,6,9,0,,,,False,False
65,2;5;6;7;9;10,6,10,0,,,,False,False
65,2;5;6;8;9;10,6,0,43,0.03204806867383349,0.8383433896047556,0.9049276827169238,False,False
65,2;5;6;8;9;10,6,1,43,0.03204806867383349,0.8383433896047556,0.9049276827169238,False,False
65,2;5;6;8;9;10,6,2,43,0.03204806867383349,0.8383433896047556,0.9049276827169238,False,False
65,2;5;6;8;9;10,6,3,41,0.08055604286708104,0.6166007675736671,0.7853573533495826,False,False
65,2;5;6;8;9;10,6,4,37,-0.02354210927652978,0.8899993326062668,0.9366568271715432,False,False
65,2;5;6;8;9;10,6,5,0,,,,False,False
65,2;5;6;8;9;10,6,6,0,,,,False,False
65,2;5;6;8;9;10,6,7,0,,,,False,False
65,2;5;6;8;9;10,6,8,0,,,,False,False
65,2;5;6;8;9;10,6,9,0,,,,False,False
65,2;5;6;8;9;10,6,10,0,,,,False,False
65,2;5;7;8;9;10,6,0,43,-0.00894012317615213,0.954626525652474,0.9743326145983874,False,False
65,2;5;7;8;9;10,6,1,43,-0.00894012317615213,0.954626525652474,0.9743326145983874,False,False
65,2;5;7;8;9;10,6,2,43,-0.00894012317615213,0.954626525652474,0.9743326145983874,False,False
65,2;5;7;8;9;10,6,3,41,0.02446387418956908,0.8793261353566124,0.929474912973502,False,False
65,2;5;7;8;9;10,6,4,39,0.019095135263386,0.90814420740922,0.9479574963661577,False,False
65,2;5;7;8;9;10,6,5,0,,,,False,False
65,2;5;7;8;9;10,6,6,0,,,,False,False
65,2;5;7;8;9;10,6,7,0,,,,False,False
65,2;5;7;8;9;10,6,8,0,,,,False,False
65,2;5;7;8;9;10,6,9,0,,,,False,False
65,2;5;7;8;9;10,6,10,0,,,,False,False
65,2;6;7;8;9;10,6,0,43,0.05500448666005464,0.7260944304939023,0.8410096999454096,False,False
65,2;6;7;8;9;10,6,1,43,0.05500448666005464,0.7260944304939023,0.8410096999454096,False,False
65,2;6;7;8;9;10,6,2,43,0.05500448666005464,0.7260944304939023,0.8410096999454096,False,False
65,2;6;7;8;9;10,6,3,41,0.06130349174236619,0.703386469287041,0.8296664901747873,False,False
65,2;6;7;8;9;10,6,4,38,-0.0188762900674596,0.9104395778488011,0.9497079855196444,False,False
65,2;6;7;8;9;10,6,5,0,,,,False,False
65,2;6;7;8;9;10,6,6,0,,,,False,False
65,2;6;7;8;9;10,6,7,0,,,,False,False
65,2;6;7;8;9;10,6,8,0,,,,False,False
65,2;6;7;8;9;10,6,9,0,,,,False,False
65,2;6;7;8;9;10,6,10,0,,,,False,False
65,3;4;5;6;7;8,6,0,44,0.24208072138709716,0.11337489248290347,0.7506525013658502,False,False
65,3;4;5;6;7;8,6,1,44,0.24208072138709716,0.11337489248290347,0.7506525013658502,False,False
65,3;4;5;6;7;8,6,2,43,0.24594689261031266,0.11188299566774153,0.7506525013658502,False,False
65,3;4;5;6;7;8,6,3,38,0.2554235780108902,0.12168508446695307,0.7506525013658502,False,False
65,3;4;5;6;7;8,6,4,37,0.2263712294083335,0.1778942490163326,0.7506525013658502,False,False
65,3;4;5;6;7;8,6,5,0,,,,False,False
65,3;4;5;6;7;8,6,6,0,,,,False,False
65,3;4;5;6;7;8,6,7,0,,,,False,False
65,3;4;5;6;7;8,6,8,0,,,,False,False
65,3;4;5;6;7;8,6,9,0,,,,False,False
65,3;4;5;6;7;8,6,10,0,,,,False,False
65,3;4;5;6;7;9,6,0,44,0.18514967239013155,0.22888954604355632,0.7506525013658502,False,False
65,3;4;5;6;7;9,6,1,44,0.18514967239013155,0.22888954604355632,0.7506525013658502,False,False
65,3;4;5;6;7;9,6,2,43,0.19304367811354894,0.21487318327380206,0.7506525013658502,False,False
65,3;4;5;6;7;9,6,3,40,0.2891612677304368,0.07034170698923603,0.7506525013658502,False,False
65,3;4;5;6;7;9,6,4,37,0.24608977994600886,0.14204575424422003,0.7506525013658502,False,False
65,3;4;5;6;7;9,6,5,0,,,,False,False
65,3;4;5;6;7;9,6,6,0,,,,False,False
65,3;4;5;6;7;9,6,7,0,,,,False,False
65,3;4;5;6;7;9,6,8,0,,,,False,False
65,3;4;5;6;7;9,6,9,0,,,,False,False
65,3;4;5;6;7;9,6,10,0,,,,False,False
65,3;4;5;6;7;10,6,0,44,0.2104680767887821,0.17027742015659814,0.7506525013658502,False,False
65,3;4;5;6;7;10,6,1,44,0.2104680767887821,0.17027742015659814,0.7506525013658502,False,False
65,3;4;5;6;7;10,6,2,42,0.17989710584500646,0.2542809612899334,0.7506525013658502,False,False
65,3;4;5;6;7;10,6,3,40,0.24272592408512564,0.13126680010380232,0.7506525013658502,False,False
65,3;4;5;6;7;10,6,4,36,0.17249928471592518,0.3143982417056803,0.7506525013658502,False,False
65,3;4;5;6;7;10,6,5,0,,,,False,False
65,3;4;5;6;7;10,6,6,0,,,,False,False
65,3;4;5;6;7;10,6,7,0,,,,False,False
65,3;4;5;6;7;10,6,8,0,,,,False,False
65,3;4;5;6;7;10,6,9,0,,,,False,False
65,3;4;5;6;7;10,6,10,0,,,,False,False
65,3;4;5;6;8;9,6,0,44,0.24872857058674286,0.10350750832584024,0.7506525013658502,False,False
65,3;4;5;6;8;9,6,1,44,0.24872857058674286,0.10350750832584024,0.7506525013658502,False,False
65,3;4;5;6;8;9,6,2,43,0.25079761714869786,0.10476625991972881,0.7506525013658502,False,False
65,3;4;5;6;8;9,6,3,40,0.2326161587164008,0.1486146945242987,0.7506525013658502,False,False
65,3;4;5;6;8;9,6,4,37,0.15301458626498174,0.36591792792655015,0.7506525013658502,False,False
65,3;4;5;6;8;9,6,5,0,,,,False,False
65,3;4;5;6;8;9,6,6,0,,,,False,False
65,3;4;5;6;8;9,6,7,0,,,,False,False
65,3;4;5;6;8;9,6,8,0,,,,False,False
65,3;4;5;6;8;9,6,9,0,,,,False,False
65,3;4;5;6;8;9,6,10,0,,,,False,False
65,3;4;5;6;8;10,6,0,44,0.27355192238541975,0.07237608710225586,0.7506525013658502,False,False
65,3;4;5;6;8;10,6,1,44,0.27355192238541975,0.07237608710225586,0.7506525013658502,False,False
65,3;4;5;6;8;10,6,2,42,0.25374275327143764,0.1049156129076479,0.7506525013658502,False,False
65,3;4;5;6;8;10,6,3,40,0.2583996649818918,0.1074162055921992,0.7506525013658502,False,False
65,3;4;5;6;8;10,6,4,36,0.16000053278101703,0.35126032327491474,0.7506525013658502,False,False
65,3;4;5;6;8;10,6,5,0,,,,False,False
65,3;4;5;6;8;10,6,6,0,,,,False,False
65,3;4;5;6;8;10,6,7,0,,,,False,False
65,3;4;5;6;8;10,6,8,0,,,,False,False
65,3;4;5;6;8;10,6,9,0,,,,False,False
65,3;4;5;6;8;10,6,10,0,,,,False,False
65,3;4;5;6;9;10,6,0,44,0.2081342573889065,0.1751747748658629,0.7506525013658502,False,False
65,3;4;5;6;9;10,6,1,44,0.2081342573889065,0.1751747748658629,0.7506525013658502,False,False
65,3;4;5;6;9;10,6,2,42,0.18005976145607788,0.25384463378350874,0.7506525013658502,False,False
65,3;4;5;6;9;10,6,3,41,0.2095061716612031,0.18862652314069525,0.7506525013658502,False,False
65,3;4;5;6;9;10,6,4,37,0.18059763522650138,0.2847750316958346,0.7506525013658502,False,False
65,3;4;5;6;9;10,6,5,0,,,,False,False
65,3;4;5;6;9;10,6,6,0,,,,False,False
65,3;4;5;6;9;10,6,7,0,,,,False,False
65,3;4;5;6;9;10,6,8,0,,,,False,False
65,3;4;5;6;9;10,6,9,0,,,,False,False
65,3;4;5;6;9;10,6,10,0,,,,False,False
65,3;4;5;7;8;9,6,0,44,0.1275114053932037,0.40946233939863724,0.7506525013658502,False,False
65,3;4;5;7;8;9,6,1,44,0.1275114053932037,0.40946233939863724,0.7506525013658502,False,False
65,3;4;5;7;8;9,6,2,43,0.13081797739457618,0.40306771921620826,0.7506525013658502,False,False
65,3;4;5;7;8;9,6,3,42,0.10979253747321822,0.48883640428595443,0.7546926442645433,False,False
65,3;4;5;7;8;9,6,4,37,0.16954063715140943,0.3157809196428119,0.7506525013658502,False,False
65,3;4;5;7;8;9,6,5,0,,,,False,False
65,3;4;5;7;8;9,6,6,0,,,,False,False
65,3;4;5;7;8;9,6,7,0,,,,False,False
65,3;4;5;7;8;9,6,8,0,,,,False,False
65,3;4;5;7;8;9,6,9,0,,,,False,False
65,3;4;5;7;8;9,6,10,0,,,,False,False
65,3;4;5;7;8;10,6,0,44,0.17807749239050855,0.2474770897218195,0.7506525013658502,False,False
65,3;4;5;7;8;10,6,1,44,0.17807749239050855,0.2474770897218195,0.7506525013658502,False,False
65,3;4;5;7;8;10,6,2,42,0.15655602565625562,0.3221240776157887,0.7506525013658502,False,False
65,3;4;5;7;8;10,6,3,42,0.15655602565625562,0.3221240776157887,0.7506525013658502,False,False
65,3;4;5;7;8;10,6,4,36,0.19974260060081803,0.2428165493898805,0.7506525013658502,False,False
65,3;4;5;7;8;10,6,5,0,,,,False,False
65,3;4;5;7;8;10,6,6,0,,,,False,False
65,3;4;5;7;8;10,6,7,0,,,,False,False
65,3;4;5;7;8;10,6,8,0,,,,False,False
65,3;4;5;7;8;10,6,9,0,,,,False,False
65,3;4;5;7;8;10,6,10,0,,,,False,False
65,3;4;5;7;9;10,6,0,44,0.1136499325939425,0.46261315302056955,0.7510354628300103,False,False
65,3;4;5;7;9;10,6,1,44,0.1136499325939425,0.46261315302056955,0.7510354628300103,False,False
65,3;4;5;7;9;10,6,2,42,0.08693942411768169,0.5840581663252598,0.7751789957652375,False,False
65,3;4;5;7;9;10,6,3,42,0.08693942411768169,0.5840581663252598,0.7751789957652375,False,False
65,3;4;5;7;9;10,6,4,38,0.1650479955934514,0.32205204021871164,0.7506525013658502,False,False
65,3;4;5;7;9;10,6,5,0,,,,False,False
65,3;4;5;7;9;10,6,6,0,,,,False,False
65,3;4;5;7;9;10,6,7,0,,,,False,False
65,3;4;5;7;9;10,6,8,0,,,,False,False
65,3;4;5;7;9;10,6,9,0,,,,False,False
65,3;4;5;7;9;10,6,10,0,,,,False,False
65,3;4;5;8;9;10,6,0,44,0.12850603872221456,0.40578837808556717,0.7506525013658502,False,False
65,3;4;5;8;9;10,6,1,44,0.12850603872221456,0.40578837808556717,0.7506525013658502,False,False
65,3;4;5;8;9;10,6,2,42,0.10060657164125558,0.526119911014221,0.7595331817189964,False,False
65,3;4;5;8;9;10,6,3,41,0.14377520847614772,0.36981912858015853,0.7506525013658502,False,False
65,3;4;5;8;9;10,6,4,39,0.17779639115768153,0.27886652829559755,0.7506525013658502,False,False
65,3;4;5;8;9;10,6,5,0,,,,False,False
65,3;4;5;8;9;10,6,6,0,,,,False,False
65,3;4;5;8;9;10,6,7,0,,,,False,False
65,3;4;5;8;9;10,6,8,0,,,,False,False
65,3;4;5;8;9;10,6,9,0,,,,False,False
65,3;4;5;8;9;10,6,10,0,,,,False,False
65,3;4;6;7;8;9,6,0,44,0.1773702743905462,0.24939027235257083,0.7506525013658502,False,False
65,3;4;6;7;8;9,6,1,44,0.1773702743905462,0.24939027235257083,0.7506525013658502,False,False
65,3;4;6;7;8;9,6,2,43,0.1802347336293755,0.2474549966422489,0.7506525013658502,False,False
65,3;4;6;7;8;9,6,3,42,0.16615270670947024,0.29297020144173125,0.7506525013658502,False,False
65,3;4;6;7;8;9,6,4,36,0.17224105225377562,0.31513429929607795,0.7506525013658502,False,False
65,3;4;6;7;8;9,6,5,0,,,,False,False
65,3;4;6;7;8;9,6,6,0,,,,False,False
65,3;4;6;7;8;9,6,7,0,,,,False,False
65,3;4;6;7;8;9,6,8,0,,,,False,False
65,3;4;6;7;8;9,6,9,0,,,,False,False
65,3;4;6;7;8;9,6,10,0,,,,False,False
65,3;4;6;7;8;10,6,0,44,0.2007084683893023,0.19142955492934396,0.7506525013658502,False,False
65,3;4;6;7;8;10,6,1,44,0.2007084683893023,0.19142955492934396,0.7506525013658502,False,False
65,3;4;6;7;8;10,6,2,42,0.1854273966214352,0.23972661187089206,0.7506525013658502,False,False
65,3;4;6;7;8;10,6,3,41,0.1741303616421828,0.27622355906279106,0.7506525013658502,False,False
65,3;4;6;7;8;10,6,4,36,0.19264141676359312,0.2603180366479714,0.7506525013658502,False,False
65,3;4;6;7;8;10,6,5,0,,,,False,False
65,3;4;6;7;8;10,6,6,0,,,,False,False
65,3;4;6;7;8;10,6,7,0,,,,False,False
65,3;4;6;7;8;10,6,8,0,,,,False,False
65,3;4;6;7;8;10,6,9,0,,,,False,False
65,3;4;6;7;8;10,6,10,0,,,,False,False
65,3;4;6;7;9;10,6,0,44,0.15686095239163939,0.3092220292480558,0.7506525013658502,False,False
65,3;4;6;7;9;10,6,1,44,0.15686095239163939,0.3092220292480558,0.7506525013658502,False,False
65,3;4;6;7;9;10,6,2,42,0.1337029123007191,0.39858902558658205,0.7506525013658502,False,False
65,3;4;6;7;9;10,6,3,42,0.1337029123007191,0.39858902558658205,0.7506525013658502,False,False
65,3;4;6;7;9;10,6,4,37,0.17885538648880625,0.2895250235655179,0.7506525013658502,False,False
65,3;4;6;7;9;10,6,5,0,,,,False,False
65,3;4;6;7;9;10,6,6,0,,,,False,False
65,3;4;6;7;9;10,6,7,0,,,,False,False
65,3;4;6;7;9;10,6,8,0,,,,False,False
65,3;4;6;7;9;10,6,9,0,,,,False,False
65,3;4;6;7;9;10,6,10,0,,,,False,False
65,3;4;6;8;9;10,6,0,44,0.2125190089886728,0.16605597832373184,0.7506525013658502,False,False
65,3;4;6;8;9;10,6,1,44,0.2125190089886728,0.16605597832373184,0.7506525013658502,False,False
65,3;4;6;8;9;10,6,2,42,0.19591868353554273,0.2136934503883434,0.7506525013658502,False,False
65,3;4;6;8;9;10,6,3,42,0.19591868353554273,0.2136934503883434,0.7506525013658502,False,False
65,3;4;6;8;9;10,6,4,37,0.13558355241692716,0.42364080219066336,0.7506525013658502,False,False
65,3;4;6;8;9;10,6,5,0,,,,False,False
65,3;4;6;8;9;10,6,6,0,,,,False,False
65,3;4;6;8;9;10,6,7,0,,,,False,False
65,3;4;6;8;9;10,6,8,0,,,,False,False
65,3;4;6;8;9;10,6,9,0,,,,False,False
65,3;4;6;8;9;10,6,10,0,,,,False,False
65,3;4;7;8;9;10,6,0,44,0.10219300099455313,0.509197114914059,0.7558559619392049,False,False
65,3;4;7;8;9;10,6,1,44,0.10219300099455313,0.509197114914059,0.7558559619392049,False,False
65,3;4;7;8;9;10,6,2,42,0.08189710017446722,0.6061310272686058,0.7816886922645369,False,False
65,3;4;7;8;9;10,6,3,42,0.08189710017446722,0.6061310272686058,0.7816886922645369,False,False
65,3;4;7;8;9;10,6,4,39,0.11255497450979852,0.4951068048689331,0.7558129676892907,False,False
65,3;4;7;8;9;10,6,5,0,,,,False,False
65,3;4;7;8;9;10,6,6,0,,,,False,False
65,3;4;7;8;9;10,6,7,0,,,,False,False
65,3;4;7;8;9;10,6,8,0,,,,False,False
65,3;4;7;8;9;10,6,9,0,,,,False,False
65,3;4;7;8;9;10,6,10,0,,,,False,False
65,3;5;6;7;8;9,6,0,44,0.06393250719659241,0.6801239772119272,0.8176938320739783,False,False
65,3;5;6;7;8;9,6,1,44,0.06393250719659241,0.6801239772119272,0.8176938320739783,False,False
65,3;5;6;7;8;9,6,2,43,0.07018392066476103,0.6547180990492745,0.8051918483402789,False,False
65,3;5;6;7;8;9,6,3,42,0.04782074965500171,0.7636179542655561,0.8638740878871674,False,False
65,3;5;6;7;8;9,6,4,37,0.1076940284579971,0.525791968054642,0.7595331817189964,False,False
65,3;5;6;7;8;9,6,5,0,,,,False,False
65,3;5;6;7;8;9,6,6,0,,,,False,False
65,3;5;6;7;8;9,6,7,0,,,,False,False
65,3;5;6;7;8;9,6,8,0,,,,False,False
65,3;5;6;7;8;9,6,9,0,,,,False,False
65,3;5;6;7;8;9,6,10,0,,,,False,False
65,3;5;6;7;8;10,6,0,44,0.1669034479911041,0.27887148684643404,0.7506525013658502,False,False
65,3;5;6;7;8;10,6,1,44,0.1669034479911041,0.27887148684643404,0.7506525013658502,False,False
65,3;5;6;7;8;10,6,2,42,0.1460647387421481,0.3560051802945795,0.7506525013658502,False,False
65,3;5;6;7;8;10,6,3,42,0.1460647387421481,0.3560051802945795,0.7506525013658502,False,False
65,3;5;6;7;8;10,6,4,36,0.17766393395891694,0.29990415364940337,0.7506525013658502,False,False
65,3;5;6;7;8;10,6,5,0,,,,False,False
65,3;5;6;7;8;10,6,6,0,,,,False,False
65,3;5;6;7;8;10,6,7,0,,,,False,False
65,3;5;6;7;8;10,6,8,0,,,,False,False
65,3;5;6;7;8;10,6,9,0,,,,False,False
65,3;5;6;7;8;10,6,10,0,,,,False,False
65,3;5;6;7;9;10,6,0,44,0.07991563399574052,0.6060879458803518,0.7816886922645369,False,False
65,3;5;6;7;9;10,6,1,44,0.07991563399574052,0.6060879458803518,0.7816886922645369,False,False
65,3;5;6;7;9;10,6,2,42,0.052863073598216175,0.7395226624361433,0.8492682073771566,False,False
65,3;5;6;7;9;10,6,3,42,0.052863073598216175,0.7395226624361433,0.8492682073771566,False,False
65,3;5;6;7;9;10,6,4,38,0.2224079381313433,0.17956482243420072,0.7506525013658502,False,False
65,3;5;6;7;9;10,6,5,0,,,,False,False
65,3;5;6;7;9;10,6,6,0,,,,False,False
65,3;5;6;7;9;10,6,7,0,,,,False,False
65,3;5;6;7;9;10,6,8,0,,,,False,False
65,3;5;6;7;9;10,6,9,0,,,,False,False
65,3;5;6;7;9;10,6,10,0,,,,False,False
65,3;5;6;8;9;10,6,0,44,0.10374888059447022,0.5027351223131504,0.7558559619392049,False,False
65,3;5;6;8;9;10,6,1,44,0.10374888059447022,0.5027351223131504,0.7558559619392049,False,False
65,3;5;6;8;9;10,6,2,42,0.07913195478625284,0.6183857667949717,0.7861638587378955,False,False
65,3;5;6;8;9;10,6,3,42,0.07913195478625284,0.6183857667949717,0.7861638587378955,False,False
65,3;5;6;8;9;10,6,4,38,0.17973406617028187,0.2802459909195234,0.7506525013658502,False,False
65,3;5;6;8;9;10,6,5,0,,,,False,False
65,3;5;6;8;9;10,6,6,0,,,,False,False
65,3;5;6;8;9;10,6,7,0,,,,False,False
65,3;5;6;8;9;10,6,8,0,,,,False,False
65,3;5;6;8;9;10,6,9,0,,,,False,False
65,3;5;6;8;9;10,6,10,0,,,,False,False
65,3;5;7;8;9;10,6,0,44,0.01280064579931773,0.9342739525743847,0.9649033104681313,False,False
65,3;5;7;8;9;10,6,1,44,0.01280064579931773,0.9342739525743847,0.9649033104681313,False,False
65,3;5;7;8;9;10,6,2,42,-0.014639004996429098,0.9266874374443398,0.9599731750793558,False,False
65,3;5;7;8;9;10,6,3,42,-0.014639004996429098,0.9266874374443398,0.9599731750793558,False,False
65,3;5;7;8;9;10,6,4,40,0.07849083772199338,0.6302165453487337,0.7949528209604253,False,False
65,3;5;7;8;9;10,6,5,0,,,,False,False
65,3;5;7;8;9;10,6,6,0,,,,False,False
65,3;5;7;8;9;10,6,7,0,,,,False,False
65,3;5;7;8;9;10,6,8,0,,,,False,False
65,3;5;7;8;9;10,6,9,0,,,,False,False
65,3;5;7;8;9;10,6,10,0,,,,False,False
65,3;6;7;8;9;10,6,0,44,0.07998635579573675,0.6057681790985991,0.7816886922645369,False,False
65,3;6;7;8;9;10,6,1,44,0.07998635579573675,0.6057681790985991,0.7816886922645369,False,False
65,3;6;7;8;9;10,6,2,42,0.06148382098500221,0.6989027781224579,0.8269182908332547,False,False
65,3;6;7;8;9;10,6,3,41,0.09619663468844906,0.5496394614667613,0.7643432503986614,False,False
65,3;6;7;8;9;10,6,4,40,0.06267973372044076,0.7008086359434095,0.8277384061911871,False,False
65,3;6;7;8;9;10,6,5,0,,,,False,False
65,3;6;7;8;9;10,6,6,0,,,,False,False
65,3;6;7;8;9;10,6,7,0,,,,False,False
65,3;6;7;8;9;10,6,8,0,,,,False,False
65,3;6;7;8;9;10,6,9,0,,,,False,False
65,3;6;7;8;9;10,6,10,0,,,,False,False
65,4;5;6;7;8;9,6,0,44,0.13720029199268727,0.3744901470045774,0.7506525013658502,False,False
65,4;5;6;7;8;9,6,1,44,0.13720029199268727,0.3744901470045774,0.7506525013658502,False,False
65,4;5;6;7;8;9,6,2,44,0.13720029199268727,0.3744901470045774,0.7506525013658502,False,False
65,4;5;6;7;8;9,6,3,41,0.0562313055497025,0.726940914402411,0.8410096999454096,False,False
65,4;5;6;7;8;9,6,4,37,0.09487617703143389,0.5764593538311421,0.7724136668893526,False,False
65,4;5;6;7;8;9,6,5,0,,,,False,False
65,4;5;6;7;8;9,6,6,0,,,,False,False
65,4;5;6;7;8;9,6,7,0,,,,False,False
65,4;5;6;7;8;9,6,8,0,,,,False,False
65,4;5;6;7;8;9,6,9,0,,,,False,False
65,4;5;6;7;8;9,6,10,0,,,,False,False
65,4;5;6;7;8;10,6,0,44,0.19173355584805923,0.21246749553340294,0.7506525013658502,False,False
65,4;5;6;7;8;10,6,1,44,0.19173355584805923,0.21246749553340294,0.7506525013658502,False,False
65,4;5;6;7;8;10,6,2,43,0.1638831908340526,0.29366870155990327,0.7506525013658502,False,False
65,4;5;6;7;8;10,6,3,41,0.11893402106935522,0.4589159981106735,0.7510354628300103,False,False
65,4;5;6;7;8;10,6,4,36,0.11729071314350362,0.49570366880097694,0.7558129676892907,False,False
65,4;5;6;7;8;10,6,5,0,,,,False,False
65,4;5;6;7;8;10,6,6,0,,,,False,False
65,4;5;6;7;8;10,6,7,0,,,,False,False
65,4;5;6;7;8;10,6,8,0,,,,False,False
65,4;5;6;7;8;10,6,9,0,,,,False,False
65,4;5;6;7;8;10,6,10,0,,,,False,False
65,4;5;6;7;9;10,6,0,44,0.12220727039348639,0.4293740154320897,0.7508724417021384,False,False
65,4;5;6;7;9;10,6,1,44,0.12220727039348639,0.4293740154320897,0.7508724417021384,False,False
65,4;5;6;7;9;10,6,2,43,0.0889466492271407,0.5705774000382882,0.7709077668143348,False,False
65,4;5;6;7;9;10,6,3,42,0.08848465242286031,0.5773667328269335,0.7725530286974255,False,False
65,4;5;6;7;9;10,6,4,37,0.11792793613466865,0.48696838569901435,0.753323292205753,False,False
65,4;5;6;7;9;10,6,5,0,,,,False,False
65,4;5;6;7;9;10,6,6,0,,,,False,False
65,4;5;6;7;9;10,6,7,0,,,,False,False
65,4;5;6;7;9;10,6,8,0,,,,False,False
65,4;5;6;7;9;10,6,9,0,,,,False,False
65,4;5;6;7;9;10,6,10,0,,,,False,False
65,4;5;6;8;9;10,6,0,44,0.14434319379230656,0.34988692785570485,0.7506525013658502,False,False
65,4;5;6;8;9;10,6,1,44,0.14434319379230656,0.34988692785570485,0.7506525013658502,False,False
65,4;5;6;8;9;10,6,2,43,0.10985744580864906,0.4831264946043907,0.752496464592995,False,False
65,4;5;6;8;9;10,6,3,41,0.15831621439821136,0.3228482250034901,0.7506525013658502,False,False
65,4;5;6;8;9;10,6,4,38,0.0973285205696215,0.5610288001321124,0.7692215166831052,False,False
65,4;5;6;8;9;10,6,5,0,,,,False,False
65,4;5;6;8;9;10,6,6,0,,,,False,False
65,4;5;6;8;9;10,6,7,0,,,,False,False
65,4;5;6;8;9;10,6,8,0,,,,False,False
65,4;5;6;8;9;10,6,9,0,,,,False,False
65,4;5;6;8;9;10,6,10,0,,,,False,False
65,4;5;7;8;9;10,6,0,44,0.0676100407963964,0.6627910124645009,0.8099314083090171,False,False
65,4;5;7;8;9;10,6,1,44,0.0676100407963964,0.6627910124645009,0.8099314083090171,False,False
65,4;5;7;8;9;10,6,2,43,0.03288146998686462,0.8341975987359918,0.9028322496538402,False,False
65,4;5;7;8;9;10,6,3,41,0.08108026874257182,0.6143016704519286,0.7848162741636515,False,False
65,4;5;7;8;9;10,6,4,40,0.08074956686507233,0.6203736704548523,0.786902173962373,False,False
65,4;5;7;8;9;10,6,5,0,,,,False,False
65,4;5;7;8;9;10,6,6,0,,,,False,False
65,4;5;7;8;9;10,6,7,0,,,,False,False
65,4;5;7;8;9;10,6,8,0,,,,False,False
65,4;5;7;8;9;10,6,9,0,,,,False,False
65,4;5;7;8;9;10,6,10,0,,,,False,False
65,4;6;7;8;9;10,6,0,44,0.11676169179377664,0.45036901883901453,0.7509923134248312,False,False
65,4;6;7;8;9;10,6,1,44,0.11676169179377664,0.45036901883901453,0.7509923134248312,False,False
65,4;6;7;8;9;10,6,2,43,0.08826477542556976,0.5735465877392114,0.7712996253244255,False,False
65,4;6;7;8;9;10,6,3,42,0.08588216264571738,0.5886564254663599,0.7773467911697347,False,False
65,4;6;7;8;9;10,6,4,38,0.11237977342487576,0.5017449437294591,0.7558559619392049,False,False
65,4;6;7;8;9;10,6,5,0,,,,False,False
65,4;6;7;8;9;10,6,6,0,,,,False,False
65,4;6;7;8;9;10,6,7,0,,,,False,False
65,4;6;7;8;9;10,6,8,0,,,,False,False
65,4;6;7;8;9;10,6,9,0,,,,False,False
65,4;6;7;8;9;10,6,10,0,,,,False,False
65,5;6;7;8;9;10,6,0,44,-0.019731382198948322,0.8988394472820289,0.9435356672340233,False,False
65,5;6;7;8;9;10,6,1,44,-0.019731382198948322,0.8988394472820289,0.9435356672340233,False,False
65,5;6;7;8;9;10,6,2,43,-0.05667128928611691,0.7181306209032324,0.8378968412967074,False,False
65,5;6;7;8;9;10,6,3,42,-0.06091452634625219,0.7015612364680224,0.8278314782218713,False,False
65,5;6;7;8;9;10,6,4,39,-0.06795024197449594,0.6810590677881608,0.8176938320739783,False,False
65,5;6;7;8;9;10,6,5,0,,,,False,False
65,5;6;7;8;9;10,6,6,0,,,,False,False
65,5;6;7;8;9;10,6,7,0,,,,False,False
65,5;6;7;8;9;10,6,8,0,,,,False,False
65,5;6;7;8;9;10,6,9,0,,,,False,False
65,5;6;7;8;9;10,6,10,0,,,,False,False
65,1;2;3;4;5;6;7,7,0,41,0.18492115417635863,0.24707987535077702,0.7506525013658502,False,False
65,1;2;3;4;5;6;7,7,1,41,0.18492115417635863,0.24707987535077702,0.7506525013658502,False,False
65,1;2;3;4;5;6;7,7,2,38,0.2076551960527057,0.21093389499742526,0.7506525013658502,False,False
65,1;2;3;4;5;6;7,7,3,36,0.16888403024583096,0.3248013149636767,0.7506525013658502,False,False
65,1;2;3;4;5;6;7,7,4,0,,,,False,False
65,1;2;3;4;5;6;7,7,5,0,,,,False,False
65,1;2;3;4;5;6;7,7,6,0,,,,False,False
65,1;2;3;4;5;6;7,7,7,0,,,,False,False
65,1;2;3;4;5;6;7,7,8,0,,,,False,False
65,1;2;3;4;5;6;7,7,9,0,,,,False,False
65,1;2;3;4;5;6;7,7,10,0,,,,False,False
65,1;2;3;4;5;6;8,7,0,41,0.34303632633680187,0.028114832326286972,0.7506525013658502,True,False
65,1;2;3;4;5;6;8,7,1,41,0.34303632633680187,0.028114832326286972,0.7506525013658502,True,False
65,1;2;3;4;5;6;8,7,2,38,0.23016673237782714,0.16447022602830688,0.7506525013658502,False,False
65,1;2;3;4;5;6;8,7,3,36,0.12335524946665506,0.4735249726503763,0.7510354628300103,False,False
65,1;2;3;4;5;6;8,7,4,0,,,,False,False
65,1;2;3;4;5;6;8,7,5,0,,,,False,False
65,1;2;3;4;5;6;8,7,6,0,,,,False,False
65,1;2;3;4;5;6;8,7,7,0,,,,False,False
65,1;2;3;4;5;6;8,7,8,0,,,,False,False
65,1;2;3;4;5;6;8,7,9,0,,,,False,False
65,1;2;3;4;5;6;8,7,10,0,,,,False,False
65,1;2;3;4;5;6;9,7,0,42,0.3198723290580993,0.03891793271955417,0.7506525013658502,True,False
65,1;2;3;4;5;6;9,7,1,42,0.3198723290580993,0.03891793271955417,0.7506525013658502,True,False
65,1;2;3;4;5;6;9,7,2,39,0.22970422129010656,0.159510039113218,0.7506525013658502,False,False
65,1;2;3;4;5;6;9,7,3,36,0.203358063942801,0.2342168171188652,0.7506525013658502,False,False
65,1;2;3;4;5;6;9,7,4,0,,,,False,False
65,1;2;3;4;5;6;9,7,5,0,,,,False,False
65,1;2;3;4;5;6;9,7,6,0,,,,False,False
65,1;2;3;4;5;6;9,7,7,0,,,,False,False
65,1;2;3;4;5;6;9,7,8,0,,,,False,False
65,1;2;3;4;5;6;9,7,9,0,,,,False,False
65,1;2;3;4;5;6;9,7,10,0,,,,False,False
65,1;2;3;4;5;6;10,7,0,41,0.2817315881020019,0.07433962436289543,0.7506525013658502,False,False
65,1;2;3;4;5;6;10,7,1,41,0.2817315881020019,0.07433962436289543,0.7506525013658502,False,False
65,1;2;3;4;5;6;10,7,2,39,0.21711212427862417,0.18429314897895213,0.7506525013658502,False,False
65,1;2;3;4;5;6;10,7,3,35,0.14016909232328945,0.42191012158592156,0.7506525013658502,False,False
65,1;2;3;4;5;6;10,7,4,0,,,,False,False
65,1;2;3;4;5;6;10,7,5,0,,,,False,False
65,1;2;3;4;5;6;10,7,6,0,,,,False,False
65,1;2;3;4;5;6;10,7,7,0,,,,False,False
65,1;2;3;4;5;6;10,7,8,0,,,,False,False
65,1;2;3;4;5;6;10,7,9,0,,,,False,False
65,1;2;3;4;5;6;10,7,10,0,,,,False,False
65,1;2;3;4;5;7;8,7,0,43,0.04559095262893582,0.7715857063744465,0.8672683775112799,False,False
65,1;2;3;4;5;7;8,7,1,43,0.04559095262893582,0.7715857063744465,0.8672683775112799,False,False
65,1;2;3;4;5;7;8,7,2,38,0.24780517607086805,0.1336006761563779,0.7506525013658502,False,False
65,1;2;3;4;5;7;8,7,3,36,0.1636884980855442,0.3401216476130793,0.7506525013658502,False,False
65,1;2;3;4;5;7;8,7,4,0,,,,False,False
65,1;2;3;4;5;7;8,7,5,0,,,,False,False
65,1;2;3;4;5;7;8,7,6,0,,,,False,False
65,1;2;3;4;5;7;8,7,7,0,,,,False,False
65,1;2;3;4;5;7;8,7,8,0,,,,False,False
65,1;2;3;4;5;7;8,7,9,0,,,,False,False
65,1;2;3;4;5;7;8,7,10,0,,,,False,False
65,1;2;3;4;5;7;9,7,0,43,0.08397816857079397,0.5923719065931694,0.7778609894210258,False,False
65,1;2;3;4;5;7;9,7,1,43,0.08397816857079397,0.5923719065931694,0.7778609894210258,False,False
65,1;2;3;4;5;7;9,7,2,40,0.18875543339797893,0.24342818620829723,0.7506525013658502,False,False
65,1;2;3;4;5;7;9,7,3,36,0.2068442021818205,0.22612213985616644,0.7506525013658502,False,False
65,1;2;3;4;5;7;9,7,4,0,,,,False,False
65,1;2;3;4;5;7;9,7,5,0,,,,False,False
65,1;2;3;4;5;7;9,7,6,0,,,,False,False
65,1;2;3;4;5;7;9,7,7,0,,,,False,False
65,1;2;3;4;5;7;9,7,8,0,,,,False,False
65,1;2;3;4;5;7;9,7,9,0,,,,False,False
65,1;2;3;4;5;7;9,7,10,0,,,,False,False
65,1;2;3;4;5;7;10,7,0,42,0.030335271464822514,0.8487560656180579,0.9118412926008622,False,False
65,1;2;3;4;5;7;10,7,1,42,0.030335271464822514,0.8487560656180579,0.9118412926008622,False,False
65,1;2;3;4;5;7;10,7,2,40,0.13421980668269462,0.4089695160302201,0.7506525013658502,False,False
65,1;2;3;4;5;7;10,7,3,35,0.10856784405401075,0.5347253419775113,0.760535689565614,False,False
65,1;2;3;4;5;7;10,7,4,0,,,,False,False
65,1;2;3;4;5;7;10,7,5,0,,,,False,False
65,1;2;3;4;5;7;10,7,6,0,,,,False,False
65,1;2;3;4;5;7;10,7,7,0,,,,False,False
65,1;2;3;4;5;7;10,7,8,0,,,,False,False
65,1;2;3;4;5;7;10,7,9,0,,,,False,False
65,1;2;3;4;5;7;10,7,10,0,,,,False,False
65,1;2;3;4;5;8;9,7,0,43,0.14764392813709987,0.34474629345667307,0.7506525013658502,False,False
65,1;2;3;4;5;8;9,7,1,43,0.14764392813709987,0.34474629345667307,0.7506525013658502,False,False
65,1;2;3;4;5;8;9,7,2,39,0.20153296961753414,0.21858645465470505,0.7506525013658502,False,False
65,1;2;3;4;5;8;9,7,3,37,0.1610992730295651,0.3408250195407994,0.7506525013658502,False,False
65,1;2;3;4;5;8;9,7,4,0,,,,False,False
65,1;2;3;4;5;8;9,7,5,0,,,,False,False
65,1;2;3;4;5;8;9,7,6,0,,,,False,False
65,1;2;3;4;5;8;9,7,7,0,,,,False,False
65,1;2;3;4;5;8;9,7,8,0,,,,False,False
65,1;2;3;4;5;8;9,7,9,0,,,,False,False
65,1;2;3;4;5;8;9,7,10,0,,,,False,False
65,1;2;3;4;5;8;10,7,0,42,0.19884648453482856,0.20679281341742473,0.7506525013658502,False,False
65,1;2;3;4;5;8;10,7,1,42,0.19884648453482856,0.20679281341742473,0.7506525013658502,False,False
65,1;2;3;4;5;8;10,7,2,39,0.2681017652213118,0.09890450408728868,0.7506525013658502,False,False
65,1;2;3;4;5;8;10,7,3,36,0.18529093957543583,0.27929126481873173,0.7506525013658502,False,False
65,1;2;3;4;5;8;10,7,4,0,,,,False,False
65,1;2;3;4;5;8;10,7,5,0,,,,False,False
65,1;2;3;4;5;8;10,7,6,0,,,,False,False
65,1;2;3;4;5;8;10,7,7,0,,,,False,False
65,1;2;3;4;5;8;10,7,8,0,,,,False,False
65,1;2;3;4;5;8;10,7,9,0,,,,False,False
65,1;2;3;4;5;8;10,7,10,0,,,,False,False
65,1;2;3;4;5;9;10,7,0,42,0.1733908814021491,0.2721463263627661,0.7506525013658502,False,False
65,1;2;3;4;5;9;10,7,1,42,0.1733908814021491,0.2721463263627661,0.7506525013658502,False,False
65,1;2;3;4;5;9;10,7,2,40,0.21464298464082127,0.18350587319222483,0.7506525013658502,False,False
65,1;2;3;4;5;9;10,7,3,37,0.17560415222484696,0.2985247123500239,0.7506525013658502,False,False
65,1;2;3;4;5;9;10,7,4,0,,,,False,False
65,1;2;3;4;5;9;10,7,5,0,,,,False,False
65,1;2;3;4;5;9;10,7,6,0,,,,False,False
65,1;2;3;4;5;9;10,7,7,0,,,,False,False
65,1;2;3;4;5;9;10,7,8,0,,,,False,False
65,1;2;3;4;5;9;10,7,9,0,,,,False,False
65,1;2;3;4;5;9;10,7,10,0,,,,False,False
65,1;2;3;4;6;7;8,7,0,43,0.14817447613348575,0.3429961231797863,0.7506525013658502,False,False
65,1;2;3;4;6;7;8,7,1,43,0.14817447613348575,0.3429961231797863,0.7506525013658502,False,False
65,1;2;3;4;6;7;8,7,2,37,0.09511396193627458,0.5754997367810927,0.7717299460917382,False,False
65,1;2;3;4;6;7;8,7,3,36,0.1289871148437195,0.4534052650302064,0.7510354628300103,False,False
65,1;2;3;4;6;7;8,7,4,0,,,,False,False
65,1;2;3;4;6;7;8,7,5,0,,,,False,False
65,1;2;3;4;6;7;8,7,6,0,,,,False,False
65,1;2;3;4;6;7;8,7,7,0,,,,False,False
65,1;2;3;4;6;7;8,7,8,0,,,,False,False
65,1;2;3;4;6;7;8,7,9,0,,,,False,False
65,1;2;3;4;6;7;8,7,10,0,,,,False,False
65,1;2;3;4;6;7;9,7,0,43,0.10989922782278992,0.4829590751115703,0.752496464592995,False,False
65,1;2;3;4;6;7;9,7,1,43,0.10989922782278992,0.4829590751115703,0.752496464592995,False,False
65,1;2;3;4;6;7;9,7,2,40,0.11293301628950936,0.4877908049746855,0.7538666504808756,False,False
65,1;2;3;4;6;7;9,7,3,35,0.12298037968713516,0.4815465338559809,0.7521975241439104,False,False
65,1;2;3;4;6;7;9,7,4,0,,,,False,False
65,1;2;3;4;6;7;9,7,5,0,,,,False,False
65,1;2;3;4;6;7;9,7,6,0,,,,False,False
65,1;2;3;4;6;7;9,7,7,0,,,,False,False
65,1;2;3;4;6;7;9,7,8,0,,,,False,False
65,1;2;3;4;6;7;9,7,9,0,,,,False,False
65,1;2;3;4;6;7;9,7,10,0,,,,False,False
65,1;2;3;4;6;7;10,7,0,42,0.14191702065982653,0.3699746680795393,0.7506525013658502,False,False
65,1;2;3;4;6;7;10,7,1,42,0.14191702065982653,0.3699746680795393,0.7506525013658502,False,False
65,1;2;3;4;6;7;10,7,2,39,0.10418944785307221,0.5279000433853273,0.760535689565614,False,False
65,1;2;3;4;6;7;10,7,3,35,0.18018382486732257,0.3003065312569014,0.7506525013658502,False,False
65,1;2;3;4;6;7;10,7,4,0,,,,False,False
65,1;2;3;4;6;7;10,7,5,0,,,,False,False
65,1;2;3;4;6;7;10,7,6,0,,,,False,False
65,1;2;3;4;6;7;10,7,7,0,,,,False,False
65,1;2;3;4;6;7;10,7,8,0,,,,False,False
65,1;2;3;4;6;7;10,7,9,0,,,,False,False
65,1;2;3;4;6;7;10,7,10,0,,,,False,False
65,1;2;3;4;6;8;9,7,0,43,0.2638339393456081,0.08735241827103234,0.7506525013658502,False,False
65,1;2;3;4;6;8;9,7,1,43,0.2638339393456081,0.08735241827103234,0.7506525013658502,False,False
65,1;2;3;4;6;8;9,7,2,40,0.1599706593114407,0.3241184584924575,0.7506525013658502,False,False
65,1;2;3;4;6;8;9,7,3,35,0.07092724611549216,0.6855637417793125,0.8198205306113133,False,False
65,1;2;3;4;6;8;9,7,4,0,,,,False,False
65,1;2;3;4;6;8;9,7,5,0,,,,False,False
65,1;2;3;4;6;8;9,7,6,0,,,,False,False
65,1;2;3;4;6;8;9,7,7,0,,,,False,False
65,1;2;3;4;6;8;9,7,8,0,,,,False,False
65,1;2;3;4;6;8;9,7,9,0,,,,False,False
65,1;2;3;4;6;8;9,7,10,0,,,,False,False
65,1;2;3;4;6;8;10,7,0,42,0.28399669693072443,0.06834911247368321,0.7506525013658502,False,False
65,1;2;3;4;6;8;10,7,1,42,0.28399669693072443,0.06834911247368321,0.7506525013658502,False,False
65,1;2;3;4;6;8;10,7,2,39,0.14440151851246277,0.3804558611968703,0.7506525013658502,False,False
65,1;2;3;4;6;8;10,7,3,35,0.11376449376940326,0.5152307257614912,0.756979384639706,False,False
65,1;2;3;4;6;8;10,7,4,0,,,,False,False
65,1;2;3;4;6;8;10,7,5,0,,,,False,False
65,1;2;3;4;6;8;10,7,6,0,,,,False,False
65,1;2;3;4;6;8;10,7,7,0,,,,False,False
65,1;2;3;4;6;8;10,7,8,0,,,,False,False
65,1;2;3;4;6;8;10,7,9,0,,,,False,False
65,1;2;3;4;6;8;10,7,10,0,,,,False,False
65,1;2;3;4;6;9;10,7,0,42,0.2156000124751863,0.1702907299510389,0.7506525013658502,False,False
65,1;2;3;4;6;9;10,7,1,42,0.2156000124751863,0.1702907299510389,0.7506525013658502,False,False
65,1;2;3;4;6;9;10,7,2,41,0.16272578692049208,0.3093788710096503,0.7506525013658502,False,False
65,1;2;3;4;6;9;10,7,3,35,0.06755644630010242,0.6997963083470785,0.8274402033540069,False,False
65,1;2;3;4;6;9;10,7,4,0,,,,False,False
65,1;2;3;4;6;9;10,7,5,0,,,,False,False
65,1;2;3;4;6;9;10,7,6,0,,,,False,False
65,1;2;3;4;6;9;10,7,7,0,,,,False,False
65,1;2;3;4;6;9;10,7,8,0,,,,False,False
65,1;2;3;4;6;9;10,7,9,0,,,,False,False
65,1;2;3;4;6;9;10,7,10,0,,,,False,False
65,1;2;3;4;7;8;9,7,0,43,0.0682891063919543,0.6634791153423949,0.8104498320835816,False,False
65,1;2;3;4;7;8;9,7,1,43,0.0682891063919543,0.6634791153423949,0.8104498320835816,False,False
65,1;2;3;4;7;8;9,7,2,42,0.054652285320001964,0.7310301723809666,0.8441199904015559,False,False
65,1;2;3;4;7;8;9,7,3,35,0.09171384497706213,0.6002870963250719,0.7806019544294912,False,False
65,1;2;3;4;7;8;9,7,4,0,,,,False,False
65,1;2;3;4;7;8;9,7,5,0,,,,False,False
65,1;2;3;4;7;8;9,7,6,0,,,,False,False
65,1;2;3;4;7;8;9,7,7,0,,,,False,False
65,1;2;3;4;7;8;9,7,8,0,,,,False,False
65,1;2;3;4;7;8;9,7,9,0,,,,False,False
65,1;2;3;4;7;8;9,7,10,0,,,,False,False
65,1;2;3;4;7;8;10,7,0,42,0.09515353247678912,0.5488942399091461,0.7642468984047789,False,False
65,1;2;3;4;7;8;10,7,1,42,0.09515353247678912,0.5488942399091461,0.7642468984047789,False,False
65,1;2;3;4;7;8;10,7,2,41,0.06360607289287962,0.6927817261363178,0.8231920844287043,False,False
65,1;2;3;4;7;8;10,7,3,35,0.14789384190022423,0.39652009949113387,0.7506525013658502,False,False
65,1;2;3;4;7;8;10,7,4,0,,,,False,False
65,1;2;3;4;7;8;10,7,5,0,,,,False,False
65,1;2;3;4;7;8;10,7,6,0,,,,False,False
65,1;2;3;4;7;8;10,7,7,0,,,,False,False
65,1;2;3;4;7;8;10,7,8,0,,,,False,False
65,1;2;3;4;7;8;10,7,9,0,,,,False,False
65,1;2;3;4;7;8;10,7,10,0,,,,False,False
65,1;2;3;4;7;9;10,7,0,42,0.0870207519232174,0.5837051214071721,0.7751190144410416,False,False
65,1;2;3;4;7;9;10,7,1,42,0.0870207519232174,0.5837051214071721,0.7751190144410416,False,False
65,1;2;3;4;7;9;10,7,2,42,0.0870207519232174,0.5837051214071721,0.7751190144410416,False,False
65,1;2;3;4;7;9;10,7,3,36,0.08909019944160808,0.6053615950416102,0.7816886922645369,False,False
65,1;2;3;4;7;9;10,7,4,0,,,,False,False
65,1;2;3;4;7;9;10,7,5,0,,,,False,False
65,1;2;3;4;7;9;10,7,6,0,,,,False,False
65,1;2;3;4;7;9;10,7,7,0,,,,False,False
65,1;2;3;4;7;9;10,7,8,0,,,,False,False
65,1;2;3;4;7;9;10,7,9,0,,,,False,False
65,1;2;3;4;7;9;10,7,10,0,,,,False,False
65,1;2;3;4;8;9;10,7,0,42,0.13492282938375486,0.3942602153337671,0.7506525013658502,False,False
65,1;2;3;4;8;9;10,7,1,42,0.13492282938375486,0.3942602153337671,0.7506525013658502,False,False
65,1;2;3;4;8;9;10,7,2,41,0.09593333521481018,0.5507375786607593,0.765252419297228,False,False
65,1;2;3;4;8;9;10,7,3,37,0.05501769041983985,0.7463784936196137,0.8528208988020998,False,False
65,1;2;3;4;8;9;10,7,4,0,,,,False,False
65,1;2;3;4;8;9;10,7,5,0,,,,False,False
65,1;2;3;4;8;9;10,7,6,0,,,,False,False
65,1;2;3;4;8;9;10,7,7,0,,,,False,False
65,1;2;3;4;8;9;10,7,8,0,,,,False,False
65,1;2;3;4;8;9;10,7,9,0,,,,False,False
65,1;2;3;4;8;9;10,7,10,0,,,,False,False
65,1;2;3;5;6;7;8,7,0,43,0.08890804228385986,0.5707453236971504,0.7709077668143348,False,False
65,1;2;3;5;6;7;8,7,1,43,0.08890804228385986,0.5707453236971504,0.7709077668143348,False,False
65,1;2;3;5;6;7;8,7,2,38,0.1067983752399376,0.5233523184882533,0.7595331817189964,False,False
65,1;2;3;5;6;7;8,7,3,36,0.10058801706091287,0.5594139577133486,0.7689594858431641,False,False
65,1;2;3;5;6;7;8,7,4,0,,,,False,False
65,1;2;3;5;6;7;8,7,5,0,,,,False,False
65,1;2;3;5;6;7;8,7,6,0,,,,False,False
65,1;2;3;5;6;7;8,7,7,0,,,,False,False
65,1;2;3;5;6;7;8,7,8,0,,,,False,False
65,1;2;3;5;6;7;8,7,9,0,,,,False,False
65,1;2;3;5;6;7;8,7,10,0,,,,False,False
65,1;2;3;5;6;7;9,7,0,43,0.0067455388111919345,0.9657569590739451,0.9823886404357086,False,False
65,1;2;3;5;6;7;9,7,1,43,0.0067455388111919345,0.9657569590739451,0.9823886404357086,False,False
65,1;2;3;5;6;7;9,7,2,40,0.12282289678191846,0.45022890220470024,0.7509923134248312,False,False
65,1;2;3;5;6;7;9,7,3,36,0.14733571004589838,0.39116328315799664,0.7506525013658502,False,False
65,1;2;3;5;6;7;9,7,4,0,,,,False,False
65,1;2;3;5;6;7;9,7,5,0,,,,False,False
65,1;2;3;5;6;7;9,7,6,0,,,,False,False
65,1;2;3;5;6;7;9,7,7,0,,,,False,False
65,1;2;3;5;6;7;9,7,8,0,,,,False,False
65,1;2;3;5;6;7;9,7,9,0,,,,False,False
65,1;2;3;5;6;7;9,7,10,0,,,,False,False
65,1;2;3;5;6;7;10,7,0,42,0.020819918217143605,0.8958776642040932,0.9416691010402978,False,False
65,1;2;3;5;6;7;10,7,1,42,0.020819918217143605,0.8958776642040932,0.9416691010402978,False,False
65,1;2;3;5;6;7;10,7,2,40,0.15173902355496213,0.34995425963070437,0.7506525013658502,False,False
65,1;2;3;5;6;7;10,7,3,35,0.11932610554786027,0.494764519542948,0.7558129676892907,False,False
65,1;2;3;5;6;7;10,7,4,0,,,,False,False
65,1;2;3;5;6;7;10,7,5,0,,,,False,False
65,1;2;3;5;6;7;10,7,6,0,,,,False,False
65,1;2;3;5;6;7;10,7,7,0,,,,False,False
65,1;2;3;5;6;7;10,7,8,0,,,,False,False
65,1;2;3;5;6;7;10,7,9,0,,,,False,False
65,1;2;3;5;6;7;10,7,10,0,,,,False,False
65,1;2;3;5;6;8;9,7,0,43,0.07973378459970691,0.611275930151056,0.7841665053262773,False,False
65,1;2;3;5;6;8;9,7,1,43,0.07973378459970691,0.611275930151056,0.7841665053262773,False,False
65,1;2;3;5;6;8;9,7,2,40,0.08986587037789755,0.581320604886616,0.7739602244946862,False,False
65,1;2;3;5;6;8;9,7,3,36,0.026210594908183244,0.8793925108582116,0.929474912973502,False,False
65,1;2;3;5;6;8;9,7,4,0,,,,False,False
65,1;2;3;5;6;8;9,7,5,0,,,,False,False
65,1;2;3;5;6;8;9,7,6,0,,,,False,False
65,1;2;3;5;6;8;9,7,7,0,,,,False,False
65,1;2;3;5;6;8;9,7,8,0,,,,False,False
65,1;2;3;5;6;8;9,7,9,0,,,,False,False
65,1;2;3;5;6;8;9,7,10,0,,,,False,False
65,1;2;3;5;6;8;10,7,0,42,0.1615983495994701,0.30658637065784033,0.7506525013658502,False,False
65,1;2;3;5;6;8;10,7,1,42,0.1615983495994701,0.30658637065784033,0.7506525013658502,False,False
65,1;2;3;5;6;8;10,7,2,40,0.19610520823826022,0.22521883258281408,0.7506525013658502,False,False
65,1;2;3;5;6;8;10,7,3,35,0.05814629681547277,0.7400509057610156,0.8492682073771566,False,False
65,1;2;3;5;6;8;10,7,4,0,,,,False,False
65,1;2;3;5;6;8;10,7,5,0,,,,False,False
65,1;2;3;5;6;8;10,7,6,0,,,,False,False
65,1;2;3;5;6;8;10,7,7,0,,,,False,False
65,1;2;3;5;6;8;10,7,8,0,,,,False,False
65,1;2;3;5;6;8;10,7,9,0,,,,False,False
65,1;2;3;5;6;8;10,7,10,0,,,,False,False
65,1;2;3;5;6;9;10,7,0,42,0.10572614719643235,0.5051699172557763,0.7558559619392049,False,False
65,1;2;3;5;6;9;10,7,1,42,0.10572614719643235,0.5051699172557763,0.7558559619392049,False,False
65,1;2;3;5;6;9;10,7,2,41,0.17829010184356975,0.26473326078666687,0.7506525013658502,False,False
65,1;2;3;5;6;9;10,7,3,36,0.22905219392668508,0.17902724259388986,0.7506525013658502,False,False
65,1;2;3;5;6;9;10,7,4,0,,,,False,False
65,1;2;3;5;6;9;10,7,5,0,,,,False,False
65,1;2;3;5;6;9;10,7,6,0,,,,False,False
65,1;2;3;5;6;9;10,7,7,0,,,,False,False
65,1;2;3;5;6;9;10,7,8,0,,,,False,False
65,1;2;3;5;6;9;10,7,9,0,,,,False,False
65,1;2;3;5;6;9;10,7,10,0,,,,False,False
65,1;2;3;5;7;8;9,7,0,43,-0.004471761683823866,0.9772957939631643,0.9883073075613905,False,False
65,1;2;3;5;7;8;9,7,1,43,-0.004471761683823866,0.9772957939631643,0.9883073075613905,False,False
65,1;2;3;5;7;8;9,7,2,42,-0.014069710357679076,0.9295311943944082,0.9617798390011367,False,False
65,1;2;3;5;7;8;9,7,3,36,0.13415176408671128,0.43536757224217437,0.7509041397983071,False,False
65,1;2;3;5;7;8;9,7,4,0,,,,False,False
65,1;2;3;5;7;8;9,7,5,0,,,,False,False
65,1;2;3;5;7;8;9,7,6,0,,,,False,False
65,1;2;3;5;7;8;9,7,7,0,,,,False,False
65,1;2;3;5;7;8;9,7,8,0,,,,False,False
65,1;2;3;5;7;8;9,7,9,0,,,,False,False
65,1;2;3;5;7;8;9,7,10,0,,,,False,False
65,1;2;3;5;7;8;10,7,0,42,0.012280498635893297,0.9384741913289404,0.9668576255980681,False,False
65,1;2;3;5;7;8;10,7,1,42,0.012280498635893297,0.9384741913289404,0.9668576255980681,False,False
65,1;2;3;5;7;8;10,7,2,42,0.012280498635893297,0.9384741913289404,0.9668576255980681,False,False
65,1;2;3;5;7;8;10,7,3,35,0.09002844506936726,0.6070291478220571,0.7817568249624521,False,False
65,1;2;3;5;7;8;10,7,4,0,,,,False,False
65,1;2;3;5;7;8;10,7,5,0,,,,False,False
65,1;2;3;5;7;8;10,7,6,0,,,,False,False
65,1;2;3;5;7;8;10,7,7,0,,,,False,False
65,1;2;3;5;7;8;10,7,8,0,,,,False,False
65,1;2;3;5;7;8;10,7,9,0,,,,False,False
65,1;2;3;5;7;8;10,7,10,0,,,,False,False
65,1;2;3;5;7;9;10,7,0,42,-0.04359170376714442,0.7839992082202026,0.8745427884686225,False,False
65,1;2;3;5;7;9;10,7,1,42,-0.04359170376714442,0.7839992082202026,0.8745427884686225,False,False
65,1;2;3;5;7;9;10,7,2,42,-0.04359170376714442,0.7839992082202026,0.8745427884686225,False,False
65,1;2;3;5;7;9;10,7,3,37,0.10674203704621371,0.5294787828494429,0.760535689565614,False,False
65,1;2;3;5;7;9;10,7,4,0,,,,False,False
65,1;2;3;5;7;9;10,7,5,0,,,,False,False
65,1;2;3;5;7;9;10,7,6,0,,,,False,False
65,1;2;3;5;7;9;10,7,7,0,,,,False,False
65,1;2;3;5;7;9;10,7,8,0,,,,False,False
65,1;2;3;5;7;9;10,7,9,0,,,,False,False
65,1;2;3;5;7;9;10,7,10,0,,,,False,False
65,1;2;3;5;8;9;10,7,0,42,0.05148050090410899,0.7461060918687337,0.8528208988020998,False,False
65,1;2;3;5;8;9;10,7,1,42,0.05148050090410899,0.7461060918687337,0.8528208988020998,False,False
65,1;2;3;5;8;9;10,7,2,41,0.06360607289287962,0.6927817261363178,0.8231920844287043,False,False
65,1;2;3;5;8;9;10,7,3,38,0.19301112478237226,0.24563706645129094,0.7506525013658502,False,False
65,1;2;3;5;8;9;10,7,4,0,,,,False,False
65,1;2;3;5;8;9;10,7,5,0,,,,False,False
65,1;2;3;5;8;9;10,7,6,0,,,,False,False
65,1;2;3;5;8;9;10,7,7,0,,,,False,False
65,1;2;3;5;8;9;10,7,8,0,,,,False,False
65,1;2;3;5;8;9;10,7,9,0,,,,False,False
65,1;2;3;5;8;9;10,7,10,0,,,,False,False
65,1;2;3;6;7;8;9,7,0,43,0.02842221409210085,0.8564292913454461,0.9151946746725005,False,False
65,1;2;3;6;7;8;9,7,1,43,0.02842221409210085,0.8564292913454461,0.9151946746725005,False,False
65,1;2;3;6;7;8;9,7,2,41,0.06453919672734128,0.6885004249327245,0.8214134997789331,False,False
65,1;2;3;6;7;8;9,7,3,36,-0.011233112103507106,0.9481564742101628,0.9710658971541436,False,False
65,1;2;3;6;7;8;9,7,4,0,,,,False,False
65,1;2;3;6;7;8;9,7,5,0,,,,False,False
65,1;2;3;6;7;8;9,7,6,0,,,,False,False
65,1;2;3;6;7;8;9,7,7,0,,,,False,False
65,1;2;3;6;7;8;9,7,8,0,,,,False,False
65,1;2;3;6;7;8;9,7,9,0,,,,False,False
65,1;2;3;6;7;8;9,7,10,0,,,,False,False
65,1;2;3;6;7;8;10,7,0,42,0.0789692991751814,0.619109867576458,0.7864333987845702,False,False
65,1;2;3;6;7;8;10,7,1,42,0.0789692991751814,0.619109867576458,0.7864333987845702,False,False
65,1;2;3;6;7;8;10,7,2,40,0.060044549720181986,0.7128393621220862,0.8355320344203492,False,False
65,1;2;3;6;7;8;10,7,3,36,0.011620460796731485,0.9463712972046145,0.9710658971541436,False,False
65,1;2;3;6;7;8;10,7,4,0,,,,False,False
65,1;2;3;6;7;8;10,7,5,0,,,,False,False
65,1;2;3;6;7;8;10,7,6,0,,,,False,False
65,1;2;3;6;7;8;10,7,7,0,,,,False,False
65,1;2;3;6;7;8;10,7,8,0,,,,False,False
65,1;2;3;6;7;8;10,7,9,0,,,,False,False
65,1;2;3;6;7;8;10,7,10,0,,,,False,False
65,1;2;3;6;7;9;10,7,0,42,-0.009434025442143196,0.9527166442463858,0.9734329848047586,False,False
65,1;2;3;6;7;9;10,7,1,42,-0.009434025442143196,0.9527166442463858,0.9734329848047586,False,False
65,1;2;3;6;7;9;10,7,2,41,0.05273324610648618,0.7433326254674385,0.8511262475762301,False,False
65,1;2;3;6;7;9;10,7,3,37,0.021657804618072346,0.8987564360678126,0.9435356672340233,False,False
65,1;2;3;6;7;9;10,7,4,0,,,,False,False
65,1;2;3;6;7;9;10,7,5,0,,,,False,False
65,1;2;3;6;7;9;10,7,6,0,,,,False,False
65,1;2;3;6;7;9;10,7,7,0,,,,False,False
65,1;2;3;6;7;9;10,7,8,0,,,,False,False
65,1;2;3;6;7;9;10,7,9,0,,,,False,False
65,1;2;3;6;7;9;10,7,10,0,,,,False,False
65,1;2;3;6;8;9;10,7,0,42,0.04765809404393028,0.7643990382840524,0.8641338410340328,False,False
65,1;2;3;6;8;9;10,7,1,42,0.04765809404393028,0.7643990382840524,0.8641338410340328,False,False
65,1;2;3;6;8;9;10,7,2,41,0.08928796728809683,0.5787906520316944,0.7729429135419033,False,False
65,1;2;3;6;8;9;10,7,3,37,-0.06262272754050886,0.7127190242615904,0.8355320344203492,False,False
65,1;2;3;6;8;9;10,7,4,0,,,,False,False
65,1;2;3;6;8;9;10,7,5,0,,,,False,False
65,1;2;3;6;8;9;10,7,6,0,,,,False,False
65,1;2;3;6;8;9;10,7,7,0,,,,False,False
65,1;2;3;6;8;9;10,7,8,0,,,,False,False
65,1;2;3;6;8;9;10,7,9,0,,,,False,False
65,1;2;3;6;8;9;10,7,10,0,,,,False,False
65,1;2;3;7;8;9;10,7,0,42,-0.023666391410893706,0.8817368612668999,0.9308316787699891,False,False
65,1;2;3;7;8;9;10,7,1,42,-0.023666391410893706,0.8817368612668999,0.9308316787699891,False,False
65,1;2;3;7;8;9;10,7,2,41,0.03672962415377146,0.8196555542647369,0.8948938762706088,False,False
65,1;2;3;7;8;9;10,7,3,39,-0.03582678629572487,0.82857607023799,0.8996848525330705,False,False
65,1;2;3;7;8;9;10,7,4,0,,,,False,False
65,1;2;3;7;8;9;10,7,5,0,,,,False,False
65,1;2;3;7;8;9;10,7,6,0,,,,False,False
65,1;2;3;7;8;9;10,7,7,0,,,,False,False
65,1;2;3;7;8;9;10,7,8,0,,,,False,False
65,1;2;3;7;8;9;10,7,9,0,,,,False,False
65,1;2;3;7;8;9;10,7,10,0,,,,False,False
65,1;2;4;5;6;7;8,7,0,43,0.21562986424540512,0.16492005781079905,0.7506525013658502,False,False
65,1;2;4;5;6;7;8,7,1,43,0.21562986424540512,0.16492005781079905,0.7506525013658502,False,False
65,1;2;4;5;6;7;8,7,2,38,0.1862417834507609,0.26290568525646557,0.7506525013658502,False,False
65,1;2;4;5;6;7;8,7,3,36,0.07083894556191803,0.6814025690230919,0.8176938320739783,False,False
65,1;2;4;5;6;7;8,7,4,0,,,,False,False
65,1;2;4;5;6;7;8,7,5,0,,,,False,False
65,1;2;4;5;6;7;8,7,6,0,,,,False,False
65,1;2;4;5;6;7;8,7,7,0,,,,False,False
65,1;2;4;5;6;7;8,7,8,0,,,,False,False
65,1;2;4;5;6;7;8,7,9,0,,,,False,False
65,1;2;4;5;6;7;8,7,10,0,,,,False,False
65,1;2;4;5;6;7;9,7,0,44,0.11379137619393494,0.4620527490499094,0.7510354628300103,False,False
65,1;2;4;5;6;7;9,7,1,44,0.11379137619393494,0.4620527490499094,0.7510354628300103,False,False
65,1;2;4;5;6;7;9,7,2,39,0.16427929646792686,0.317622456870076,0.7506525013658502,False,False
65,1;2;4;5;6;7;9,7,3,36,0.08147234180819521,0.6366635280031474,0.7975120491167828,False,False
65,1;2;4;5;6;7;9,7,4,0,,,,False,False
65,1;2;4;5;6;7;9,7,5,0,,,,False,False
65,1;2;4;5;6;7;9,7,6,0,,,,False,False
65,1;2;4;5;6;7;9,7,7,0,,,,False,False
65,1;2;4;5;6;7;9,7,8,0,,,,False,False
65,1;2;4;5;6;7;9,7,9,0,,,,False,False
65,1;2;4;5;6;7;9,7,10,0,,,,False,False
65,1;2;4;5;6;7;10,7,0,43,0.1331169188177906,0.3947801963887883,0.7506525013658502,False,False
65,1;2;4;5;6;7;10,7,1,43,0.1331169188177906,0.3947801963887883,0.7506525013658502,False,False
65,1;2;4;5;6;7;10,7,2,39,0.21998786977511986,0.1784061963925258,0.7506525013658502,False,False
65,1;2;4;5;6;7;10,7,3,35,0.1046352442693894,0.5497099919031883,0.7643432503986614,False,False
65,1;2;4;5;6;7;10,7,4,0,,,,False,False
65,1;2;4;5;6;7;10,7,5,0,,,,False,False
65,1;2;4;5;6;7;10,7,6,0,,,,False,False
65,1;2;4;5;6;7;10,7,7,0,,,,False,False
65,1;2;4;5;6;7;10,7,8,0,,,,False,False
65,1;2;4;5;6;7;10,7,9,0,,,,False,False
65,1;2;4;5;6;7;10,7,10,0,,,,False,False
65,1;2;4;5;6;8;9,7,0,44,0.3194503705829734,0.03453870660524241,0.7506525013658502,True,False
65,1;2;4;5;6;8;9,7,1,44,0.3194503705829734,0.03453870660524241,0.7506525013658502,True,False
65,1;2;4;5;6;8;9,7,2,38,0.1853301817836423,0.2652909908788586,0.7506525013658502,False,False
65,1;2;4;5;6;8;9,7,3,37,0.12876052597123172,0.44754899830114203,0.7509923134248312,False,False
65,1;2;4;5;6;8;9,7,4,0,,,,False,False
65,1;2;4;5;6;8;9,7,5,0,,,,False,False
65,1;2;4;5;6;8;9,7,6,0,,,,False,False
65,1;2;4;5;6;8;9,7,7,0,,,,False,False
65,1;2;4;5;6;8;9,7,8,0,,,,False,False
65,1;2;4;5;6;8;9,7,9,0,,,,False,False
65,1;2;4;5;6;8;9,7,10,0,,,,False,False
65,1;2;4;5;6;8;10,7,0,43,0.2768133322756408,0.07233639102127291,0.7506525013658502,False,False
65,1;2;4;5;6;8;10,7,1,43,0.2768133322756408,0.07233639102127291,0.7506525013658502,False,False
65,1;2;4;5;6;8;10,7,2,38,0.16081482657956095,0.33478992804384333,0.7506525013658502,False,False
65,1;2;4;5;6;8;10,7,3,36,0.053874614072301714,0.7549900413243364,0.8570250702133821,False,False
65,1;2;4;5;6;8;10,7,4,0,,,,False,False
65,1;2;4;5;6;8;10,7,5,0,,,,False,False
65,1;2;4;5;6;8;10,7,6,0,,,,False,False
65,1;2;4;5;6;8;10,7,7,0,,,,False,False
65,1;2;4;5;6;8;10,7,8,0,,,,False,False
65,1;2;4;5;6;8;10,7,9,0,,,,False,False
65,1;2;4;5;6;8;10,7,10,0,,,,False,False
65,1;2;4;5;6;9;10,7,0,43,0.20835032825778269,0.18000058019242818,0.7506525013658502,False,False
65,1;2;4;5;6;9;10,7,1,43,0.20835032825778269,0.18000058019242818,0.7506525013658502,False,False
65,1;2;4;5;6;9;10,7,2,40,0.16326417288549974,0.31412466580876114,0.7506525013658502,False,False
65,1;2;4;5;6;9;10,7,3,36,0.063396069457724,0.7133787494334007,0.8356141604337286,False,False
65,1;2;4;5;6;9;10,7,4,0,,,,False,False
65,1;2;4;5;6;9;10,7,5,0,,,,False,False
65,1;2;4;5;6;9;10,7,6,0,,,,False,False
65,1;2;4;5;6;9;10,7,7,0,,,,False,False
65,1;2;4;5;6;9;10,7,8,0,,,,False,False
65,1;2;4;5;6;9;10,7,9,0,,,,False,False
65,1;2;4;5;6;9;10,7,10,0,,,,False,False
65,1;2;4;5;7;8;9,7,0,44,-0.03083470479835652,0.8425027179664629,0.9067512986500851,False,False
65,1;2;4;5;7;8;9,7,1,44,-0.03083470479835652,0.8425027179664629,0.9067512986500851,False,False
65,1;2;4;5;7;8;9,7,2,40,-0.06051511829165676,0.7106858830943396,0.8347501682310761,False,False
65,1;2;4;5;7;8;9,7,3,37,0.06455860166424637,0.7042328547732788,0.8298681041381645,False,False
65,1;2;4;5;7;8;9,7,4,0,,,,False,False
65,1;2;4;5;7;8;9,7,5,0,,,,False,False
65,1;2;4;5;7;8;9,7,6,0,,,,False,False
65,1;2;4;5;7;8;9,7,7,0,,,,False,False
65,1;2;4;5;7;8;9,7,8,0,,,,False,False
65,1;2;4;5;7;8;9,7,9,0,,,,False,False
65,1;2;4;5;7;8;9,7,10,0,,,,False,False
65,1;2;4;5;7;8;10,7,0,43,0.009394705710532749,0.9523219818896782,0.9734329848047586,False,False
65,1;2;4;5;7;8;10,7,1,43,0.009394705710532749,0.9523219818896782,0.9734329848047586,False,False
65,1;2;4;5;7;8;10,7,2,40,0.025787157716817968,0.8744987336675349,0.9265342740461655,False,False
65,1;2;4;5;7;8;10,7,3,36,0.06890345524601862,0.689668070359106,0.821705364476319,False,False
65,1;2;4;5;7;8;10,7,4,0,,,,False,False
65,1;2;4;5;7;8;10,7,5,0,,,,False,False
65,1;2;4;5;7;8;10,7,6,0,,,,False,False
65,1;2;4;5;7;8;10,7,7,0,,,,False,False
65,1;2;4;5;7;8;10,7,8,0,,,,False,False
65,1;2;4;5;7;8;10,7,9,0,,,,False,False
65,1;2;4;5;7;8;10,7,10,0,,,,False,False
65,1;2;4;5;7;9;10,7,0,43,-0.015304278657480767,0.9224045688993385,0.9579287380909738,False,False
65,1;2;4;5;7;9;10,7,1,43,-0.015304278657480767,0.9224045688993385,0.9579287380909738,False,False
65,1;2;4;5;7;9;10,7,2,41,-0.05364578125855506,0.7390454114549004,0.8492682073771566,False,False
65,1;2;4;5;7;9;10,7,3,37,0.06259343532475854,0.7128476953275354,0.8355320344203492,False,False
65,1;2;4;5;7;9;10,7,4,0,,,,False,False
65,1;2;4;5;7;9;10,7,5,0,,,,False,False
65,1;2;4;5;7;9;10,7,6,0,,,,False,False
65,1;2;4;5;7;9;10,7,7,0,,,,False,False
65,1;2;4;5;7;9;10,7,8,0,,,,False,False
65,1;2;4;5;7;9;10,7,9,0,,,,False,False
65,1;2;4;5;7;9;10,7,10,0,,,,False,False
65,1;2;4;5;8;9;10,7,0,42,0.07589515054562665,0.632861439077807,0.7961247968617942,False,False
65,1;2;4;5;8;9;10,7,1,42,0.07589515054562665,0.632861439077807,0.7961247968617942,False,False
65,1;2;4;5;8;9;10,7,2,41,0.07452744529893725,0.6432958340192585,0.8007789549806573,False,False
65,1;2;4;5;8;9;10,7,3,38,0.12629664845054603,0.44990664938943176,0.7509923134248312,False,False
65,1;2;4;5;8;9;10,7,4,0,,,,False,False
65,1;2;4;5;8;9;10,7,5,0,,,,False,False
65,1;2;4;5;8;9;10,7,6,0,,,,False,False
65,1;2;4;5;8;9;10,7,7,0,,,,False,False
65,1;2;4;5;8;9;10,7,8,0,,,,False,False
65,1;2;4;5;8;9;10,7,9,0,,,,False,False
65,1;2;4;5;8;9;10,7,10,0,,,,False,False
65,1;2;4;6;7;8;9,7,0,44,0.0914432873951261,0.5549606218138146,0.7667025748435622,False,False
65,1;2;4;6;7;8;9,7,1,44,0.0914432873951261,0.5549606218138146,0.7667025748435622,False,False
65,1;2;4;6;7;8;9,7,2,41,0.11036377543347521,0.49213200544779295,0.7550319149425593,False,False
65,1;2;4;6;7;8;9,7,3,35,0.0077247495769347885,0.9648716336524993,0.9822763424253835,False,False
65,1;2;4;6;7;8;9,7,4,0,,,,False,False
65,1;2;4;6;7;8;9,7,5,0,,,,False,False
65,1;2;4;6;7;8;9,7,6,0,,,,False,False
65,1;2;4;6;7;8;9,7,7,0,,,,False,False
65,1;2;4;6;7;8;9,7,8,0,,,,False,False
65,1;2;4;6;7;8;9,7,9,0,,,,False,False
65,1;2;4;6;7;8;9,7,10,0,,,,False,False
65,1;2;4;6;7;8;10,7,0,43,0.11190306721336184,0.47496548183751697,0.7510354628300103,False,False
65,1;2;4;6;7;8;10,7,1,43,0.11190306721336184,0.47496548183751697,0.7510354628300103,False,False
65,1;2;4;6;7;8;10,7,2,40,0.1058779285818256,0.5155447020915206,0.756979384639706,False,False
65,1;2;4;6;7;8;10,7,3,35,0.04073049776929252,0.8162972944378004,0.8925799714723048,False,False
65,1;2;4;6;7;8;10,7,4,0,,,,False,False
65,1;2;4;6;7;8;10,7,5,0,,,,False,False
65,1;2;4;6;7;8;10,7,6,0,,,,False,False
65,1;2;4;6;7;8;10,7,7,0,,,,False,False
65,1;2;4;6;7;8;10,7,8,0,,,,False,False
65,1;2;4;6;7;8;10,7,9,0,,,,False,False
65,1;2;4;6;7;8;10,7,10,0,,,,False,False
65,1;2;4;6;7;9;10,7,0,43,0.03909409795673305,0.8034395807558813,0.8862693037479475,False,False
65,1;2;4;6;7;9;10,7,1,43,0.03909409795673305,0.8034395807558813,0.8862693037479475,False,False
65,1;2;4;6;7;9;10,7,2,42,0.03301908904750118,0.835551623848258,0.9035017823094259,False,False
65,1;2;4;6;7;9;10,7,3,35,0.03794823144631599,0.8286532468878581,0.8996848525330705,False,False
65,1;2;4;6;7;9;10,7,4,0,,,,False,False
65,1;2;4;6;7;9;10,7,5,0,,,,False,False
65,1;2;4;6;7;9;10,7,6,0,,,,False,False
65,1;2;4;6;7;9;10,7,7,0,,,,False,False
65,1;2;4;6;7;9;10,7,8,0,,,,False,False
65,1;2;4;6;7;9;10,7,9,0,,,,False,False
65,1;2;4;6;7;9;10,7,10,0,,,,False,False
65,1;2;4;6;8;9;10,7,0,43,0.15842201323164498,0.31026950937723674,0.7506525013658502,False,False
65,1;2;4;6;8;9;10,7,1,43,0.15842201323164498,0.31026950937723674,0.7506525013658502,False,False
65,1;2;4;6;8;9;10,7,2,41,0.1218825160516031,0.4477743622295016,0.7509923134248312,False,False
65,1;2;4;6;8;9;10,7,3,36,0.0006452051738234367,0.9970202247045176,0.9976698550838657,False,False
65,1;2;4;6;8;9;10,7,4,0,,,,False,False
65,1;2;4;6;8;9;10,7,5,0,,,,False,False
65,1;2;4;6;8;9;10,7,6,0,,,,False,False
65,1;2;4;6;8;9;10,7,7,0,,,,False,False
65,1;2;4;6;8;9;10,7,8,0,,,,False,False
65,1;2;4;6;8;9;10,7,9,0,,,,False,False
65,1;2;4;6;8;9;10,7,10,0,,,,False,False
65,1;2;4;7;8;9;10,7,0,43,-0.04356415954480911,0.7814859381413752,0.8724197090260369,False,False
65,1;2;4;7;8;9;10,7,1,43,-0.04356415954480911,0.7814859381413752,0.8724197090260369,False,False
65,1;2;4;7;8;9;10,7,2,41,-0.08903102785418177,0.5798881281489816,0.7733483738375044,False,False
65,1;2;4;7;8;9;10,7,3,38,-0.0015364422147932232,0.9926955724285076,0.9946385420695355,False,False
65,1;2;4;7;8;9;10,7,4,0,,,,False,False
65,1;2;4;7;8;9;10,7,5,0,,,,False,False
65,1;2;4;7;8;9;10,7,6,0,,,,False,False
65,1;2;4;7;8;9;10,7,7,0,,,,False,False
65,1;2;4;7;8;9;10,7,8,0,,,,False,False
65,1;2;4;7;8;9;10,7,9,0,,,,False,False
65,1;2;4;7;8;9;10,7,10,0,,,,False,False
65,1;2;5;6;7;8;9,7,0,44,0.04038214779784764,0.7946635390382654,0.8813792412010313,False,False
65,1;2;5;6;7;8;9,7,1,44,0.04038214779784764,0.7946635390382654,0.8813792412010313,False,False
65,1;2;5;6;7;8;9,7,2,41,-0.05247089164824495,0.7445666255437529,0.8522214981768723,False,False
65,1;2;5;6;7;8;9,7,3,36,0.025048548828510094,0.8847031071335141,0.9328409178031543,False,False
65,1;2;5;6;7;8;9,7,4,0,,,,False,False
65,1;2;5;6;7;8;9,7,5,0,,,,False,False
65,1;2;5;6;7;8;9,7,6,0,,,,False,False
65,1;2;5;6;7;8;9,7,7,0,,,,False,False
65,1;2;5;6;7;8;9,7,8,0,,,,False,False
65,1;2;5;6;7;8;9,7,9,0,,,,False,False
65,1;2;5;6;7;8;9,7,10,0,,,,False,False
65,1;2;5;6;7;8;10,7,0,43,0.026365786994075775,0.8667198021888881,0.9217901220301834,False,False
65,1;2;5;6;7;8;10,7,1,43,0.026365786994075775,0.8667198021888881,0.9217901220301834,False,False
65,1;2;5;6;7;8;10,7,2,41,-0.051771279759601684,0.747860366739416,0.8528208988020998,False,False
65,1;2;5;6;7;8;10,7,3,35,-0.0481743473616115,0.783460496029255,0.8744182098669537,False,False
65,1;2;5;6;7;8;10,7,4,0,,,,False,False
65,1;2;5;6;7;8;10,7,5,0,,,,False,False
65,1;2;5;6;7;8;10,7,6,0,,,,False,False
65,1;2;5;6;7;8;10,7,7,0,,,,False,False
65,1;2;5;6;7;8;10,7,8,0,,,,False,False
65,1;2;5;6;7;8;10,7,9,0,,,,False,False
65,1;2;5;6;7;8;10,7,10,0,,,,False,False
65,1;2;5;6;7;9;10,7,0,43,-0.06455071988204758,0.6808938409073231,0.8176938320739783,False,False
65,1;2;5;6;7;9;10,7,1,43,-0.06455071988204758,0.6808938409073231,0.8176938320739783,False,False
65,1;2;5;6;7;9;10,7,2,42,-0.07262573034339546,0.6476215811874546,0.8023796636191541,False,False
65,1;2;5;6;7;9;10,7,3,36,0.03256894643119859,0.8504321648419555,0.913003283576395,False,False
65,1;2;5;6;7;9;10,7,4,0,,,,False,False
65,1;2;5;6;7;9;10,7,5,0,,,,False,False
65,1;2;5;6;7;9;10,7,6,0,,,,False,False
65,1;2;5;6;7;9;10,7,7,0,,,,False,False
65,1;2;5;6;7;9;10,7,8,0,,,,False,False
65,1;2;5;6;7;9;10,7,9,0,,,,False,False
65,1;2;5;6;7;9;10,7,10,0,,,,False,False
65,1;2;5;6;8;9;10,7,0,43,-0.056065179240276077,0.721023192608586,0.8382372203244784,False,False
65,1;2;5;6;8;9;10,7,1,43,-0.056065179240276077,0.721023192608586,0.8382372203244784,False,False
65,1;2;5;6;8;9;10,7,2,41,-0.029531390985979827,0.8545742126356847,0.9147494879631065,False,False
65,1;2;5;6;8;9;10,7,3,37,-0.04209043779743203,0.8046387655027202,0.886618105198782,False,False
65,1;2;5;6;8;9;10,7,4,0,,,,False,False
65,1;2;5;6;8;9;10,7,5,0,,,,False,False
65,1;2;5;6;8;9;10,7,6,0,,,,False,False
65,1;2;5;6;8;9;10,7,7,0,,,,False,False
65,1;2;5;6;8;9;10,7,8,0,,,,False,False
65,1;2;5;6;8;9;10,7,9,0,,,,False,False
65,1;2;5;6;8;9;10,7,10,0,,,,False,False
65,1;2;5;7;8;9;10,7,0,43,-0.13698087036002587,0.38107668298035696,0.7506525013658502,False,False
65,1;2;5;7;8;9;10,7,1,43,-0.13698087036002587,0.38107668298035696,0.7506525013658502,False,False
65,1;2;5;7;8;9;10,7,2,41,-0.13236703356141843,0.40937691121288855,0.7506525013658502,False,False
65,1;2;5;7;8;9;10,7,3,39,-0.09273328986952882,0.5744638840379461,0.7715780873298177,False,False
65,1;2;5;7;8;9;10,7,4,0,,,,False,False
65,1;2;5;7;8;9;10,7,5,0,,,,False,False
65,1;2;5;7;8;9;10,7,6,0,,,,False,False
65,1;2;5;7;8;9;10,7,7,0,,,,False,False
65,1;2;5;7;8;9;10,7,8,0,,,,False,False
65,1;2;5;7;8;9;10,7,9,0,,,,False,False
65,1;2;5;7;8;9;10,7,10,0,,,,False,False
65,1;2;6;7;8;9;10,7,0,43,-0.03424521759000647,0.8274231890537379,0.8986670173898712,False,False
65,1;2;6;7;8;9;10,7,1,43,-0.03424521759000647,0.8274231890537379,0.8986670173898712,False,False
65,1;2;6;7;8;9;10,7,2,41,0.0005247089164824495,0.9974021956613245,0.9978895257243512,False,False
65,1;2;6;7;8;9;10,7,3,38,-0.0965763677870026,0.5640742731461749,0.7702155202938398,False,False
65,1;2;6;7;8;9;10,7,4,0,,,,False,False
65,1;2;6;7;8;9;10,7,5,0,,,,False,False
65,1;2;6;7;8;9;10,7,6,0,,,,False,False
65,1;2;6;7;8;9;10,7,7,0,,,,False,False
65,1;2;6;7;8;9;10,7,8,0,,,,False,False
65,1;2;6;7;8;9;10,7,9,0,,,,False,False
65,1;2;6;7;8;9;10,7,10,0,,,,False,False
65,1;3;4;5;6;7;8,7,0,43,0.16689524114881618,0.2847629853985556,0.7506525013658502,False,False
65,1;3;4;5;6;7;8,7,1,43,0.16689524114881618,0.2847629853985556,0.7506525013658502,False,False
65,1;3;4;5;6;7;8,7,2,39,0.1763792329349637,0.2827782373504701,0.7506525013658502,False,False
65,1;3;4;5;6;7;8,7,3,37,0.14088755611810672,0.40556026592035044,0.7506525013658502,False,False
65,1;3;4;5;6;7;8,7,4,0,,,,False,False
65,1;3;4;5;6;7;8,7,5,0,,,,False,False
65,1;3;4;5;6;7;8,7,6,0,,,,False,False
65,1;3;4;5;6;7;8,7,7,0,,,,False,False
65,1;3;4;5;6;7;8,7,8,0,,,,False,False
65,1;3;4;5;6;7;8,7,9,0,,,,False,False
65,1;3;4;5;6;7;8,7,10,0,,,,False,False
65,1;3;4;5;6;7;9,7,0,43,0.17326181710544677,0.2665237237718884,0.7506525013658502,False,False
65,1;3;4;5;6;7;9,7,1,43,0.17326181710544677,0.2665237237718884,0.7506525013658502,False,False
65,1;3;4;5;6;7;9,7,2,41,0.22410974314088494,0.15894902731803318,0.7506525013658502,False,False
65,1;3;4;5;6;7;9,7,3,37,0.1977762157980013,0.24064781761266554,0.7506525013658502,False,False
65,1;3;4;5;6;7;9,7,4,0,,,,False,False
65,1;3;4;5;6;7;9,7,5,0,,,,False,False
65,1;3;4;5;6;7;9,7,6,0,,,,False,False
65,1;3;4;5;6;7;9,7,7,0,,,,False,False
65,1;3;4;5;6;7;9,7,8,0,,,,False,False
65,1;3;4;5;6;7;9,7,9,0,,,,False,False
65,1;3;4;5;6;7;9,7,10,0,,,,False,False
65,1;3;4;5;6;7;10,7,0,43,0.12543670485980507,0.4228546865718901,0.7506525013658502,False,False
65,1;3;4;5;6;7;10,7,1,43,0.12543670485980507,0.4228546865718901,0.7506525013658502,False,False
65,1;3;4;5;6;7;10,7,2,40,0.16294755477969242,0.3150768623359353,0.7506525013658502,False,False
65,1;3;4;5;6;7;10,7,3,36,0.11000702887572475,0.5230238879331057,0.7595331817189964,False,False
65,1;3;4;5;6;7;10,7,4,0,,,,False,False
65,1;3;4;5;6;7;10,7,5,0,,,,False,False
65,1;3;4;5;6;7;10,7,6,0,,,,False,False
65,1;3;4;5;6;7;10,7,7,0,,,,False,False
65,1;3;4;5;6;7;10,7,8,0,,,,False,False
65,1;3;4;5;6;7;10,7,9,0,,,,False,False
65,1;3;4;5;6;7;10,7,10,0,,,,False,False
65,1;3;4;5;6;8;9,7,0,43,0.23981674832577374,0.12139485547828092,0.7506525013658502,False,False
65,1;3;4;5;6;8;9,7,1,43,0.23981674832577374,0.12139485547828092,0.7506525013658502,False,False
65,1;3;4;5;6;8;9,7,2,41,0.2971654295353678,0.059185273137493034,0.7506525013658502,False,False
65,1;3;4;5;6;8;9,7,3,37,0.17056133243198116,0.3128331349025952,0.7506525013658502,False,False
65,1;3;4;5;6;8;9,7,4,0,,,,False,False
65,1;3;4;5;6;8;9,7,5,0,,,,False,False
65,1;3;4;5;6;8;9,7,6,0,,,,False,False
65,1;3;4;5;6;8;9,7,7,0,,,,False,False
65,1;3;4;5;6;8;9,7,8,0,,,,False,False
65,1;3;4;5;6;8;9,7,9,0,,,,False,False
65,1;3;4;5;6;8;9,7,10,0,,,,False,False
65,1;3;4;5;6;8;10,7,0,43,0.228287223587754,0.14091565792899005,0.7506525013658502,False,False
65,1;3;4;5;6;8;10,7,1,43,0.228287223587754,0.14091565792899005,0.7506525013658502,False,False
65,1;3;4;5;6;8;10,7,2,40,0.28088965767332374,0.07913808552755995,0.7506525013658502,False,False
65,1;3;4;5;6;8;10,7,3,36,0.1301939819161663,0.44915456920192265,0.7509923134248312,False,False
65,1;3;4;5;6;8;10,7,4,0,,,,False,False
65,1;3;4;5;6;8;10,7,5,0,,,,False,False
65,1;3;4;5;6;8;10,7,6,0,,,,False,False
65,1;3;4;5;6;8;10,7,7,0,,,,False,False
65,1;3;4;5;6;8;10,7,8,0,,,,False,False
65,1;3;4;5;6;8;10,7,9,0,,,,False,False
65,1;3;4;5;6;8;10,7,10,0,,,,False,False
65,1;3;4;5;6;9;10,7,0,43,0.16537938973057079,0.2892226619441149,0.7506525013658502,False,False
65,1;3;4;5;6;9;10,7,1,43,0.16537938973057079,0.2892226619441149,0.7506525013658502,False,False
65,1;3;4;5;6;9;10,7,2,41,0.21755064903717583,0.171827759130919,0.7506525013658502,False,False
65,1;3;4;5;6;9;10,7,3,37,0.1449298995003984,0.3920818348390487,0.7506525013658502,False,False
65,1;3;4;5;6;9;10,7,4,0,,,,False,False
65,1;3;4;5;6;9;10,7,5,0,,,,False,False
65,1;3;4;5;6;9;10,7,6,0,,,,False,False
65,1;3;4;5;6;9;10,7,7,0,,,,False,False
65,1;3;4;5;6;9;10,7,8,0,,,,False,False
65,1;3;4;5;6;9;10,7,9,0,,,,False,False
65,1;3;4;5;6;9;10,7,10,0,,,,False,False
65,1;3;4;5;7;8;9,7,0,43,0.0951196764948975,0.5440235726021411,0.7631477354085332,False,False
65,1;3;4;5;7;8;9,7,1,43,0.0951196764948975,0.5440235726021411,0.7631477354085332,False,False
65,1;3;4;5;7;8;9,7,2,43,0.0951196764948975,0.5440235726021411,0.7631477354085332,False,False
65,1;3;4;5;7;8;9,7,3,37,0.136131858021293,0.42175108570891795,0.7506525013658502,False,False
65,1;3;4;5;7;8;9,7,4,0,,,,False,False
65,1;3;4;5;7;8;9,7,5,0,,,,False,False
65,1;3;4;5;7;8;9,7,6,0,,,,False,False
65,1;3;4;5;7;8;9,7,7,0,,,,False,False
65,1;3;4;5;7;8;9,7,8,0,,,,False,False
65,1;3;4;5;7;8;9,7,9,0,,,,False,False
65,1;3;4;5;7;8;9,7,10,0,,,,False,False
65,1;3;4;5;7;8;10,7,0,43,0.1095202649682286,0.48447867964234975,0.7526877465585478,False,False
65,1;3;4;5;7;8;10,7,1,43,0.1095202649682286,0.48447867964234975,0.7526877465585478,False,False
65,1;3;4;5;7;8;10,7,2,42,0.09214440367196758,0.5616587966014759,0.7692215166831052,False,False
65,1;3;4;5;7;8;10,7,3,36,0.13380689717251182,0.4365595618663056,0.7509041397983071,False,False
65,1;3;4;5;7;8;10,7,4,0,,,,False,False
65,1;3;4;5;7;8;10,7,5,0,,,,False,False
65,1;3;4;5;7;8;10,7,6,0,,,,False,False
65,1;3;4;5;7;8;10,7,7,0,,,,False,False
65,1;3;4;5;7;8;10,7,8,0,,,,False,False
65,1;3;4;5;7;8;10,7,9,0,,,,False,False
65,1;3;4;5;7;8;10,7,10,0,,,,False,False
65,1;3;4;5;7;9;10,7,0,43,0.0846603017090044,0.5893580161655124,0.7773945074295122,False,False
65,1;3;4;5;7;9;10,7,1,43,0.0846603017090044,0.5893580161655124,0.7773945074295122,False,False
65,1;3;4;5;7;9;10,7,2,42,0.06481826101196661,0.6834039543818841,0.81879939902294,False,False
65,1;3;4;5;7;9;10,7,3,38,0.12309966936810315,0.46155079013161326,0.7510354628300103,False,False
65,1;3;4;5;7;9;10,7,4,0,,,,False,False
65,1;3;4;5;7;9;10,7,5,0,,,,False,False
65,1;3;4;5;7;9;10,7,6,0,,,,False,False
65,1;3;4;5;7;9;10,7,7,0,,,,False,False
65,1;3;4;5;7;9;10,7,8,0,,,,False,False
65,1;3;4;5;7;9;10,7,9,0,,,,False,False
65,1;3;4;5;7;9;10,7,10,0,,,,False,False
65,1;3;4;5;8;9;10,7,0,43,0.1057346282915469,0.49979468665043564,0.7558129676892907,False,False
65,1;3;4;5;8;9;10,7,1,43,0.1057346282915469,0.49979468665043564,0.7558129676892907,False,False
65,1;3;4;5;8;9;10,7,2,41,0.12512069190996264,0.4357102571161782,0.7509041397983071,False,False
65,1;3;4;5;8;9;10,7,3,39,0.19788981892550175,0.2272012911870996,0.7506525013658502,False,False
65,1;3;4;5;8;9;10,7,4,0,,,,False,False
65,1;3;4;5;8;9;10,7,5,0,,,,False,False
65,1;3;4;5;8;9;10,7,6,0,,,,False,False
65,1;3;4;5;8;9;10,7,7,0,,,,False,False
65,1;3;4;5;8;9;10,7,8,0,,,,False,False
65,1;3;4;5;8;9;10,7,9,0,,,,False,False
65,1;3;4;5;8;9;10,7,10,0,,,,False,False
65,1;3;4;6;7;8;9,7,0,43,0.1368055904966454,0.38169215469858814,0.7506525013658502,False,False
65,1;3;4;6;7;8;9,7,1,43,0.1368055904966454,0.38169215469858814,0.7506525013658502,False,False
65,1;3;4;6;7;8;9,7,2,43,0.1368055904966454,0.38169215469858814,0.7506525013658502,False,False
65,1;3;4;6;7;8;9,7,3,36,0.13699232117035676,0.4256180347688752,0.7506525013658502,False,False
65,1;3;4;6;7;8;9,7,4,0,,,,False,False
65,1;3;4;6;7;8;9,7,5,0,,,,False,False
65,1;3;4;6;7;8;9,7,6,0,,,,False,False
65,1;3;4;6;7;8;9,7,7,0,,,,False,False
65,1;3;4;6;7;8;9,7,8,0,,,,False,False
65,1;3;4;6;7;8;9,7,9,0,,,,False,False
65,1;3;4;6;7;8;9,7,10,0,,,,False,False
65,1;3;4;6;7;8;10,7,0,43,0.13157590310369885,0.4003244268393484,0.7506525013658502,False,False
65,1;3;4;6;7;8;10,7,1,43,0.13157590310369885,0.4003244268393484,0.7506525013658502,False,False
65,1;3;4;6;7;8;10,7,2,41,0.1171644831721862,0.46567363711158244,0.7510354628300103,False,False
65,1;3;4;6;7;8;10,7,3,36,0.18192476958438514,0.28827236411841345,0.7506525013658502,False,False
65,1;3;4;6;7;8;10,7,4,0,,,,False,False
65,1;3;4;6;7;8;10,7,5,0,,,,False,False
65,1;3;4;6;7;8;10,7,6,0,,,,False,False
65,1;3;4;6;7;8;10,7,7,0,,,,False,False
65,1;3;4;6;7;8;10,7,8,0,,,,False,False
65,1;3;4;6;7;8;10,7,9,0,,,,False,False
65,1;3;4;6;7;8;10,7,10,0,,,,False,False
65,1;3;4;6;7;9;10,7,0,43,0.0909510850947227,0.5618902623656873,0.7692215166831052,False,False
65,1;3;4;6;7;9;10,7,1,43,0.0909510850947227,0.5618902623656873,0.7692215166831052,False,False
65,1;3;4;6;7;9;10,7,2,42,0.07238174692678831,0.648728523379462,0.8028080820145115,False,False
65,1;3;4;6;7;9;10,7,3,37,0.11245398551691412,0.5075482619692221,0.7558559619392049,False,False
65,1;3;4;6;7;9;10,7,4,0,,,,False,False
65,1;3;4;6;7;9;10,7,5,0,,,,False,False
65,1;3;4;6;7;9;10,7,6,0,,,,False,False
65,1;3;4;6;7;9;10,7,7,0,,,,False,False
65,1;3;4;6;7;9;10,7,8,0,,,,False,False
65,1;3;4;6;7;9;10,7,9,0,,,,False,False
65,1;3;4;6;7;9;10,7,10,0,,,,False,False
65,1;3;4;6;8;9;10,7,0,43,0.2366244063881036,0.1265832659219212,0.7506525013658502,False,False
65,1;3;4;6;8;9;10,7,1,43,0.2366244063881036,0.1265832659219212,0.7506525013658502,False,False
65,1;3;4;6;8;9;10,7,2,42,0.2195037471409007,0.16249848714108298,0.7506525013658502,False,False
65,1;3;4;6;8;9;10,7,3,37,0.18774935391651612,0.26580786129759804,0.7506525013658502,False,False
65,1;3;4;6;8;9;10,7,4,0,,,,False,False
65,1;3;4;6;8;9;10,7,5,0,,,,False,False
65,1;3;4;6;8;9;10,7,6,0,,,,False,False
65,1;3;4;6;8;9;10,7,7,0,,,,False,False
65,1;3;4;6;8;9;10,7,8,0,,,,False,False
65,1;3;4;6;8;9;10,7,9,0,,,,False,False
65,1;3;4;6;8;9;10,7,10,0,,,,False,False
65,1;3;4;7;8;9;10,7,0,43,0.05343376249314959,0.7336253870808469,0.8461623644081191,False,False
65,1;3;4;7;8;9;10,7,1,43,0.05343376249314959,0.7336253870808469,0.8461623644081191,False,False
65,1;3;4;7;8;9;10,7,2,42,0.03163651635339399,0.8423485815216988,0.9067512986500851,False,False
65,1;3;4;7;8;9;10,7,3,39,0.0479043714775698,0.7721256591020463,0.8673912004455793,False,False
65,1;3;4;7;8;9;10,7,4,0,,,,False,False
65,1;3;4;7;8;9;10,7,5,0,,,,False,False
65,1;3;4;7;8;9;10,7,6,0,,,,False,False
65,1;3;4;7;8;9;10,7,7,0,,,,False,False
65,1;3;4;7;8;9;10,7,8,0,,,,False,False
65,1;3;4;7;8;9;10,7,9,0,,,,False,False
65,1;3;4;7;8;9;10,7,10,0,,,,False,False
65,1;3;5;6;7;8;9,7,0,43,0.01470375875698017,0.9254405884496606,0.959196188607744,False,False
65,1;3;5;6;7;8;9,7,1,43,0.01470375875698017,0.9254405884496606,0.959196188607744,False,False
65,1;3;5;6;7;8;9,7,2,43,0.01470375875698017,0.9254405884496606,0.959196188607744,False,False
65,1;3;5;6;7;8;9,7,3,37,0.07604031401619907,0.6546523933716581,0.8051918483402789,False,False
65,1;3;5;6;7;8;9,7,4,0,,,,False,False
65,1;3;5;6;7;8;9,7,5,0,,,,False,False
65,1;3;5;6;7;8;9,7,6,0,,,,False,False
65,1;3;5;6;7;8;9,7,7,0,,,,False,False
65,1;3;5;6;7;8;9,7,8,0,,,,False,False
65,1;3;5;6;7;8;9,7,9,0,,,,False,False
65,1;3;5;6;7;8;9,7,10,0,,,,False,False
65,1;3;5;6;7;8;10,7,0,43,0.04289859513634422,0.7847445409789094,0.8746264004778919,False,False
65,1;3;5;6;7;8;10,7,1,43,0.04289859513634422,0.7847445409789094,0.8746264004778919,False,False
65,1;3;5;6;7;8;10,7,2,42,0.017566805995714915,0.9120773852486415,0.9504480708367099,False,False
65,1;3;5;6;7;8;10,7,3,36,0.039509566708887056,0.8190395830276407,0.8946230722864148,False,False
65,1;3;5;6;7;8;10,7,4,0,,,,False,False
65,1;3;5;6;7;8;10,7,5,0,,,,False,False
65,1;3;5;6;7;8;10,7,6,0,,,,False,False
65,1;3;5;6;7;8;10,7,7,0,,,,False,False
65,1;3;5;6;7;8;10,7,8,0,,,,False,False
65,1;3;5;6;7;8;10,7,9,0,,,,False,False
65,1;3;5;6;7;8;10,7,10,0,,,,False,False
65,1;3;5;6;7;9;10,7,0,43,-0.019402898153540845,0.901714627082366,0.944939091464854,False,False
65,1;3;5;6;7;9;10,7,1,43,-0.019402898153540845,0.901714627082366,0.944939091464854,False,False
65,1;3;5;6;7;9;10,7,2,42,-0.0496099613767875,0.7550414585698884,0.8570250702133821,False,False
65,1;3;5;6;7;9;10,7,3,38,0.12104356889896636,0.4691238792224236,0.7510354628300103,False,False
65,1;3;5;6;7;9;10,7,4,0,,,,False,False
65,1;3;5;6;7;9;10,7,5,0,,,,False,False
65,1;3;5;6;7;9;10,7,6,0,,,,False,False
65,1;3;5;6;7;9;10,7,7,0,,,,False,False
65,1;3;5;6;7;9;10,7,8,0,,,,False,False
65,1;3;5;6;7;9;10,7,9,0,,,,False,False
65,1;3;5;6;7;9;10,7,10,0,,,,False,False
65,1;3;5;6;8;9;10,7,0,43,0.0568444281842017,0.7173050525452419,0.8375798927824868,False,False
65,1;3;5;6;8;9;10,7,1,43,0.0568444281842017,0.7173050525452419,0.8375798927824868,False,False
65,1;3;5;6;8;9;10,7,2,42,0.028790043159643886,0.8563774246644895,0.9151946746725005,False,False
65,1;3;5;6;8;9;10,7,3,38,0.16151925848757934,0.332648971247268,0.7506525013658502,False,False
65,1;3;5;6;8;9;10,7,4,0,,,,False,False
65,1;3;5;6;8;9;10,7,5,0,,,,False,False
65,1;3;5;6;8;9;10,7,6,0,,,,False,False
65,1;3;5;6;8;9;10,7,7,0,,,,False,False
65,1;3;5;6;8;9;10,7,8,0,,,,False,False
65,1;3;5;6;8;9;10,7,9,0,,,,False,False
65,1;3;5;6;8;9;10,7,10,0,,,,False,False
65,1;3;5;7;8;9;10,7,0,43,-0.0904963296692491,0.5638557440796295,0.7702155202938398,False,False
65,1;3;5;7;8;9;10,7,1,43,-0.0904963296692491,0.5638557440796295,0.7702155202938398,False,False
65,1;3;5;7;8;9;10,7,2,42,-0.11979585755411143,0.44985082089858913,0.7509923134248312,False,False
65,1;3;5;7;8;9;10,7,3,40,-0.0424452851470252,0.7948234905268046,0.8813792412010313,False,False
65,1;3;5;7;8;9;10,7,4,0,,,,False,False
65,1;3;5;7;8;9;10,7,5,0,,,,False,False
65,1;3;5;7;8;9;10,7,6,0,,,,False,False
65,1;3;5;7;8;9;10,7,7,0,,,,False,False
65,1;3;5;7;8;9;10,7,8,0,,,,False,False
65,1;3;5;7;8;9;10,7,9,0,,,,False,False
65,1;3;5;7;8;9;10,7,10,0,,,,False,False
65,1;3;6;7;8;9;10,7,0,43,-0.0037896285456134465,0.980758442678841,0.9885592999526278,False,False
65,1;3;6;7;8;9;10,7,1,43,-0.0037896285456134465,0.980758442678841,0.9885592999526278,False,False
65,1;3;6;7;8;9;10,7,2,41,0.027809572573569825,0.8629701104659421,0.919234504697812,False,False
65,1;3;6;7;8;9;10,7,3,40,0.002070501714489034,0.9898832874020241,0.9943459221403065,False,False
65,1;3;6;7;8;9;10,7,4,0,,,,False,False
65,1;3;6;7;8;9;10,7,5,0,,,,False,False
65,1;3;6;7;8;9;10,7,6,0,,,,False,False
65,1;3;6;7;8;9;10,7,7,0,,,,False,False
65,1;3;6;7;8;9;10,7,8,0,,,,False,False
65,1;3;6;7;8;9;10,7,9,0,,,,False,False
65,1;3;6;7;8;9;10,7,10,0,,,,False,False
65,1;4;5;6;7;8;9,7,0,44,0.096323091594866,0.5339483279721525,0.760535689565614,False,False
65,1;4;5;6;7;8;9,7,1,44,0.096323091594866,0.5339483279721525,0.760535689565614,False,False
65,1;4;5;6;7;8;9,7,2,42,0.05329146690973781,0.7374864673047304,0.8491807626341066,False,False
65,1;4;5;6;7;8;9,7,3,37,0.044703562110049055,0.7927668596778863,0.8803486865361391,False,False
65,1;4;5;6;7;8;9,7,4,0,,,,False,False
65,1;4;5;6;7;8;9,7,5,0,,,,False,False
65,1;4;5;6;7;8;9,7,6,0,,,,False,False
65,1;4;5;6;7;8;9,7,7,0,,,,False,False
65,1;4;5;6;7;8;9,7,8,0,,,,False,False
65,1;4;5;6;7;8;9,7,9,0,,,,False,False
65,1;4;5;6;7;8;9,7,10,0,,,,False,False
65,1;4;5;6;7;8;10,7,0,44,0.11336704539395757,0.463735056258291,0.7510354628300103,False,False
65,1;4;5;6;7;8;10,7,1,44,0.11336704539395757,0.463735056258291,0.7510354628300103,False,False
65,1;4;5;6;7;8;10,7,2,41,0.02509857650507717,0.8762192658971907,0.9276380546904089,False,False
65,1;4;5;6;7;8;10,7,3,36,0.01380649758674905,0.9363015603447898,0.9660229232781397,False,False
65,1;4;5;6;7;8;10,7,4,0,,,,False,False
65,1;4;5;6;7;8;10,7,5,0,,,,False,False
65,1;4;5;6;7;8;10,7,6,0,,,,False,False
65,1;4;5;6;7;8;10,7,7,0,,,,False,False
65,1;4;5;6;7;8;10,7,8,0,,,,False,False
65,1;4;5;6;7;8;10,7,9,0,,,,False,False
65,1;4;5;6;7;8;10,7,10,0,,,,False,False
65,1;4;5;6;7;9;10,7,0,44,0.034229351198175585,0.8254195282548402,0.8972971598866822,False,False
65,1;4;5;6;7;9;10,7,1,44,0.034229351198175585,0.8254195282548402,0.8972971598866822,False,False
65,1;4;5;6;7;9;10,7,2,42,-0.006180913220714507,0.9690112845704454,0.9832567428338695,False,False
65,1;4;5;6;7;9;10,7,3,37,0.0118998926472925,0.9442715081627862,0.9696857028826471,False,False
65,1;4;5;6;7;9;10,7,4,0,,,,False,False
65,1;4;5;6;7;9;10,7,5,0,,,,False,False
65,1;4;5;6;7;9;10,7,6,0,,,,False,False
65,1;4;5;6;7;9;10,7,7,0,,,,False,False
65,1;4;5;6;7;9;10,7,8,0,,,,False,False
65,1;4;5;6;7;9;10,7,9,0,,,,False,False
65,1;4;5;6;7;9;10,7,10,0,,,,False,False
65,1;4;5;6;8;9;10,7,0,44,0.1294208939931019,0.402425917352303,0.7506525013658502,False,False
65,1;4;5;6;8;9;10,7,1,44,0.1294208939931019,0.402425917352303,0.7506525013658502,False,False
65,1;4;5;6;8;9;10,7,2,41,0.13857037308805917,0.387575272503904,0.7506525013658502,False,False
65,1;4;5;6;8;9;10,7,3,38,0.10939857385334005,0.5132295534913905,0.756979384639706,False,False
65,1;4;5;6;8;9;10,7,4,0,,,,False,False
65,1;4;5;6;8;9;10,7,5,0,,,,False,False
65,1;4;5;6;8;9;10,7,6,0,,,,False,False
65,1;4;5;6;8;9;10,7,7,0,,,,False,False
65,1;4;5;6;8;9;10,7,8,0,,,,False,False
65,1;4;5;6;8;9;10,7,9,0,,,,False,False
65,1;4;5;6;8;9;10,7,10,0,,,,False,False
65,1;4;5;7;8;9;10,7,0,44,-0.041301531197798634,0.7900929170743242,0.8787870341458579,False,False
65,1;4;5;7;8;9;10,7,1,44,-0.041301531197798634,0.7900929170743242,0.8787870341458579,False,False
65,1;4;5;7;8;9;10,7,2,41,-0.05111202286034969,0.7509681724715347,0.8546208102974874,False,False
65,1;4;5;7;8;9;10,7,3,40,-0.03642200743214801,0.8234402200087405,0.8962426065757783,False,False
65,1;4;5;7;8;9;10,7,4,0,,,,False,False
65,1;4;5;7;8;9;10,7,5,0,,,,False,False
65,1;4;5;7;8;9;10,7,6,0,,,,False,False
65,1;4;5;7;8;9;10,7,7,0,,,,False,False
65,1;4;5;7;8;9;10,7,8,0,,,,False,False
65,1;4;5;7;8;9;10,7,9,0,,,,False,False
65,1;4;5;7;8;9;10,7,10,0,,,,False,False
65,1;4;6;7;8;9;10,7,0,44,0.051344026797263374,0.7406509052406272,0.8496393110911621,False,False
65,1;4;6;7;8;9;10,7,1,44,0.051344026797263374,0.7406509052406272,0.8496393110911621,False,False
65,1;4;6;7;8;9;10,7,2,42,0.02203983530017936,0.8898131645522243,0.9366568271715432,False,False
65,1;4;6;7;8;9;10,7,3,38,0.04323987375918071,0.7965883659400393,0.8818783032715294,False,False
65,1;4;6;7;8;9;10,7,4,0,,,,False,False
65,1;4;6;7;8;9;10,7,5,0,,,,False,False
65,1;4;6;7;8;9;10,7,6,0,,,,False,False
65,1;4;6;7;8;9;10,7,7,0,,,,False,False
65,1;4;6;7;8;9;10,7,8,0,,,,False,False
65,1;4;6;7;8;9;10,7,9,0,,,,False,False
65,1;4;6;7;8;9;10,7,10,0,,,,False,False
65,1;5;6;7;8;9;10,7,0,44,-0.09540370819491502,0.5378773600479185,0.7607575480089929,False,False
65,1;5;6;7;8;9;10,7,1,44,-0.09540370819491502,0.5378773600479185,0.7607575480089929,False,False
65,1;5;6;7;8;9;10,7,2,42,-0.1433809211594694,0.36500730621584065,0.7506525013658502,False,False
65,1;5;6;7;8;9;10,7,3,39,-0.14321351447539502,0.3844286981885921,0.7506525013658502,False,False
65,1;5;6;7;8;9;10,7,4,0,,,,False,False
65,1;5;6;7;8;9;10,7,5,0,,,,False,False
65,1;5;6;7;8;9;10,7,6,0,,,,False,False
65,1;5;6;7;8;9;10,7,7,0,,,,False,False
65,1;5;6;7;8;9;10,7,8,0,,,,False,False
65,1;5;6;7;8;9;10,7,9,0,,,,False,False
65,1;5;6;7;8;9;10,7,10,0,,,,False,False
65,2;3;4;5;6;7;8,7,0,44,0.30962004038349733,0.04083292265609859,0.7506525013658502,True,False
65,2;3;4;5;6;7;8,7,1,44,0.30962004038349733,0.04083292265609859,0.7506525013658502,True,False
65,2;3;4;5;6;7;8,7,2,38,0.28562198039824827,0.08215908710388237,0.7506525013658502,False,False
65,2;3;4;5;6;7;8,7,3,37,0.24325395765202226,0.1468453006632507,0.7506525013658502,False,False
65,2;3;4;5;6;7;8,7,4,0,,,,False,False
65,2;3;4;5;6;7;8,7,5,0,,,,False,False
65,2;3;4;5;6;7;8,7,6,0,,,,False,False
65,2;3;4;5;6;7;8,7,7,0,,,,False,False
65,2;3;4;5;6;7;8,7,8,0,,,,False,False
65,2;3;4;5;6;7;8,7,9,0,,,,False,False
65,2;3;4;5;6;7;8,7,10,0,,,,False,False
65,2;3;4;5;6;7;9,7,0,44,0.24731413458681822,0.10554979150486209,0.7506525013658502,False,False
65,2;3;4;5;6;7;9,7,1,44,0.24731413458681822,0.10554979150486209,0.7506525013658502,False,False
65,2;3;4;5;6;7;9,7,2,40,0.28680653427986325,0.07276345737555641,0.7506525013658502,False,False
65,2;3;4;5;6;7;9,7,3,37,0.27750549653486106,0.09633140678832172,0.7506525013658502,False,False
65,2;3;4;5;6;7;9,7,4,0,,,,False,False
65,2;3;4;5;6;7;9,7,5,0,,,,False,False
65,2;3;4;5;6;7;9,7,6,0,,,,False,False
65,2;3;4;5;6;7;9,7,7,0,,,,False,False
65,2;3;4;5;6;7;9,7,8,0,,,,False,False
65,2;3;4;5;6;7;9,7,9,0,,,,False,False
65,2;3;4;5;6;7;9,7,10,0,,,,False,False
65,2;3;4;5;6;7;10,7,0,43,0.2003193701503918,0.19775447158761433,0.7506525013658502,False,False
65,2;3;4;5;6;7;10,7,1,43,0.2003193701503918,0.19775447158761433,0.7506525013658502,False,False
65,2;3;4;5;6;7;10,7,2,40,0.24451552150756153,0.1283599062695965,0.7506525013658502,False,False
65,2;3;4;5;6;7;10,7,3,36,0.17314486587129915,0.3125628255758475,0.7506525013658502,False,False
65,2;3;4;5;6;7;10,7,4,0,,,,False,False
65,2;3;4;5;6;7;10,7,5,0,,,,False,False
65,2;3;4;5;6;7;10,7,6,0,,,,False,False
65,2;3;4;5;6;7;10,7,7,0,,,,False,False
65,2;3;4;5;6;7;10,7,8,0,,,,False,False
65,2;3;4;5;6;7;10,7,9,0,,,,False,False
65,2;3;4;5;6;7;10,7,10,0,,,,False,False
65,2;3;4;5;6;8;9,7,0,44,0.3253910017826568,0.031138501837179613,0.7506525013658502,True,False
65,2;3;4;5;6;8;9,7,1,44,0.3253910017826568,0.031138501837179613,0.7506525013658502,True,False
65,2;3;4;5;6;8;9,7,2,40,0.2564235568374564,0.11022714004664738,0.7506525013658502,False,False
65,2;3;4;5;6;8;9,7,3,37,0.156224682480331,0.35582558481504145,0.7506525013658502,False,False
65,2;3;4;5;6;8;9,7,4,0,,,,False,False
65,2;3;4;5;6;8;9,7,5,0,,,,False,False
65,2;3;4;5;6;8;9,7,6,0,,,,False,False
65,2;3;4;5;6;8;9,7,7,0,,,,False,False
65,2;3;4;5;6;8;9,7,8,0,,,,False,False
65,2;3;4;5;6;8;9,7,9,0,,,,False,False
65,2;3;4;5;6;8;9,7,10,0,,,,False,False
65,2;3;4;5;6;8;10,7,0,43,0.34714952875533106,0.02256167381569721,0.7506525013658502,True,False
65,2;3;4;5;6;8;10,7,1,43,0.34714952875533106,0.02256167381569721,0.7506525013658502,True,False
65,2;3;4;5;6;8;10,7,2,40,0.2934991096425785,0.06604693797071765,0.7506525013658502,False,False
65,2;3;4;5;6;8;10,7,3,36,0.1908393451476808,0.2648887034265581,0.7506525013658502,False,False
65,2;3;4;5;6;8;10,7,4,0,,,,False,False
65,2;3;4;5;6;8;10,7,5,0,,,,False,False
65,2;3;4;5;6;8;10,7,6,0,,,,False,False
65,2;3;4;5;6;8;10,7,7,0,,,,False,False
65,2;3;4;5;6;8;10,7,8,0,,,,False,False
65,2;3;4;5;6;8;10,7,9,0,,,,False,False
65,2;3;4;5;6;8;10,7,10,0,,,,False,False
65,2;3;4;5;6;9;10,7,0,43,0.2637336336964879,0.08747722372989891,0.7506525013658502,False,False
65,2;3;4;5;6;9;10,7,1,43,0.2637336336964879,0.08747722372989891,0.7506525013658502,False,False
65,2;3;4;5;6;9;10,7,2,41,0.24605607973899232,0.12096057862046852,0.7506525013658502,False,False
65,2;3;4;5;6;9;10,7,3,37,0.232434744481771,0.16624709681882416,0.7506525013658502,False,False
65,2;3;4;5;6;9;10,7,4,0,,,,False,False
65,2;3;4;5;6;9;10,7,5,0,,,,False,False
65,2;3;4;5;6;9;10,7,6,0,,,,False,False
65,2;3;4;5;6;9;10,7,7,0,,,,False,False
65,2;3;4;5;6;9;10,7,8,0,,,,False,False
65,2;3;4;5;6;9;10,7,9,0,,,,False,False
65,2;3;4;5;6;9;10,7,10,0,,,,False,False
65,2;3;4;5;7;8;9,7,0,44,0.14045349479251387,0.3631595578988049,0.7506525013658502,False,False
65,2;3;4;5;7;8;9,7,1,44,0.14045349479251387,0.3631595578988049,0.7506525013658502,False,False
65,2;3;4;5;7;8;9,7,2,42,0.12687137663571882,0.4233342195851279,0.7506525013658502,False,False
65,2;3;4;5;7;8;9,7,3,37,0.1851155484184744,0.27269376693052594,0.7506525013658502,False,False
65,2;3;4;5;7;8;9,7,4,0,,,,False,False
65,2;3;4;5;7;8;9,7,5,0,,,,False,False
65,2;3;4;5;7;8;9,7,6,0,,,,False,False
65,2;3;4;5;7;8;9,7,7,0,,,,False,False
65,2;3;4;5;7;8;9,7,8,0,,,,False,False
65,2;3;4;5;7;8;9,7,9,0,,,,False,False
65,2;3;4;5;7;8;9,7,10,0,,,,False,False
65,2;3;4;5;7;8;10,7,0,43,0.16733057187101485,0.28349055504981857,0.7506525013658502,False,False
65,2;3;4;5;7;8;10,7,1,43,0.16733057187101485,0.28349055504981857,0.7506525013658502,False,False
65,2;3;4;5;7;8;10,7,2,42,0.1627028670722165,0.3032477456348067,0.7506525013658502,False,False
65,2;3;4;5;7;8;10,7,3,36,0.1995618938031487,0.24325186752571712,0.7506525013658502,False,False
65,2;3;4;5;7;8;10,7,4,0,,,,False,False
65,2;3;4;5;7;8;10,7,5,0,,,,False,False
65,2;3;4;5;7;8;10,7,6,0,,,,False,False
65,2;3;4;5;7;8;10,7,7,0,,,,False,False
65,2;3;4;5;7;8;10,7,8,0,,,,False,False
65,2;3;4;5;7;8;10,7,9,0,,,,False,False
65,2;3;4;5;7;8;10,7,10,0,,,,False,False
65,2;3;4;5;7;9;10,7,0,43,0.07136945789775684,0.6492596522385681,0.8029676782608526,False,False
65,2;3;4;5;7;9;10,7,1,43,0.07136945789775684,0.6492596522385681,0.8029676782608526,False,False
65,2;3;4;5;7;9;10,7,2,42,0.06522490003964519,0.6815224516065064,0.8176938320739783,False,False
65,2;3;4;5;7;9;10,7,3,38,0.13748509014171734,0.41043799128862307,0.7506525013658502,False,False
65,2;3;4;5;7;9;10,7,4,0,,,,False,False
65,2;3;4;5;7;9;10,7,5,0,,,,False,False
65,2;3;4;5;7;9;10,7,6,0,,,,False,False
65,2;3;4;5;7;9;10,7,7,0,,,,False,False
65,2;3;4;5;7;9;10,7,8,0,,,,False,False
65,2;3;4;5;7;9;10,7,9,0,,,,False,False
65,2;3;4;5;7;9;10,7,10,0,,,,False,False
65,2;3;4;5;8;9;10,7,0,43,0.13789003542878708,0.37789369648666565,0.7506525013658502,False,False
65,2;3;4;5;8;9;10,7,1,43,0.13789003542878708,0.37789369648666565,0.7506525013658502,False,False
65,2;3;4;5;8;9;10,7,2,41,0.19186667042962036,0.22945773652878504,0.7506525013658502,False,False
65,2;3;4;5;8;9;10,7,3,39,0.20417136700426924,0.212489771023232,0.7506525013658502,False,False
65,2;3;4;5;8;9;10,7,4,0,,,,False,False
65,2;3;4;5;8;9;10,7,5,0,,,,False,False
65,2;3;4;5;8;9;10,7,6,0,,,,False,False
65,2;3;4;5;8;9;10,7,7,0,,,,False,False
65,2;3;4;5;8;9;10,7,8,0,,,,False,False
65,2;3;4;5;8;9;10,7,9,0,,,,False,False
65,2;3;4;5;8;9;10,7,10,0,,,,False,False
65,2;3;4;6;7;8;9,7,0,44,0.16032632059145466,0.29851996146892124,0.7506525013658502,False,False
65,2;3;4;6;7;8;9,7,1,44,0.16032632059145466,0.29851996146892124,0.7506525013658502,False,False
65,2;3;4;6;7;8;9,7,2,42,0.1649327896264345,0.2965784797227657,0.7506525013658502,False,False
65,2;3;4;6;7;8;9,7,3,36,0.11672107289161407,0.4978137516552663,0.7558129676892907,False,False
65,2;3;4;6;7;8;9,7,4,0,,,,False,False
65,2;3;4;6;7;8;9,7,5,0,,,,False,False
65,2;3;4;6;7;8;9,7,6,0,,,,False,False
65,2;3;4;6;7;8;9,7,7,0,,,,False,False
65,2;3;4;6;7;8;9,7,8,0,,,,False,False
65,2;3;4;6;7;8;9,7,9,0,,,,False,False
65,2;3;4;6;7;8;9,7,10,0,,,,False,False
65,2;3;4;6;7;8;10,7,0,43,0.2663853651470415,0.0842240719022051,0.7506525013658502,False,False
65,2;3;4;6;7;8;10,7,1,43,0.2663853651470415,0.0842240719022051,0.7506525013658502,False,False
65,2;3;4;6;7;8;10,7,2,41,0.2421923544767339,0.1270984835253707,0.7506525013658502,False,False
65,2;3;4;6;7;8;10,7,3,36,0.2530678129065968,0.1364394466490979,0.7506525013658502,False,False
65,2;3;4;6;7;8;10,7,4,0,,,,False,False
65,2;3;4;6;7;8;10,7,5,0,,,,False,False
65,2;3;4;6;7;8;10,7,6,0,,,,False,False
65,2;3;4;6;7;8;10,7,7,0,,,,False,False
65,2;3;4;6;7;8;10,7,8,0,,,,False,False
65,2;3;4;6;7;8;10,7,9,0,,,,False,False
65,2;3;4;6;7;8;10,7,10,0,,,,False,False
65,2;3;4;6;7;9;10,7,0,43,0.16607415256038535,0.28717305905183765,0.7506525013658502,False,False
65,2;3;4;6;7;9;10,7,1,43,0.16607415256038535,0.28717305905183765,0.7506525013658502,False,False
65,2;3;4;6;7;9;10,7,2,42,0.1740415038464348,0.2703235243423003,0.7506525013658502,False,False
65,2;3;4;6;7;9;10,7,3,37,0.1984902093568389,0.238919642396592,0.7506525013658502,False,False
65,2;3;4;6;7;9;10,7,4,0,,,,False,False
65,2;3;4;6;7;9;10,7,5,0,,,,False,False
65,2;3;4;6;7;9;10,7,6,0,,,,False,False
65,2;3;4;6;7;9;10,7,7,0,,,,False,False
65,2;3;4;6;7;9;10,7,8,0,,,,False,False
65,2;3;4;6;7;9;10,7,9,0,,,,False,False
65,2;3;4;6;7;9;10,7,10,0,,,,False,False
65,2;3;4;6;8;9;10,7,0,43,0.19501590724928464,0.2101344887010615,0.7506525013658502,False,False
65,2;3;4;6;8;9;10,7,1,43,0.19501590724928464,0.2101344887010615,0.7506525013658502,False,False
65,2;3;4;6;8;9;10,7,2,42,0.20250623578393584,0.19838784287462477,0.7506525013658502,False,False
65,2;3;4;6;8;9;10,7,3,37,0.05347291725470397,0.7532748360228148,0.8562699402769205,False,False
65,2;3;4;6;8;9;10,7,4,0,,,,False,False
65,2;3;4;6;8;9;10,7,5,0,,,,False,False
65,2;3;4;6;8;9;10,7,6,0,,,,False,False
65,2;3;4;6;8;9;10,7,7,0,,,,False,False
65,2;3;4;6;8;9;10,7,8,0,,,,False,False
65,2;3;4;6;8;9;10,7,9,0,,,,False,False
65,2;3;4;6;8;9;10,7,10,0,,,,False,False
65,2;3;4;7;8;9;10,7,0,43,0.08978005054017182,0.5669579989740461,0.7703040651288825,False,False
65,2;3;4;7;8;9;10,7,1,43,0.08978005054017182,0.5669579989740461,0.7703040651288825,False,False
65,2;3;4;7;8;9;10,7,2,42,0.09482822125464625,0.5502675249746587,0.7647722637826535,False,False
65,2;3;4;7;8;9;10,7,3,39,0.09753411226683172,0.5547253696374577,0.7667025748435622,False,False
65,2;3;4;7;8;9;10,7,4,0,,,,False,False
65,2;3;4;7;8;9;10,7,5,0,,,,False,False
65,2;3;4;7;8;9;10,7,6,0,,,,False,False
65,2;3;4;7;8;9;10,7,7,0,,,,False,False
65,2;3;4;7;8;9;10,7,8,0,,,,False,False
65,2;3;4;7;8;9;10,7,9,0,,,,False,False
65,2;3;4;7;8;9;10,7,10,0,,,,False,False
65,2;3;5;6;7;8;9,7,0,44,0.11831757139369371,0.4443139665850521,0.7509923134248312,False,False
65,2;3;5;6;7;8;9,7,1,44,0.11831757139369371,0.4443139665850521,0.7509923134248312,False,False
65,2;3;5;6;7;8;9,7,2,42,0.11028050430643253,0.4868949560645063,0.753323292205753,False,False
65,2;3;5;6;7;8;9,7,3,37,0.09876910897252773,0.5608405179913154,0.7692215166831052,False,False
65,2;3;5;6;7;8;9,7,4,0,,,,False,False
65,2;3;5;6;7;8;9,7,5,0,,,,False,False
65,2;3;5;6;7;8;9,7,6,0,,,,False,False
65,2;3;5;6;7;8;9,7,7,0,,,,False,False
65,2;3;5;6;7;8;9,7,8,0,,,,False,False
65,2;3;5;6;7;8;9,7,9,0,,,,False,False
65,2;3;5;6;7;8;9,7,10,0,,,,False,False
65,2;3;5;6;7;8;10,7,0,43,0.19600083607377597,0.20779546168684224,0.7506525013658502,False,False
65,2;3;5;6;7;8;10,7,1,43,0.19600083607377597,0.20779546168684224,0.7506525013658502,False,False
65,2;3;5;6;7;8;10,7,2,42,0.20307553042268586,0.19710232381504056,0.7506525013658502,False,False
65,2;3;5;6;7;8;10,7,3,36,0.14641780603881674,0.3941537579225153,0.7506525013658502,False,False
65,2;3;5;6;7;8;10,7,4,0,,,,False,False
65,2;3;5;6;7;8;10,7,5,0,,,,False,False
65,2;3;5;6;7;8;10,7,6,0,,,,False,False
65,2;3;5;6;7;8;10,7,7,0,,,,False,False
65,2;3;5;6;7;8;10,7,8,0,,,,False,False
65,2;3;5;6;7;8;10,7,9,0,,,,False,False
65,2;3;5;6;7;8;10,7,10,0,,,,False,False
65,2;3;5;6;7;9;10,7,0,43,0.05454990412567402,0.728271376819459,0.8417255066419448,False,False
65,2;3;5;6;7;9;10,7,1,43,0.05454990412567402,0.728271376819459,0.8417255066419448,False,False
65,2;3;5;6;7;9;10,7,2,42,0.0534323682369662,0.7368171359273924,0.8488874092276766,False,False
65,2;3;5;6;7;9;10,7,3,38,0.17887183160637446,0.282598014113074,0.7506525013658502,False,False
65,2;3;5;6;7;9;10,7,4,0,,,,False,False
65,2;3;5;6;7;9;10,7,5,0,,,,False,False
65,2;3;5;6;7;9;10,7,6,0,,,,False,False
65,2;3;5;6;7;9;10,7,7,0,,,,False,False
65,2;3;5;6;7;9;10,7,8,0,,,,False,False
65,2;3;5;6;7;9;10,7,9,0,,,,False,False
65,2;3;5;6;7;9;10,7,10,0,,,,False,False
65,2;3;5;6;8;9;10,7,0,43,0.05250428272096125,0.7380935522322858,0.8492430588804891,False,False
65,2;3;5;6;8;9;10,7,1,43,0.05250428272096125,0.7380935522322858,0.8492430588804891,False,False
65,2;3;5;6;8;9;10,7,2,42,0.0609958541517879,0.7011812406144069,0.8277425842654847,False,False
65,2;3;5;6;8;9;10,7,3,38,0.07253004745943609,0.6652033861757659,0.81185344476025,False,False
65,2;3;5;6;8;9;10,7,4,0,,,,False,False
65,2;3;5;6;8;9;10,7,5,0,,,,False,False
65,2;3;5;6;8;9;10,7,6,0,,,,False,False
65,2;3;5;6;8;9;10,7,7,0,,,,False,False
65,2;3;5;6;8;9;10,7,8,0,,,,False,False
65,2;3;5;6;8;9;10,7,9,0,,,,False,False
65,2;3;5;6;8;9;10,7,10,0,,,,False,False
65,2;3;5;7;8;9;10,7,0,43,0.03129043111653246,0.8421160464602511,0.9067512986500851,False,False
65,2;3;5;7;8;9;10,7,1,43,0.03129043111653246,0.8421160464602511,0.9067512986500851,False,False
65,2;3;5;7;8;9;10,7,2,42,0.033832367102858356,0.8315588921695634,0.9010907278337185,False,False
65,2;3;5;7;8;9;10,7,3,40,0.11745391544010521,0.4704221513014667,0.7510354628300103,False,False
65,2;3;5;7;8;9;10,7,4,0,,,,False,False
65,2;3;5;7;8;9;10,7,5,0,,,,False,False
65,2;3;5;7;8;9;10,7,6,0,,,,False,False
65,2;3;5;7;8;9;10,7,7,0,,,,False,False
65,2;3;5;7;8;9;10,7,8,0,,,,False,False
65,2;3;5;7;8;9;10,7,9,0,,,,False,False
65,2;3;5;7;8;9;10,7,10,0,,,,False,False
65,2;3;6;7;8;9;10,7,0,43,0.11508514495402616,0.46241682103444975,0.7510354628300103,False,False
65,2;3;6;7;8;9;10,7,1,43,0.11508514495402616,0.46241682103444975,0.7510354628300103,False,False
65,2;3;6;7;8;9;10,7,2,41,0.099607242645585,0.5355096811873465,0.760535689565614,False,False
65,2;3;6;7;8;9;10,7,3,40,0.05533886400543418,0.7344926126716478,0.8470035891950314,False,False
65,2;3;6;7;8;9;10,7,4,0,,,,False,False
65,2;3;6;7;8;9;10,7,5,0,,,,False,False
65,2;3;6;7;8;9;10,7,6,0,,,,False,False
65,2;3;6;7;8;9;10,7,7,0,,,,False,False
65,2;3;6;7;8;9;10,7,8,0,,,,False,False
65,2;3;6;7;8;9;10,7,9,0,,,,False,False
65,2;3;6;7;8;9;10,7,10,0,,,,False,False
65,2;4;5;6;7;8;9,7,0,44,0.2747541929853557,0.0710809447576213,0.7506525013658502,False,False
65,2;4;5;6;7;8;9,7,1,44,0.2747541929853557,0.0710809447576213,0.7506525013658502,False,False
65,2;4;5;6;7;8;9,7,2,42,0.2001477294234,0.20377636616883232,0.7506525013658502,False,False
65,2;4;5;6;7;8;9,7,3,37,0.18773118237172196,0.2658549736639541,0.7506525013658502,False,False
65,2;4;5;6;7;8;9,7,4,0,,,,False,False
65,2;4;5;6;7;8;9,7,5,0,,,,False,False
65,2;4;5;6;7;8;9,7,6,0,,,,False,False
65,2;4;5;6;7;8;9,7,7,0,,,,False,False
65,2;4;5;6;7;8;9,7,8,0,,,,False,False
65,2;4;5;6;7;8;9,7,9,0,,,,False,False
65,2;4;5;6;7;8;9,7,10,0,,,,False,False
65,2;4;5;6;7;8;10,7,0,43,0.2316855650226544,0.1349351912188844,0.7506525013658502,False,False
65,2;4;5;6;7;8;10,7,1,43,0.2316855650226544,0.1349351912188844,0.7506525013658502,False,False
65,2;4;5;6;7;8;10,7,2,42,0.17981577803947071,0.2544993131672233,0.7506525013658502,False,False
65,2;4;5;6;7;8;10,7,3,36,0.14012949887111653,0.4149933300858834,0.7506525013658502,False,False
65,2;4;5;6;7;8;10,7,4,0,,,,False,False
65,2;4;5;6;7;8;10,7,5,0,,,,False,False
65,2;4;5;6;7;8;10,7,6,0,,,,False,False
65,2;4;5;6;7;8;10,7,7,0,,,,False,False
65,2;4;5;6;7;8;10,7,8,0,,,,False,False
65,2;4;5;6;7;8;10,7,9,0,,,,False,False
65,2;4;5;6;7;8;10,7,10,0,,,,False,False
65,2;4;5;6;7;9;10,7,0,43,0.13198544541512697,0.3988466071843411,0.7506525013658502,False,False
65,2;4;5;6;7;9;10,7,1,43,0.13198544541512697,0.3988466071843411,0.7506525013658502,False,False
65,2;4;5;6;7;9;10,7,2,43,0.13198544541512697,0.3988466071843411,0.7506525013658502,False,False
65,2;4;5;6;7;9;10,7,3,37,0.1826741795181927,0.27917986792946703,0.7506525013658502,False,False
65,2;4;5;6;7;9;10,7,4,0,,,,False,False
65,2;4;5;6;7;9;10,7,5,0,,,,False,False
65,2;4;5;6;7;9;10,7,6,0,,,,False,False
65,2;4;5;6;7;9;10,7,7,0,,,,False,False
65,2;4;5;6;7;9;10,7,8,0,,,,False,False
65,2;4;5;6;7;9;10,7,9,0,,,,False,False
65,2;4;5;6;7;9;10,7,10,0,,,,False,False
65,2;4;5;6;8;9;10,7,0,43,0.21456295622765117,0.16707105231252356,0.7506525013658502,False,False
65,2;4;5;6;8;9;10,7,1,43,0.21456295622765117,0.16707105231252356,0.7506525013658502,False,False
65,2;4;5;6;8;9;10,7,2,42,0.2702647438059467,0.08344558924098107,0.7506525013658502,False,False
65,2;4;5;6;8;9;10,7,3,38,0.1776492387849123,0.2859549322836823,0.7506525013658502,False,False
65,2;4;5;6;8;9;10,7,4,0,,,,False,False
65,2;4;5;6;8;9;10,7,5,0,,,,False,False
65,2;4;5;6;8;9;10,7,6,0,,,,False,False
65,2;4;5;6;8;9;10,7,7,0,,,,False,False
65,2;4;5;6;8;9;10,7,8,0,,,,False,False
65,2;4;5;6;8;9;10,7,9,0,,,,False,False
65,2;4;5;6;8;9;10,7,10,0,,,,False,False
65,2;4;5;7;8;9;10,7,0,43,0.02825988088732834,0.8572407875737534,0.9151946746725005,False,False
65,2;4;5;7;8;9;10,7,1,43,0.02825988088732834,0.8572407875737534,0.9151946746725005,False,False
65,2;4;5;7;8;9;10,7,2,42,0.07475753586935388,0.6379817591602024,0.7978853603001306,False,False
65,2;4;5;7;8;9;10,7,3,40,0.08583170743699994,0.5984663852218999,0.7798852364060523,False,False
65,2;4;5;7;8;9;10,7,4,0,,,,False,False
65,2;4;5;7;8;9;10,7,5,0,,,,False,False
65,2;4;5;7;8;9;10,7,6,0,,,,False,False
65,2;4;5;7;8;9;10,7,7,0,,,,False,False
65,2;4;5;7;8;9;10,7,8,0,,,,False,False
65,2;4;5;7;8;9;10,7,9,0,,,,False,False
65,2;4;5;7;8;9;10,7,10,0,,,,False,False
65,2;4;6;7;8;9;10,7,0,43,0.12478290568747934,0.4252954365932536,0.7506525013658502,False,False
65,2;4;6;7;8;9;10,7,1,43,0.12478290568747934,0.4252954365932536,0.7506525013658502,False,False
65,2;4;6;7;8;9;10,7,2,43,0.12478290568747934,0.4252954365932536,0.7506525013658502,False,False
65,2;4;6;7;8;9;10,7,3,38,0.07605388963226455,0.6499549949133688,0.8033548357651559,False,False
65,2;4;6;7;8;9;10,7,4,0,,,,False,False
65,2;4;6;7;8;9;10,7,5,0,,,,False,False
65,2;4;6;7;8;9;10,7,6,0,,,,False,False
65,2;4;6;7;8;9;10,7,7,0,,,,False,False
65,2;4;6;7;8;9;10,7,8,0,,,,False,False
65,2;4;6;7;8;9;10,7,9,0,,,,False,False
65,2;4;6;7;8;9;10,7,10,0,,,,False,False
65,2;5;6;7;8;9;10,7,0,43,-0.013864767298608813,0.9296839791614439,0.9617798390011367,False,False
65,2;5;6;7;8;9;10,7,1,43,-0.013864767298608813,0.9296839791614439,0.9617798390011367,False,False
65,2;5;6;7;8;9;10,7,2,43,-0.013864767298608813,0.9296839791614439,0.9617798390011367,False,False
65,2;5;6;7;8;9;10,7,3,39,-0.038698119868883336,0.8150670004533271,0.8913933743608311,False,False
65,2;5;6;7;8;9;10,7,4,0,,,,False,False
65,2;5;6;7;8;9;10,7,5,0,,,,False,False
65,2;5;6;7;8;9;10,7,6,0,,,,False,False
65,2;5;6;7;8;9;10,7,7,0,,,,False,False
65,2;5;6;7;8;9;10,7,8,0,,,,False,False
65,2;5;6;7;8;9;10,7,9,0,,,,False,False
65,2;5;6;7;8;9;10,7,10,0,,,,False,False
65,3;4;5;6;7;8;9,7,0,44,0.215347880988522,0.160358508112625,0.7506525013658502,False,False
65,3;4;5;6;7;8;9,7,1,44,0.215347880988522,0.160358508112625,0.7506525013658502,False,False
65,3;4;5;6;7;8;9,7,2,43,0.21691833795091364,0.16234921215320705,0.7506525013658502,False,False
65,3;4;5;6;7;8;9,7,3,38,0.2000781423627868,0.22843968689997646,0.7506525013658502,False,False
65,3;4;5;6;7;8;9,7,4,0,,,,False,False
65,3;4;5;6;7;8;9,7,5,0,,,,False,False
65,3;4;5;6;7;8;9,7,6,0,,,,False,False
65,3;4;5;6;7;8;9,7,7,0,,,,False,False
65,3;4;5;6;7;8;9,7,8,0,,,,False,False
65,3;4;5;6;7;8;9,7,9,0,,,,False,False
65,3;4;5;6;7;8;9,7,10,0,,,,False,False
65,3;4;5;6;7;8;10,7,0,44,0.20198146078923446,0.1885696885188441,0.7506525013658502,False,False
65,3;4;5;6;7;8;10,7,1,44,0.20198146078923446,0.1885696885188441,0.7506525013658502,False,False
65,3;4;5;6;7;8;10,7,2,42,0.17818922192875639,0.25889270624529787,0.7506525013658502,False,False
65,3;4;5;6;7;8;10,7,3,37,0.14754553345364596,0.3835007853222846,0.7506525013658502,False,False
65,3;4;5;6;7;8;10,7,4,0,,,,False,False
65,3;4;5;6;7;8;10,7,5,0,,,,False,False
65,3;4;5;6;7;8;10,7,6,0,,,,False,False
65,3;4;5;6;7;8;10,7,7,0,,,,False,False
65,3;4;5;6;7;8;10,7,8,0,,,,False,False
65,3;4;5;6;7;8;10,7,9,0,,,,False,False
65,3;4;5;6;7;8;10,7,10,0,,,,False,False
65,3;4;5;6;7;9;10,7,0,44,0.14759639659213317,0.3390172246866867,0.7506525013658502,False,False
65,3;4;5;6;7;9;10,7,1,44,0.14759639659213317,0.3390172246866867,0.7506525013658502,False,False
65,3;4;5;6;7;9;10,7,2,42,0.11459087799982554,0.4699209604696653,0.7510354628300103,False,False
65,3;4;5;6;7;9;10,7,3,39,0.15726489581428393,0.3390052167650196,0.7506525013658502,False,False
65,3;4;5;6;7;9;10,7,4,0,,,,False,False
65,3;4;5;6;7;9;10,7,5,0,,,,False,False
65,3;4;5;6;7;9;10,7,6,0,,,,False,False
65,3;4;5;6;7;9;10,7,7,0,,,,False,False
65,3;4;5;6;7;9;10,7,8,0,,,,False,False
65,3;4;5;6;7;9;10,7,9,0,,,,False,False
65,3;4;5;6;7;9;10,7,10,0,,,,False,False
65,3;4;5;6;8;9;10,7,0,44,0.1927876267897245,0.20991656099669947,0.7506525013658502,False,False
65,3;4;5;6;8;9;10,7,1,44,0.1927876267897245,0.20991656099669947,0.7506525013658502,False,False
65,3;4;5;6;8;9;10,7,2,42,0.16631536232054167,0.29249124869779203,0.7506525013658502,False,False
65,3;4;5;6;8;9;10,7,3,39,0.20427284382683594,0.21225765940570113,0.7506525013658502,False,False
65,3;4;5;6;8;9;10,7,4,0,,,,False,False
65,3;4;5;6;8;9;10,7,5,0,,,,False,False
65,3;4;5;6;8;9;10,7,6,0,,,,False,False
65,3;4;5;6;8;9;10,7,7,0,,,,False,False
65,3;4;5;6;8;9;10,7,8,0,,,,False,False
65,3;4;5;6;8;9;10,7,9,0,,,,False,False
65,3;4;5;6;8;9;10,7,10,0,,,,False,False
65,3;4;5;7;8;9;10,7,0,44,0.09172617459511102,0.5537319647742645,0.7667025748435622,False,False
65,3;4;5;7;8;9;10,7,1,44,0.09172617459511102,0.5537319647742645,0.7667025748435622,False,False
65,3;4;5;7;8;9;10,7,2,42,0.06725809517803813,0.6721436895669285,0.8143942179506196,False,False
65,3;4;5;7;8;9;10,7,3,41,0.1012629649489663,0.5287142292779128,0.760535689565614,False,False
65,3;4;5;7;8;9;10,7,4,0,,,,False,False
65,3;4;5;7;8;9;10,7,5,0,,,,False,False
65,3;4;5;7;8;9;10,7,6,0,,,,False,False
65,3;4;5;7;8;9;10,7,7,0,,,,False,False
65,3;4;5;7;8;9;10,7,8,0,,,,False,False
65,3;4;5;7;8;9;10,7,9,0,,,,False,False
65,3;4;5;7;8;9;10,7,10,0,,,,False,False
65,3;4;6;7;8;9;10,7,0,44,0.18097708619035396,0.239736725901655,0.7506525013658502,False,False
65,3;4;6;7;8;9;10,7,1,44,0.18097708619035396,0.239736725901655,0.7506525013658502,False,False
65,3;4;6;7;8;9;10,7,2,42,0.16411951157107732,0.2989998158120073,0.7506525013658502,False,False
65,3;4;6;7;8;9;10,7,3,40,0.1770278965888124,0.2744910271514781,0.7506525013658502,False,False
65,3;4;6;7;8;9;10,7,4,0,,,,False,False
65,3;4;6;7;8;9;10,7,5,0,,,,False,False
65,3;4;6;7;8;9;10,7,6,0,,,,False,False
65,3;4;6;7;8;9;10,7,7,0,,,,False,False
65,3;4;6;7;8;9;10,7,8,0,,,,False,False
65,3;4;6;7;8;9;10,7,9,0,,,,False,False
65,3;4;6;7;8;9;10,7,10,0,,,,False,False
65,3;5;6;7;8;9;10,7,0,44,0.016124570399140562,0.9172599653943145,0.9542299690799787,False,False
65,3;5;6;7;8;9;10,7,1,44,0.016124570399140562,0.9172599653943145,0.9542299690799787,False,False
65,3;5;6;7;8;9;10,7,2,42,-0.0042290458878572945,0.9787944663658609,0.9885252446861921,False,False
65,3;5;6;7;8;9;10,7,3,41,0.02457386758859472,0.8787875881422575,0.9291552760684832,False,False
65,3;5;6;7;8;9;10,7,4,0,,,,False,False
65,3;5;6;7;8;9;10,7,5,0,,,,False,False
65,3;5;6;7;8;9;10,7,6,0,,,,False,False
65,3;5;6;7;8;9;10,7,7,0,,,,False,False
65,3;5;6;7;8;9;10,7,8,0,,,,False,False
65,3;5;6;7;8;9;10,7,9,0,,,,False,False
65,3;5;6;7;8;9;10,7,10,0,,,,False,False
65,4;5;6;7;8;9;10,7,0,44,0.08373461119553696,0.5889259264372367,0.7773467911697347,False,False
65,4;5;6;7;8;9;10,7,1,44,0.08373461119553696,0.5889259264372367,0.7773467911697347,False,False
65,4;5;6;7;8;9;10,7,2,43,0.04712505606412394,0.7641157551329067,0.8641316428169085,False,False
65,4;5;6;7;8;9;10,7,3,40,0.04206883028984537,0.7966047053318763,0.8818783032715294,False,False
65,4;5;6;7;8;9;10,7,4,0,,,,False,False
65,4;5;6;7;8;9;10,7,5,0,,,,False,False
65,4;5;6;7;8;9;10,7,6,0,,,,False,False
65,4;5;6;7;8;9;10,7,7,0,,,,False,False
65,4;5;6;7;8;9;10,7,8,0,,,,False,False
65,4;5;6;7;8;9;10,7,9,0,,,,False,False
65,4;5;6;7;8;9;10,7,10,0,,,,False,False
65,1;2;3;4;5;6;7;8,8,0,39,0.20787552453049288,0.20413065195224,0.7506525013658502,False,False
65,1;2;3;4;5;6;7;8,8,1,39,0.20787552453049288,0.20413065195224,0.7506525013658502,False,False
65,1;2;3;4;5;6;7;8,8,2,37,0.1526579089077207,0.3670497423705699,0.7506525013658502,False,False
65,1;2;3;4;5;6;7;8,8,3,0,,,,False,False
65,1;2;3;4;5;6;7;8,8,4,0,,,,False,False
65,1;2;3;4;5;6;7;8,8,5,0,,,,False,False
65,1;2;3;4;5;6;7;8,8,6,0,,,,False,False
65,1;2;3;4;5;6;7;8,8,7,0,,,,False,False
65,1;2;3;4;5;6;7;8,8,8,0,,,,False,False
65,1;2;3;4;5;6;7;8,8,9,0,,,,False,False
65,1;2;3;4;5;6;7;8,8,10,0,,,,False,False
65,1;2;3;4;5;6;7;9,8,0,41,0.18527105229211333,0.24617092596361018,0.7506525013658502,False,False
65,1;2;3;4;5;6;7;9,8,1,41,0.18527105229211333,0.24617092596361018,0.7506525013658502,False,False
65,1;2;3;4;5;6;7;9,8,2,37,0.19611023082738038,0.24471291204892026,0.7506525013658502,False,False
65,1;2;3;4;5;6;7;9,8,3,0,,,,False,False
65,1;2;3;4;5;6;7;9,8,4,0,,,,False,False
65,1;2;3;4;5;6;7;9,8,5,0,,,,False,False
65,1;2;3;4;5;6;7;9,8,6,0,,,,False,False
65,1;2;3;4;5;6;7;9,8,7,0,,,,False,False
65,1;2;3;4;5;6;7;9,8,8,0,,,,False,False
65,1;2;3;4;5;6;7;9,8,9,0,,,,False,False
65,1;2;3;4;5;6;7;9,8,10,0,,,,False,False
65,1;2;3;4;5;6;7;10,8,0,40,0.15352862097739806,0.34423348747867666,0.7506525013658502,False,False
65,1;2;3;4;5;6;7;10,8,1,40,0.15352862097739806,0.34423348747867666,0.7506525013658502,False,False
65,1;2;3;4;5;6;7;10,8,2,36,0.1563597558315759,0.36247026573602953,0.7506525013658502,False,False
65,1;2;3;4;5;6;7;10,8,3,0,,,,False,False
65,1;2;3;4;5;6;7;10,8,4,0,,,,False,False
65,1;2;3;4;5;6;7;10,8,5,0,,,,False,False
65,1;2;3;4;5;6;7;10,8,6,0,,,,False,False
65,1;2;3;4;5;6;7;10,8,7,0,,,,False,False
65,1;2;3;4;5;6;7;10,8,8,0,,,,False,False
65,1;2;3;4;5;6;7;10,8,9,0,,,,False,False
65,1;2;3;4;5;6;7;10,8,10,0,,,,False,False
65,1;2;3;4;5;6;8;9,8,0,41,0.333160376049908,0.03329369721396308,0.7506525013658502,True,False
65,1;2;3;4;5;6;8;9,8,1,41,0.333160376049908,0.03329369721396308,0.7506525013658502,True,False
65,1;2;3;4;5;6;8;9,8,2,37,0.1696595296038298,0.315436661651914,0.7506525013658502,False,False
65,1;2;3;4;5;6;8;9,8,3,0,,,,False,False
65,1;2;3;4;5;6;8;9,8,4,0,,,,False,False
65,1;2;3;4;5;6;8;9,8,5,0,,,,False,False
65,1;2;3;4;5;6;8;9,8,6,0,,,,False,False
65,1;2;3;4;5;6;8;9,8,7,0,,,,False,False
65,1;2;3;4;5;6;8;9,8,8,0,,,,False,False
65,1;2;3;4;5;6;8;9,8,9,0,,,,False,False
65,1;2;3;4;5;6;8;9,8,10,0,,,,False,False
65,1;2;3;4;5;6;8;10,8,0,40,0.3204268503165059,0.04382153074250982,0.7506525013658502,True,False
65,1;2;3;4;5;6;8;10,8,1,40,0.3204268503165059,0.04382153074250982,0.7506525013658502,True,False
65,1;2;3;4;5;6;8;10,8,2,36,0.12052428633180787,0.48381271025800515,0.7526877465585478,False,False
65,1;2;3;4;5;6;8;10,8,3,0,,,,False,False
65,1;2;3;4;5;6;8;10,8,4,0,,,,False,False
65,1;2;3;4;5;6;8;10,8,5,0,,,,False,False
65,1;2;3;4;5;6;8;10,8,6,0,,,,False,False
65,1;2;3;4;5;6;8;10,8,7,0,,,,False,False
65,1;2;3;4;5;6;8;10,8,8,0,,,,False,False
65,1;2;3;4;5;6;8;10,8,9,0,,,,False,False
65,1;2;3;4;5;6;8;10,8,10,0,,,,False,False
65,1;2;3;4;5;6;9;10,8,0,41,0.23040432484443665,0.14726380792484697,0.7506525013658502,False,False
65,1;2;3;4;5;6;9;10,8,1,41,0.23040432484443665,0.14726380792484697,0.7506525013658502,False,False
65,1;2;3;4;5;6;9;10,8,2,37,0.16716278810300259,0.3227155888726313,0.7506525013658502,False,False
65,1;2;3;4;5;6;9;10,8,3,0,,,,False,False
65,1;2;3;4;5;6;9;10,8,4,0,,,,False,False
65,1;2;3;4;5;6;9;10,8,5,0,,,,False,False
65,1;2;3;4;5;6;9;10,8,6,0,,,,False,False
65,1;2;3;4;5;6;9;10,8,7,0,,,,False,False
65,1;2;3;4;5;6;9;10,8,8,0,,,,False,False
65,1;2;3;4;5;6;9;10,8,9,0,,,,False,False
65,1;2;3;4;5;6;9;10,8,10,0,,,,False,False
65,1;2;3;4;5;7;8;9,8,0,43,0.024405207833750595,0.8765510044665009,0.9276380546904089,False,False
65,1;2;3;4;5;7;8;9,8,1,43,0.024405207833750595,0.8765510044665009,0.9276380546904089,False,False
65,1;2;3;4;5;7;8;9,8,2,37,0.16157484283924645,0.33938260089368016,0.7506525013658502,False,False
65,1;2;3;4;5;7;8;9,8,3,0,,,,False,False
65,1;2;3;4;5;7;8;9,8,4,0,,,,False,False
65,1;2;3;4;5;7;8;9,8,5,0,,,,False,False
65,1;2;3;4;5;7;8;9,8,6,0,,,,False,False
65,1;2;3;4;5;7;8;9,8,7,0,,,,False,False
65,1;2;3;4;5;7;8;9,8,8,0,,,,False,False
65,1;2;3;4;5;7;8;9,8,9,0,,,,False,False
65,1;2;3;4;5;7;8;9,8,10,0,,,,False,False
65,1;2;3;4;5;7;8;10,8,0,42,0.05554689118089485,0.7267957167095093,0.8410096999454096,False,False
65,1;2;3;4;5;7;8;10,8,1,42,0.05554689118089485,0.7267957167095093,0.8410096999454096,False,False
65,1;2;3;4;5;7;8;10,8,2,36,0.1550972906474052,0.3664067905157238,0.7506525013658502,False,False
65,1;2;3;4;5;7;8;10,8,3,0,,,,False,False
65,1;2;3;4;5;7;8;10,8,4,0,,,,False,False
65,1;2;3;4;5;7;8;10,8,5,0,,,,False,False
65,1;2;3;4;5;7;8;10,8,6,0,,,,False,False
65,1;2;3;4;5;7;8;10,8,7,0,,,,False,False
65,1;2;3;4;5;7;8;10,8,8,0,,,,False,False
65,1;2;3;4;5;7;8;10,8,9,0,,,,False,False
65,1;2;3;4;5;7;8;10,8,10,0,,,,False,False
65,1;2;3;4;5;7;9;10,8,0,42,0.04611286573875165,0.7718307374009714,0.8672683775112799,False,False
65,1;2;3;4;5;7;9;10,8,1,42,0.04611286573875165,0.7718307374009714,0.8672683775112799,False,False
65,1;2;3;4;5;7;9;10,8,2,38,0.08828914734340315,0.5981232246133652,0.7796034306810741,False,False
65,1;2;3;4;5;7;9;10,8,3,0,,,,False,False
65,1;2;3;4;5;7;9;10,8,4,0,,,,False,False
65,1;2;3;4;5;7;9;10,8,5,0,,,,False,False
65,1;2;3;4;5;7;9;10,8,6,0,,,,False,False
65,1;2;3;4;5;7;9;10,8,7,0,,,,False,False
65,1;2;3;4;5;7;9;10,8,8,0,,,,False,False
65,1;2;3;4;5;7;9;10,8,9,0,,,,False,False
65,1;2;3;4;5;7;9;10,8,10,0,,,,False,False
65,1;2;3;4;5;8;9;10,8,0,41,0.12983327516321305,0.4184794323751492,0.7506525013658502,False,False
65,1;2;3;4;5;8;9;10,8,1,41,0.12983327516321305,0.4184794323751492,0.7506525013658502,False,False
65,1;2;3;4;5;8;9;10,8,2,39,0.23390407601632235,0.15180828249360678,0.7506525013658502,False,False
65,1;2;3;4;5;8;9;10,8,3,0,,,,False,False
65,1;2;3;4;5;8;9;10,8,4,0,,,,False,False
65,1;2;3;4;5;8;9;10,8,5,0,,,,False,False
65,1;2;3;4;5;8;9;10,8,6,0,,,,False,False
65,1;2;3;4;5;8;9;10,8,7,0,,,,False,False
65,1;2;3;4;5;8;9;10,8,8,0,,,,False,False
65,1;2;3;4;5;8;9;10,8,9,0,,,,False,False
65,1;2;3;4;5;8;9;10,8,10,0,,,,False,False
65,1;2;3;4;6;7;8;9,8,0,43,0.10921709468457953,0.48569615746517225,0.7528806075466162,False,False
65,1;2;3;4;6;7;8;9,8,1,43,0.10921709468457953,0.48569615746517225,0.7528806075466162,False,False
65,1;2;3;4;6;7;8;9,8,2,36,0.06287960453342482,0.7156162941538464,0.8367017310595887,False,False
65,1;2;3;4;6;7;8;9,8,3,0,,,,False,False
65,1;2;3;4;6;7;8;9,8,4,0,,,,False,False
65,1;2;3;4;6;7;8;9,8,5,0,,,,False,False
65,1;2;3;4;6;7;8;9,8,6,0,,,,False,False
65,1;2;3;4;6;7;8;9,8,7,0,,,,False,False
65,1;2;3;4;6;7;8;9,8,8,0,,,,False,False
65,1;2;3;4;6;7;8;9,8,9,0,,,,False,False
65,1;2;3;4;6;7;8;9,8,10,0,,,,False,False
65,1;2;3;4;6;7;8;10,8,0,41,0.1012629649489663,0.5287142292779128,0.760535689565614,False,False
65,1;2;3;4;6;7;8;10,8,1,41,0.1012629649489663,0.5287142292779128,0.760535689565614,False,False
65,1;2;3;4;6;7;8;10,8,2,36,0.1225313032899798,0.47650728610711146,0.7513306618470189,False,False
65,1;2;3;4;6;7;8;10,8,3,0,,,,False,False
65,1;2;3;4;6;7;8;10,8,4,0,,,,False,False
65,1;2;3;4;6;7;8;10,8,5,0,,,,False,False
65,1;2;3;4;6;7;8;10,8,6,0,,,,False,False
65,1;2;3;4;6;7;8;10,8,7,0,,,,False,False
65,1;2;3;4;6;7;8;10,8,8,0,,,,False,False
65,1;2;3;4;6;7;8;10,8,9,0,,,,False,False
65,1;2;3;4;6;7;8;10,8,10,0,,,,False,False
65,1;2;3;4;6;7;9;10,8,0,42,0.0847435733682173,0.5936262990148855,0.7783642489957592,False,False
65,1;2;3;4;6;7;9;10,8,1,42,0.0847435733682173,0.5936262990148855,0.7783642489957592,False,False
65,1;2;3;4;6;7;9;10,8,2,37,0.10222007784024255,0.5471609797383975,0.7642468984047789,False,False
65,1;2;3;4;6;7;9;10,8,3,0,,,,False,False
65,1;2;3;4;6;7;9;10,8,4,0,,,,False,False
65,1;2;3;4;6;7;9;10,8,5,0,,,,False,False
65,1;2;3;4;6;7;9;10,8,6,0,,,,False,False
65,1;2;3;4;6;7;9;10,8,7,0,,,,False,False
65,1;2;3;4;6;7;9;10,8,8,0,,,,False,False
65,1;2;3;4;6;7;9;10,8,9,0,,,,False,False
65,1;2;3;4;6;7;9;10,8,10,0,,,,False,False
65,1;2;3;4;6;8;9;10,8,0,42,0.22381412083429372,0.15419881451223194,0.7506525013658502,False,False
65,1;2;3;4;6;8;9;10,8,1,42,0.22381412083429372,0.15419881451223194,0.7506525013658502,False,False
65,1;2;3;4;6;8;9;10,8,2,37,0.07034659336618831,0.6790731783134502,0.8176296617756809,False,False
65,1;2;3;4;6;8;9;10,8,3,0,,,,False,False
65,1;2;3;4;6;8;9;10,8,4,0,,,,False,False
65,1;2;3;4;6;8;9;10,8,5,0,,,,False,False
65,1;2;3;4;6;8;9;10,8,6,0,,,,False,False
65,1;2;3;4;6;8;9;10,8,7,0,,,,False,False
65,1;2;3;4;6;8;9;10,8,8,0,,,,False,False
65,1;2;3;4;6;8;9;10,8,9,0,,,,False,False
65,1;2;3;4;6;8;9;10,8,10,0,,,,False,False
65,1;2;3;4;7;8;9;10,8,0,42,0.010247303497500367,0.9486456968784274,0.9710658971541436,False,False
65,1;2;3;4;7;8;9;10,8,1,42,0.010247303497500367,0.9486456968784274,0.9710658971541436,False,False
65,1;2;3;4;7;8;9;10,8,2,39,-0.005582077184886311,0.9730955721127172,0.985285330392026,False,False
65,1;2;3;4;7;8;9;10,8,3,0,,,,False,False
65,1;2;3;4;7;8;9;10,8,4,0,,,,False,False
65,1;2;3;4;7;8;9;10,8,5,0,,,,False,False
65,1;2;3;4;7;8;9;10,8,6,0,,,,False,False
65,1;2;3;4;7;8;9;10,8,7,0,,,,False,False
65,1;2;3;4;7;8;9;10,8,8,0,,,,False,False
65,1;2;3;4;7;8;9;10,8,9,0,,,,False,False
65,1;2;3;4;7;8;9;10,8,10,0,,,,False,False
65,1;2;3;5;6;7;8;9,8,0,43,0.006214990814806052,0.9684488220742457,0.9828483585002629,False,False
65,1;2;3;5;6;7;8;9,8,1,43,0.006214990814806052,0.9684488220742457,0.9828483585002629,False,False
65,1;2;3;5;6;7;8;9,8,2,37,0.04771856951564292,0.7791261514334032,0.8722862017385093,False,False
65,1;2;3;5;6;7;8;9,8,3,0,,,,False,False
65,1;2;3;5;6;7;8;9,8,4,0,,,,False,False
65,1;2;3;5;6;7;8;9,8,5,0,,,,False,False
65,1;2;3;5;6;7;8;9,8,6,0,,,,False,False
65,1;2;3;5;6;7;8;9,8,7,0,,,,False,False
65,1;2;3;5;6;7;8;9,8,8,0,,,,False,False
65,1;2;3;5;6;7;8;9,8,9,0,,,,False,False
65,1;2;3;5;6;7;8;9,8,10,0,,,,False,False
65,1;2;3;5;6;7;8;10,8,0,42,0.01740415038464348,0.9128883496419278,0.9509705158301446,False,False
65,1;2;3;5;6;7;8;10,8,1,42,0.01740415038464348,0.9128883496419278,0.9509705158301446,False,False
65,1;2;3;5;6;7;8;10,8,2,36,-0.0032279057768698576,0.9850932367521157,0.9915496892295997,False,False
65,1;2;3;5;6;7;8;10,8,3,0,,,,False,False
65,1;2;3;5;6;7;8;10,8,4,0,,,,False,False
65,1;2;3;5;6;7;8;10,8,5,0,,,,False,False
65,1;2;3;5;6;7;8;10,8,6,0,,,,False,False
65,1;2;3;5;6;7;8;10,8,7,0,,,,False,False
65,1;2;3;5;6;7;8;10,8,8,0,,,,False,False
65,1;2;3;5;6;7;8;10,8,9,0,,,,False,False
65,1;2;3;5;6;7;8;10,8,10,0,,,,False,False
65,1;2;3;5;6;7;9;10,8,0,42,-0.10475021353000376,0.5091306819769769,0.7558559619392049,False,False
65,1;2;3;5;6;7;9;10,8,1,42,-0.10475021353000376,0.5091306819769769,0.7558559619392049,False,False
65,1;2;3;5;6;7;9;10,8,2,38,0.07574842776692808,0.6512713599348372,0.8036882209882894,False,False
65,1;2;3;5;6;7;9;10,8,3,0,,,,False,False
65,1;2;3;5;6;7;9;10,8,4,0,,,,False,False
65,1;2;3;5;6;7;9;10,8,5,0,,,,False,False
65,1;2;3;5;6;7;9;10,8,6,0,,,,False,False
65,1;2;3;5;6;7;9;10,8,7,0,,,,False,False
65,1;2;3;5;6;7;9;10,8,8,0,,,,False,False
65,1;2;3;5;6;7;9;10,8,9,0,,,,False,False
65,1;2;3;5;6;7;9;10,8,10,0,,,,False,False
65,1;2;3;5;6;8;9;10,8,0,42,-0.03188049977000114,0.8411482824060033,0.9067512986500851,False,False
65,1;2;3;5;6;8;9;10,8,1,42,-0.03188049977000114,0.8411482824060033,0.9067512986500851,False,False
65,1;2;3;5;6;8;9;10,8,2,38,0.0564000671621031,0.7366241565998818,0.8488242719926982,False,False
65,1;2;3;5;6;8;9;10,8,3,0,,,,False,False
65,1;2;3;5;6;8;9;10,8,4,0,,,,False,False
65,1;2;3;5;6;8;9;10,8,5,0,,,,False,False
65,1;2;3;5;6;8;9;10,8,6,0,,,,False,False
65,1;2;3;5;6;8;9;10,8,7,0,,,,False,False
65,1;2;3;5;6;8;9;10,8,8,0,,,,False,False
65,1;2;3;5;6;8;9;10,8,9,0,,,,False,False
65,1;2;3;5;6;8;9;10,8,10,0,,,,False,False
65,1;2;3;5;7;8;9;10,8,0,42,-0.13020581666268324,0.4111498590216964,0.7506525013658502,False,False
65,1;2;3;5;7;8;9;10,8,1,42,-0.13020581666268324,0.4111498590216964,0.7506525013658502,False,False
65,1;2;3;5;7;8;9;10,8,2,40,-0.0694559211496776,0.670207471106279,0.8128498509389678,False,False
65,1;2;3;5;7;8;9;10,8,3,0,,,,False,False
65,1;2;3;5;7;8;9;10,8,4,0,,,,False,False
65,1;2;3;5;7;8;9;10,8,5,0,,,,False,False
65,1;2;3;5;7;8;9;10,8,6,0,,,,False,False
65,1;2;3;5;7;8;9;10,8,7,0,,,,False,False
65,1;2;3;5;7;8;9;10,8,8,0,,,,False,False
65,1;2;3;5;7;8;9;10,8,9,0,,,,False,False
65,1;2;3;5;7;8;9;10,8,10,0,,,,False,False
65,1;2;3;6;7;8;9;10,8,0,41,-0.0022737386380906146,0.9887431876331285,0.9937580827274719,False,False
65,1;2;3;6;7;8;9;10,8,1,41,-0.0022737386380906146,0.9887431876331285,0.9937580827274719,False,False
65,1;2;3;6;7;8;9;10,8,2,40,-0.049409700004851946,0.762065027518181,0.8629245095012323,False,False
65,1;2;3;6;7;8;9;10,8,3,0,,,,False,False
65,1;2;3;6;7;8;9;10,8,4,0,,,,False,False
65,1;2;3;6;7;8;9;10,8,5,0,,,,False,False
65,1;2;3;6;7;8;9;10,8,6,0,,,,False,False
65,1;2;3;6;7;8;9;10,8,7,0,,,,False,False
65,1;2;3;6;7;8;9;10,8,8,0,,,,False,False
65,1;2;3;6;7;8;9;10,8,9,0,,,,False,False
65,1;2;3;6;7;8;9;10,8,10,0,,,,False,False
65,1;2;4;5;6;7;8;9,8,0,43,0.13096956253640069,0.4025181949187406,0.7506525013658502,False,False
65,1;2;4;5;6;7;8;9,8,1,43,0.13096956253640069,0.4025181949187406,0.7506525013658502,False,False
65,1;2;4;5;6;7;8;9,8,2,37,0.09451949967417286,0.5779001312117775,0.7726120583207773,False,False
65,1;2;4;5;6;7;8;9,8,3,0,,,,False,False
65,1;2;4;5;6;7;8;9,8,4,0,,,,False,False
65,1;2;4;5;6;7;8;9,8,5,0,,,,False,False
65,1;2;4;5;6;7;8;9,8,6,0,,,,False,False
65,1;2;4;5;6;7;8;9,8,7,0,,,,False,False
65,1;2;4;5;6;7;8;9,8,8,0,,,,False,False
65,1;2;4;5;6;7;8;9,8,9,0,,,,False,False
65,1;2;4;5;6;7;8;9,8,10,0,,,,False,False
65,1;2;4;5;6;7;8;10,8,0,42,0.14663403338089812,0.35411310210469654,0.7506525013658502,False,False
65,1;2;4;5;6;7;8;10,8,1,42,0.14663403338089812,0.35411310210469654,0.7506525013658502,False,False
65,1;2;4;5;6;7;8;10,8,2,36,0.03445172762300931,0.8418917864266221,0.9067512986500851,False,False
65,1;2;4;5;6;7;8;10,8,3,0,,,,False,False
65,1;2;4;5;6;7;8;10,8,4,0,,,,False,False
65,1;2;4;5;6;7;8;10,8,5,0,,,,False,False
65,1;2;4;5;6;7;8;10,8,6,0,,,,False,False
65,1;2;4;5;6;7;8;10,8,7,0,,,,False,False
65,1;2;4;5;6;7;8;10,8,8,0,,,,False,False
65,1;2;4;5;6;7;8;10,8,9,0,,,,False,False
65,1;2;4;5;6;7;8;10,8,10,0,,,,False,False
65,1;2;4;5;6;7;9;10,8,0,43,0.003863951542235243,0.9803811457214635,0.9885592999526278,False,False
65,1;2;4;5;6;7;9;10,8,1,43,0.003863951542235243,0.9803811457214635,0.9885592999526278,False,False
65,1;2;4;5;6;7;9;10,8,2,37,0.0299877294711771,0.8601470422284286,0.917818877958874,False,False
65,1;2;4;5;6;7;9;10,8,3,0,,,,False,False
65,1;2;4;5;6;7;9;10,8,4,0,,,,False,False
65,1;2;4;5;6;7;9;10,8,5,0,,,,False,False
65,1;2;4;5;6;7;9;10,8,6,0,,,,False,False
65,1;2;4;5;6;7;9;10,8,7,0,,,,False,False
65,1;2;4;5;6;7;9;10,8,8,0,,,,False,False
65,1;2;4;5;6;7;9;10,8,9,0,,,,False,False
65,1;2;4;5;6;7;9;10,8,10,0,,,,False,False
65,1;2;4;5;6;8;9;10,8,0,42,0.14699606781267519,0.3529130484080593,0.7506525013658502,False,False
65,1;2;4;5;6;8;9;10,8,1,42,0.14699606781267519,0.3529130484080593,0.7506525013658502,False,False
65,1;2;4;5;6;8;9;10,8,2,38,0.08964757757089149,0.5924811280320658,0.7778609894210258,False,False
65,1;2;4;5;6;8;9;10,8,3,0,,,,False,False
65,1;2;4;5;6;8;9;10,8,4,0,,,,False,False
65,1;2;4;5;6;8;9;10,8,5,0,,,,False,False
65,1;2;4;5;6;8;9;10,8,6,0,,,,False,False
65,1;2;4;5;6;8;9;10,8,7,0,,,,False,False
65,1;2;4;5;6;8;9;10,8,8,0,,,,False,False
65,1;2;4;5;6;8;9;10,8,9,0,,,,False,False
65,1;2;4;5;6;8;9;10,8,10,0,,,,False,False
65,1;2;4;5;7;8;9;10,8,0,42,-0.1573158580902925,0.31975160252914125,0.7506525013658502,False,False
65,1;2;4;5;7;8;9;10,8,1,42,-0.1573158580902925,0.31975160252914125,0.7506525013658502,False,False
65,1;2;4;5;7;8;9;10,8,2,40,-0.10926602229644401,0.5021189477468287,0.7558559619392049,False,False
65,1;2;4;5;7;8;9;10,8,3,0,,,,False,False
65,1;2;4;5;7;8;9;10,8,4,0,,,,False,False
65,1;2;4;5;7;8;9;10,8,5,0,,,,False,False
65,1;2;4;5;7;8;9;10,8,6,0,,,,False,False
65,1;2;4;5;7;8;9;10,8,7,0,,,,False,False
65,1;2;4;5;7;8;9;10,8,8,0,,,,False,False
65,1;2;4;5;7;8;9;10,8,9,0,,,,False,False
65,1;2;4;5;7;8;9;10,8,10,0,,,,False,False
65,1;2;4;6;7;8;9;10,8,0,43,-0.004394297832345963,0.9776889969152809,0.9883073075613905,False,False
65,1;2;4;6;7;8;9;10,8,1,43,-0.004394297832345963,0.9776889969152809,0.9883073075613905,False,False
65,1;2;4;6;7;8;9;10,8,2,38,0.0038411055369830583,0.9817402134483885,0.9886606772481066,False,False
65,1;2;4;6;7;8;9;10,8,3,0,,,,False,False
65,1;2;4;6;7;8;9;10,8,4,0,,,,False,False
65,1;2;4;6;7;8;9;10,8,5,0,,,,False,False
65,1;2;4;6;7;8;9;10,8,6,0,,,,False,False
65,1;2;4;6;7;8;9;10,8,7,0,,,,False,False
65,1;2;4;6;7;8;9;10,8,8,0,,,,False,False
65,1;2;4;6;7;8;9;10,8,9,0,,,,False,False
65,1;2;4;6;7;8;9;10,8,10,0,,,,False,False
65,1;2;5;6;7;8;9;10,8,0,43,-0.13319268257352074,0.39450877376699883,0.7506525013658502,False,False
65,1;2;5;6;7;8;9;10,8,1,43,-0.13319268257352074,0.39450877376699883,0.7506525013658502,False,False
65,1;2;5;6;7;8;9;10,8,2,39,-0.16261335934404783,0.32262243550930425,0.7506525013658502,False,False
65,1;2;5;6;7;8;9;10,8,3,0,,,,False,False
65,1;2;5;6;7;8;9;10,8,4,0,,,,False,False
65,1;2;5;6;7;8;9;10,8,5,0,,,,False,False
65,1;2;5;6;7;8;9;10,8,6,0,,,,False,False
65,1;2;5;6;7;8;9;10,8,7,0,,,,False,False
65,1;2;5;6;7;8;9;10,8,8,0,,,,False,False
65,1;2;5;6;7;8;9;10,8,9,0,,,,False,False
65,1;2;5;6;7;8;9;10,8,10,0,,,,False,False
65,1;3;4;5;6;7;8;9,8,0,43,0.14249003331506557,0.362032269301145,0.7506525013658502,False,False
65,1;3;4;5;6;7;8;9,8,1,43,0.14249003331506557,0.362032269301145,0.7506525013658502,False,False
65,1;3;4;5;6;7;8;9,8,2,39,0.1378724764359134,0.40258816752252263,0.7506525013658502,False,False
65,1;3;4;5;6;7;8;9,8,3,0,,,,False,False
65,1;3;4;5;6;7;8;9,8,4,0,,,,False,False
65,1;3;4;5;6;7;8;9,8,5,0,,,,False,False
65,1;3;4;5;6;7;8;9,8,6,0,,,,False,False
65,1;3;4;5;6;7;8;9,8,7,0,,,,False,False
65,1;3;4;5;6;7;8;9,8,8,0,,,,False,False
65,1;3;4;5;6;7;8;9,8,9,0,,,,False,False
65,1;3;4;5;6;7;8;9,8,10,0,,,,False,False
65,1;3;4;5;6;7;8;10,8,0,43,0.08572463412024339,0.5846690984278691,0.7752442264060585,False,False
65,1;3;4;5;6;7;8;10,8,1,43,0.08572463412024339,0.5846690984278691,0.7752442264060585,False,False
65,1;3;4;5;6;7;8;10,8,2,37,0.05837965439114866,0.7314372796379687,0.8442334854729179,False,False
65,1;3;4;5;6;7;8;10,8,3,0,,,,False,False
65,1;3;4;5;6;7;8;10,8,4,0,,,,False,False
65,1;3;4;5;6;7;8;10,8,5,0,,,,False,False
65,1;3;4;5;6;7;8;10,8,6,0,,,,False,False
65,1;3;4;5;6;7;8;10,8,7,0,,,,False,False
65,1;3;4;5;6;7;8;10,8,8,0,,,,False,False
65,1;3;4;5;6;7;8;10,8,9,0,,,,False,False
65,1;3;4;5;6;7;8;10,8,10,0,,,,False,False
65,1;3;4;5;6;7;9;10,8,0,43,0.08420554628353077,0.5913665201396892,0.7773945074295122,False,False
65,1;3;4;5;6;7;9;10,8,1,43,0.08420554628353077,0.5913665201396892,0.7773945074295122,False,False
65,1;3;4;5;6;7;9;10,8,2,39,0.09179715638028338,0.5783495740378486,0.7728521717020892,False,False
65,1;3;4;5;6;7;9;10,8,3,0,,,,False,False
65,1;3;4;5;6;7;9;10,8,4,0,,,,False,False
65,1;3;4;5;6;7;9;10,8,5,0,,,,False,False
65,1;3;4;5;6;7;9;10,8,6,0,,,,False,False
65,1;3;4;5;6;7;9;10,8,7,0,,,,False,False
65,1;3;4;5;6;7;9;10,8,8,0,,,,False,False
65,1;3;4;5;6;7;9;10,8,9,0,,,,False,False
65,1;3;4;5;6;7;9;10,8,10,0,,,,False,False
65,1;3;4;5;6;8;9;10,8,0,43,0.12536564530051508,0.42311958145682166,0.7506525013658502,False,False
65,1;3;4;5;6;8;9;10,8,1,43,0.12536564530051508,0.42311958145682166,0.7506525013658502,False,False
65,1;3;4;5;6;8;9;10,8,2,39,0.19879309540823228,0.22504402910081459,0.7506525013658502,False,False
65,1;3;4;5;6;8;9;10,8,3,0,,,,False,False
65,1;3;4;5;6;8;9;10,8,4,0,,,,False,False
65,1;3;4;5;6;8;9;10,8,5,0,,,,False,False
65,1;3;4;5;6;8;9;10,8,6,0,,,,False,False
65,1;3;4;5;6;8;9;10,8,7,0,,,,False,False
65,1;3;4;5;6;8;9;10,8,8,0,,,,False,False
65,1;3;4;5;6;8;9;10,8,9,0,,,,False,False
65,1;3;4;5;6;8;9;10,8,10,0,,,,False,False
65,1;3;4;5;7;8;9;10,8,0,43,0.01614381760431328,0.9181619858606103,0.9548449431423276,False,False
65,1;3;4;5;7;8;9;10,8,1,43,0.01614381760431328,0.9181619858606103,0.9548449431423276,False,False
65,1;3;4;5;7;8;9;10,8,2,41,0.010659259468312244,0.9472634701790816,0.9710658971541436,False,False
65,1;3;4;5;7;8;9;10,8,3,0,,,,False,False
65,1;3;4;5;7;8;9;10,8,4,0,,,,False,False
65,1;3;4;5;7;8;9;10,8,5,0,,,,False,False
65,1;3;4;5;7;8;9;10,8,6,0,,,,False,False
65,1;3;4;5;7;8;9;10,8,7,0,,,,False,False
65,1;3;4;5;7;8;9;10,8,8,0,,,,False,False
65,1;3;4;5;7;8;9;10,8,9,0,,,,False,False
65,1;3;4;5;7;8;9;10,8,10,0,,,,False,False
65,1;3;4;6;7;8;9;10,8,0,43,0.08359920571623262,0.5940492261766404,0.7783642489957592,False,False
65,1;3;4;6;7;8;9;10,8,1,43,0.08359920571623262,0.5940492261766404,0.7783642489957592,False,False
65,1;3;4;6;7;8;9;10,8,2,40,0.13034749429851417,0.4227395736202102,0.7506525013658502,False,False
65,1;3;4;6;7;8;9;10,8,3,0,,,,False,False
65,1;3;4;6;7;8;9;10,8,4,0,,,,False,False
65,1;3;4;6;7;8;9;10,8,5,0,,,,False,False
65,1;3;4;6;7;8;9;10,8,6,0,,,,False,False
65,1;3;4;6;7;8;9;10,8,7,0,,,,False,False
65,1;3;4;6;7;8;9;10,8,8,0,,,,False,False
65,1;3;4;6;7;8;9;10,8,9,0,,,,False,False
65,1;3;4;6;7;8;9;10,8,10,0,,,,False,False
65,1;3;5;6;7;8;9;10,8,0,43,-0.07412513435219902,0.6366422199019842,0.7975120491167828,False,False
65,1;3;5;6;7;8;9;10,8,1,43,-0.07412513435219902,0.6366422199019842,0.7975120491167828,False,False
65,1;3;5;6;7;8;9;10,8,2,41,-0.053782663939451074,0.7384029862306788,0.8492682073771566,False,False
65,1;3;5;6;7;8;9;10,8,3,0,,,,False,False
65,1;3;5;6;7;8;9;10,8,4,0,,,,False,False
65,1;3;5;6;7;8;9;10,8,5,0,,,,False,False
65,1;3;5;6;7;8;9;10,8,6,0,,,,False,False
65,1;3;5;6;7;8;9;10,8,7,0,,,,False,False
65,1;3;5;6;7;8;9;10,8,8,0,,,,False,False
65,1;3;5;6;7;8;9;10,8,9,0,,,,False,False
65,1;3;5;6;7;8;9;10,8,10,0,,,,False,False
65,1;4;5;6;7;8;9;10,8,0,44,-0.032249140798281124,0.8353755672994017,0.9034704418873634,False,False
65,1;4;5;6;7;8;9;10,8,1,44,-0.032249140798281124,0.8353755672994017,0.9034704418873634,False,False
65,1;4;5;6;7;8;9;10,8,2,40,-0.10211338001002737,0.530669050325244,0.760535689565614,False,False
65,1;4;5;6;7;8;9;10,8,3,0,,,,False,False
65,1;4;5;6;7;8;9;10,8,4,0,,,,False,False
65,1;4;5;6;7;8;9;10,8,5,0,,,,False,False
65,1;4;5;6;7;8;9;10,8,6,0,,,,False,False
65,1;4;5;6;7;8;9;10,8,7,0,,,,False,False
65,1;4;5;6;7;8;9;10,8,8,0,,,,False,False
65,1;4;5;6;7;8;9;10,8,9,0,,,,False,False
65,1;4;5;6;7;8;9;10,8,10,0,,,,False,False
65,2;3;4;5;6;7;8;9,8,0,44,0.26619685518581176,0.08070939194506281,0.7506525013658502,False,False
65,2;3;4;5;6;7;8;9,8,1,44,0.26619685518581176,0.08070939194506281,0.7506525013658502,False,False
65,2;3;4;5;6;7;8;9,8,2,38,0.22994710763319182,0.1648844947516426,0.7506525013658502,False,False
65,2;3;4;5;6;7;8;9,8,3,0,,,,False,False
65,2;3;4;5;6;7;8;9,8,4,0,,,,False,False
65,2;3;4;5;6;7;8;9,8,5,0,,,,False,False
65,2;3;4;5;6;7;8;9,8,6,0,,,,False,False
65,2;3;4;5;6;7;8;9,8,7,0,,,,False,False
65,2;3;4;5;6;7;8;9,8,8,0,,,,False,False
65,2;3;4;5;6;7;8;9,8,9,0,,,,False,False
65,2;3;4;5;6;7;8;9,8,10,0,,,,False,False
65,2;3;4;5;6;7;8;10,8,0,43,0.30214585785165,0.04892843272439216,0.7506525013658502,True,False
65,2;3;4;5;6;7;8;10,8,1,43,0.30214585785165,0.04892843272439216,0.7506525013658502,True,False
65,2;3;4;5;6;7;8;10,8,2,37,0.27369042547163014,0.10118800328017283,0.7506525013658502,False,False
65,2;3;4;5;6;7;8;10,8,3,0,,,,False,False
65,2;3;4;5;6;7;8;10,8,4,0,,,,False,False
65,2;3;4;5;6;7;8;10,8,5,0,,,,False,False
65,2;3;4;5;6;7;8;10,8,6,0,,,,False,False
65,2;3;4;5;6;7;8;10,8,7,0,,,,False,False
65,2;3;4;5;6;7;8;10,8,8,0,,,,False,False
65,2;3;4;5;6;7;8;10,8,9,0,,,,False,False
65,2;3;4;5;6;7;8;10,8,10,0,,,,False,False
65,2;3;4;5;6;7;9;10,8,0,43,0.18987114018961432,0.22265053453516076,0.7506525013658502,False,False
65,2;3;4;5;6;7;9;10,8,1,43,0.18987114018961432,0.22265053453516076,0.7506525013658502,False,False
65,2;3;4;5;6;7;9;10,8,2,39,0.24124659684184,0.139001575269741,0.7506525013658502,False,False
65,2;3;4;5;6;7;9;10,8,3,0,,,,False,False
65,2;3;4;5;6;7;9;10,8,4,0,,,,False,False
65,2;3;4;5;6;7;9;10,8,5,0,,,,False,False
65,2;3;4;5;6;7;9;10,8,6,0,,,,False,False
65,2;3;4;5;6;7;9;10,8,7,0,,,,False,False
65,2;3;4;5;6;7;9;10,8,8,0,,,,False,False
65,2;3;4;5;6;7;9;10,8,9,0,,,,False,False
65,2;3;4;5;6;7;9;10,8,10,0,,,,False,False
65,2;3;4;5;6;8;9;10,8,0,43,0.23994381439723558,0.12119170497649662,0.7506525013658502,False,False
65,2;3;4;5;6;8;9;10,8,1,43,0.23994381439723558,0.12119170497649662,0.7506525013658502,False,False
65,2;3;4;5;6;8;9;10,8,2,39,0.23755724162872477,0.14533291836910617,0.7506525013658502,False,False
65,2;3;4;5;6;8;9;10,8,3,0,,,,False,False
65,2;3;4;5;6;8;9;10,8,4,0,,,,False,False
65,2;3;4;5;6;8;9;10,8,5,0,,,,False,False
65,2;3;4;5;6;8;9;10,8,6,0,,,,False,False
65,2;3;4;5;6;8;9;10,8,7,0,,,,False,False
65,2;3;4;5;6;8;9;10,8,8,0,,,,False,False
65,2;3;4;5;6;8;9;10,8,9,0,,,,False,False
65,2;3;4;5;6;8;9;10,8,10,0,,,,False,False
65,2;3;4;5;7;8;9;10,8,0,43,0.05447414036994391,0.7286344070247646,0.8418283171625219,False,False
65,2;3;4;5;7;8;9;10,8,1,43,0.05447414036994391,0.7286344070247646,0.8418283171625219,False,False
65,2;3;4;5;7;8;9;10,8,2,41,0.08920576981267868,0.5791416435170665,0.7729429135419033,False,False
65,2;3;4;5;7;8;9;10,8,3,0,,,,False,False
65,2;3;4;5;7;8;9;10,8,4,0,,,,False,False
65,2;3;4;5;7;8;9;10,8,5,0,,,,False,False
65,2;3;4;5;7;8;9;10,8,6,0,,,,False,False
65,2;3;4;5;7;8;9;10,8,7,0,,,,False,False
65,2;3;4;5;7;8;9;10,8,8,0,,,,False,False
65,2;3;4;5;7;8;9;10,8,9,0,,,,False,False
65,2;3;4;5;7;8;9;10,8,10,0,,,,False,False
65,2;3;4;6;7;8;9;10,8,0,43,0.18183301375224675,0.24321720890422013,0.7506525013658502,False,False
65,2;3;4;6;7;8;9;10,8,1,43,0.18183301375224675,0.24321720890422013,0.7506525013658502,False,False
65,2;3;4;6;7;8;9;10,8,2,40,0.13966475201371484,0.3900473748683671,0.7506525013658502,False,False
65,2;3;4;6;7;8;9;10,8,3,0,,,,False,False
65,2;3;4;6;7;8;9;10,8,4,0,,,,False,False
65,2;3;4;6;7;8;9;10,8,5,0,,,,False,False
65,2;3;4;6;7;8;9;10,8,6,0,,,,False,False
65,2;3;4;6;7;8;9;10,8,7,0,,,,False,False
65,2;3;4;6;7;8;9;10,8,8,0,,,,False,False
65,2;3;4;6;7;8;9;10,8,9,0,,,,False,False
65,2;3;4;6;7;8;9;10,8,10,0,,,,False,False
65,2;3;5;6;7;8;9;10,8,0,43,0.09925052000643468,0.5265915384895338,0.7595331817189964,False,False
65,2;3;5;6;7;8;9;10,8,1,43,0.09925052000643468,0.5265915384895338,0.7595331817189964,False,False
65,2;3;5;6;7;8;9;10,8,2,41,0.07905614341668907,0.6231988015951806,0.7890169493403121,False,False
65,2;3;5;6;7;8;9;10,8,3,0,,,,False,False
65,2;3;5;6;7;8;9;10,8,4,0,,,,False,False
65,2;3;5;6;7;8;9;10,8,5,0,,,,False,False
65,2;3;5;6;7;8;9;10,8,6,0,,,,False,False
65,2;3;5;6;7;8;9;10,8,7,0,,,,False,False
65,2;3;5;6;7;8;9;10,8,8,0,,,,False,False
65,2;3;5;6;7;8;9;10,8,9,0,,,,False,False
65,2;3;5;6;7;8;9;10,8,10,0,,,,False,False
65,2;4;5;6;7;8;9;10,8,0,43,0.09765948113610252,0.5332730157839487,0.760535689565614,False,False
65,2;4;5;6;7;8;9;10,8,1,43,0.09765948113610252,0.5332730157839487,0.760535689565614,False,False
65,2;4;5;6;7;8;9;10,8,2,41,0.09488488346382865,0.5551205133877944,0.7667025748435622,False,False
65,2;4;5;6;7;8;9;10,8,3,0,,,,False,False
65,2;4;5;6;7;8;9;10,8,4,0,,,,False,False
65,2;4;5;6;7;8;9;10,8,5,0,,,,False,False
65,2;4;5;6;7;8;9;10,8,6,0,,,,False,False
65,2;4;5;6;7;8;9;10,8,7,0,,,,False,False
65,2;4;5;6;7;8;9;10,8,8,0,,,,False,False
65,2;4;5;6;7;8;9;10,8,9,0,,,,False,False
65,2;4;5;6;7;8;9;10,8,10,0,,,,False,False
65,3;4;5;6;7;8;9;10,8,0,44,0.11482088820336563,0.4579848135173463,0.7510354628300103,False,False
65,3;4;5;6;7;8;9;10,8,1,44,0.11482088820336563,0.4579848135173463,0.7510354628300103,False,False
65,3;4;5;6;7;8;9;10,8,2,42,0.08682095006228,0.5845726345697497,0.7752442264060585,False,False
65,3;4;5;6;7;8;9;10,8,3,0,,,,False,False
65,3;4;5;6;7;8;9;10,8,4,0,,,,False,False
65,3;4;5;6;7;8;9;10,8,5,0,,,,False,False
65,3;4;5;6;7;8;9;10,8,6,0,,,,False,False
65,3;4;5;6;7;8;9;10,8,7,0,,,,False,False
65,3;4;5;6;7;8;9;10,8,8,0,,,,False,False
65,3;4;5;6;7;8;9;10,8,9,0,,,,False,False
65,3;4;5;6;7;8;9;10,8,10,0,,,,False,False
65,1;2;3;4;5;6;7;8;9,9,0,39,0.1627647068904446,0.32216617438711487,0.7506525013658502,False,False
65,1;2;3;4;5;6;7;8;9,9,1,39,0.1627647068904446,0.32216617438711487,0.7506525013658502,False,False
65,1;2;3;4;5;6;7;8;9,9,2,0,,,,False,False
65,1;2;3;4;5;6;7;8;9,9,3,0,,,,False,False
65,1;2;3;4;5;6;7;8;9,9,4,0,,,,False,False
65,1;2;3;4;5;6;7;8;9,9,5,0,,,,False,False
65,1;2;3;4;5;6;7;8;9,9,6,0,,,,False,False
65,1;2;3;4;5;6;7;8;9,9,7,0,,,,False,False
65,1;2;3;4;5;6;7;8;9,9,8,0,,,,False,False
65,1;2;3;4;5;6;7;8;9,9,9,0,,,,False,False
65,1;2;3;4;5;6;7;8;9,9,10,0,,,,False,False
65,1;2;3;4;5;6;7;8;10,9,0,37,0.17952760315471827,0.28768631137902095,0.7506525013658502,False,False
65,1;2;3;4;5;6;7;8;10,9,1,37,0.17952760315471827,0.28768631137902095,0.7506525013658502,False,False
65,1;2;3;4;5;6;7;8;10,9,2,0,,,,False,False
65,1;2;3;4;5;6;7;8;10,9,3,0,,,,False,False
65,1;2;3;4;5;6;7;8;10,9,4,0,,,,False,False
65,1;2;3;4;5;6;7;8;10,9,5,0,,,,False,False
65,1;2;3;4;5;6;7;8;10,9,6,0,,,,False,False
65,1;2;3;4;5;6;7;8;10,9,7,0,,,,False,False
65,1;2;3;4;5;6;7;8;10,9,8,0,,,,False,False
65,1;2;3;4;5;6;7;8;10,9,9,0,,,,False,False
65,1;2;3;4;5;6;7;8;10,9,10,0,,,,False,False
65,1;2;3;4;5;6;7;9;10,9,0,39,0.08691757331687962,0.5987928078436194,0.7799796901152151,False,False
65,1;2;3;4;5;6;7;9;10,9,1,39,0.08691757331687962,0.5987928078436194,0.7799796901152151,False,False
65,1;2;3;4;5;6;7;9;10,9,2,0,,,,False,False
65,1;2;3;4;5;6;7;9;10,9,3,0,,,,False,False
65,1;2;3;4;5;6;7;9;10,9,4,0,,,,False,False
65,1;2;3;4;5;6;7;9;10,9,5,0,,,,False,False
65,1;2;3;4;5;6;7;9;10,9,6,0,,,,False,False
65,1;2;3;4;5;6;7;9;10,9,7,0,,,,False,False
65,1;2;3;4;5;6;7;9;10,9,8,0,,,,False,False
65,1;2;3;4;5;6;7;9;10,9,9,0,,,,False,False
65,1;2;3;4;5;6;7;9;10,9,10,0,,,,False,False
65,1;2;3;4;5;6;8;9;10,9,0,39,0.24080449995086026,0.1397493354627524,0.7506525013658502,False,False
65,1;2;3;4;5;6;8;9;10,9,1,39,0.24080449995086026,0.1397493354627524,0.7506525013658502,False,False
65,1;2;3;4;5;6;8;9;10,9,2,0,,,,False,False
65,1;2;3;4;5;6;8;9;10,9,3,0,,,,False,False
65,1;2;3;4;5;6;8;9;10,9,4,0,,,,False,False
65,1;2;3;4;5;6;8;9;10,9,5,0,,,,False,False
65,1;2;3;4;5;6;8;9;10,9,6,0,,,,False,False
65,1;2;3;4;5;6;8;9;10,9,7,0,,,,False,False
65,1;2;3;4;5;6;8;9;10,9,8,0,,,,False,False
65,1;2;3;4;5;6;8;9;10,9,9,0,,,,False,False
65,1;2;3;4;5;6;8;9;10,9,10,0,,,,False,False
65,1;2;3;4;5;7;8;9;10,9,0,41,-0.018347905642176813,0.9093486452018171,0.9488922587862685,False,False
65,1;2;3;4;5;7;8;9;10,9,1,41,-0.018347905642176813,0.9093486452018171,0.9488922587862685,False,False
65,1;2;3;4;5;7;8;9;10,9,2,0,,,,False,False
65,1;2;3;4;5;7;8;9;10,9,3,0,,,,False,False
65,1;2;3;4;5;7;8;9;10,9,4,0,,,,False,False
65,1;2;3;4;5;7;8;9;10,9,5,0,,,,False,False
65,1;2;3;4;5;7;8;9;10,9,6,0,,,,False,False
65,1;2;3;4;5;7;8;9;10,9,7,0,,,,False,False
65,1;2;3;4;5;7;8;9;10,9,8,0,,,,False,False
65,1;2;3;4;5;7;8;9;10,9,9,0,,,,False,False
65,1;2;3;4;5;7;8;9;10,9,10,0,,,,False,False
65,1;2;3;4;6;7;8;9;10,9,0,40,0.03755137200368748,0.8180561977422808,0.8938275592729039,False,False
65,1;2;3;4;6;7;8;9;10,9,1,40,0.03755137200368748,0.8180561977422808,0.8938275592729039,False,False
65,1;2;3;4;6;7;8;9;10,9,2,0,,,,False,False
65,1;2;3;4;6;7;8;9;10,9,3,0,,,,False,False
65,1;2;3;4;6;7;8;9;10,9,4,0,,,,False,False
65,1;2;3;4;6;7;8;9;10,9,5,0,,,,False,False
65,1;2;3;4;6;7;8;9;10,9,6,0,,,,False,False
65,1;2;3;4;6;7;8;9;10,9,7,0,,,,False,False
65,1;2;3;4;6;7;8;9;10,9,8,0,,,,False,False
65,1;2;3;4;6;7;8;9;10,9,9,0,,,,False,False
65,1;2;3;4;6;7;8;9;10,9,10,0,,,,False,False
65,1;2;3;5;6;7;8;9;10,9,0,41,-0.07389650573794497,0.6461161964326453,0.8021967633715933,False,False
65,1;2;3;5;6;7;8;9;10,9,1,41,-0.07389650573794497,0.6461161964326453,0.8021967633715933,False,False
65,1;2;3;5;6;7;8;9;10,9,2,0,,,,False,False
65,1;2;3;5;6;7;8;9;10,9,3,0,,,,False,False
65,1;2;3;5;6;7;8;9;10,9,4,0,,,,False,False
65,1;2;3;5;6;7;8;9;10,9,5,0,,,,False,False
65,1;2;3;5;6;7;8;9;10,9,6,0,,,,False,False
65,1;2;3;5;6;7;8;9;10,9,7,0,,,,False,False
65,1;2;3;5;6;7;8;9;10,9,8,0,,,,False,False
65,1;2;3;5;6;7;8;9;10,9,9,0,,,,False,False
65,1;2;3;5;6;7;8;9;10,9,10,0,,,,False,False
65,1;2;4;5;6;7;8;9;10,9,0,41,-0.17081026443074127,0.2856255685890461,0.7506525013658502,False,False
65,1;2;4;5;6;7;8;9;10,9,1,41,-0.17081026443074127,0.2856255685890461,0.7506525013658502,False,False
65,1;2;4;5;6;7;8;9;10,9,2,0,,,,False,False
65,1;2;4;5;6;7;8;9;10,9,3,0,,,,False,False
65,1;2;4;5;6;7;8;9;10,9,4,0,,,,False,False
65,1;2;4;5;6;7;8;9;10,9,5,0,,,,False,False
65,1;2;4;5;6;7;8;9;10,9,6,0,,,,False,False
65,1;2;4;5;6;7;8;9;10,9,7,0,,,,False,False
65,1;2;4;5;6;7;8;9;10,9,8,0,,,,False,False
65,1;2;4;5;6;7;8;9;10,9,9,0,,,,False,False
65,1;2;4;5;6;7;8;9;10,9,10,0,,,,False,False
65,1;3;4;5;6;7;8;9;10,9,0,43,-0.0027285325528416814,0.9861454559212911,0.9922836258352975,False,False
65,1;3;4;5;6;7;8;9;10,9,1,43,-0.0027285325528416814,0.9861454559212911,0.9922836258352975,False,False
65,1;3;4;5;6;7;8;9;10,9,2,0,,,,False,False
65,1;3;4;5;6;7;8;9;10,9,3,0,,,,False,False
65,1;3;4;5;6;7;8;9;10,9,4,0,,,,False,False
65,1;3;4;5;6;7;8;9;10,9,5,0,,,,False,False
65,1;3;4;5;6;7;8;9;10,9,6,0,,,,False,False
65,1;3;4;5;6;7;8;9;10,9,7,0,,,,False,False
65,1;3;4;5;6;7;8;9;10,9,8,0,,,,False,False
65,1;3;4;5;6;7;8;9;10,9,9,0,,,,False,False
65,1;3;4;5;6;7;8;9;10,9,10,0,,,,False,False
65,2;3;4;5;6;7;8;9;10,9,0,43,0.1456937022689877,0.3512267123721717,0.7506525013658502,False,False
65,2;3;4;5;6;7;8;9;10,9,1,43,0.1456937022689877,0.3512267123721717,0.7506525013658502,False,False
65,2;3;4;5;6;7;8;9;10,9,2,0,,,,False,False
65,2;3;4;5;6;7;8;9;10,9,3,0,,,,False,False
65,2;3;4;5;6;7;8;9;10,9,4,0,,,,False,False
65,2;3;4;5;6;7;8;9;10,9,5,0,,,,False,False
65,2;3;4;5;6;7;8;9;10,9,6,0,,,,False,False
65,2;3;4;5;6;7;8;9;10,9,7,0,,,,False,False
65,2;3;4;5;6;7;8;9;10,9,8,0,,,,False,False
65,2;3;4;5;6;7;8;9;10,9,9,0,,,,False,False
65,2;3;4;5;6;7;8;9;10,9,10,0,,,,False,False
65,1;2;3;4;5;6;7;8;9;10,10,0,0,,,,False,False
65,1;2;3;4;5;6;7;8;9;10,10,1,0,,,,False,False
65,1;2;3;4;5;6;7;8;9;10,10,2,0,,,,False,False
65,1;2;3;4;5;6;7;8;9;10,10,3,0,,,,False,False
65,1;2;3;4;5;6;7;8;9;10,10,4,0,,,,False,False
65,1;2;3;4;5;6;7;8;9;10,10,5,0,,,,False,False
65,1;2;3;4;5;6;7;8;9;10,10,6,0,,,,False,False
65,1;2;3;4;5;6;7;8;9;10,10,7,0,,,,False,False
65,1;2;3;4;5;6;7;8;9;10,10,8,0,,,,False,False
65,1;2;3;4;5;6;7;8;9;10,10,9,0,,,,False,False
65,1;2;3;4;5;6;7;8;9;10,10,10,0,,,,False,False
